ISO-10303-21;
HEADER;
FILE_DESCRIPTION(('Open CASCADE Model'),'2;1');
FILE_NAME('Open CASCADE Shape Model','2026-08-21T21:10:32',('Author'),(
    'Open CASCADE'),'Open CASCADE STEP processor 7.9','Open CASCADE 7.9'
  ,'Unknown');
FILE_SCHEMA(('AUTOMOTIVE_DESIGN { 1 0 10303 214 1 1 1 1 }'));
ENDSEC;
DATA;
#1 = APPLICATION_PROTOCOL_DEFINITION('international standard',
  'automotive_design',2000,#2);
#2 = APPLICATION_CONTEXT(
  'core data for automotive mechanical design processes');
#3 = SHAPE_DEFINITION_REPRESENTATION(#4,#10);
#4 = PRODUCT_DEFINITION_SHAPE('','',#5);
#5 = PRODUCT_DEFINITION('design','',#6,#9);
#6 = PRODUCT_DEFINITION_FORMATION('','',#7);
#7 = PRODUCT('Bioreactor_15L','Bioreactor_15L','',(#8));
#8 = PRODUCT_CONTEXT('',#2,'mechanical');
#9 = PRODUCT_DEFINITION_CONTEXT('part definition',#2,'design');
#10 = SHAPE_REPRESENTATION('',(#11,#15,#19,#23,#27,#31,#35,#39,#43,#47,
    #51,#55,#59,#63,#67,#71,#75,#79,#83,#87),#91);
#11 = AXIS2_PLACEMENT_3D('',#12,#13,#14);
#12 = CARTESIAN_POINT('',(0.,0.,0.));
#13 = DIRECTION('',(0.,0.,1.));
#14 = DIRECTION('',(1.,0.,-0.));
#15 = AXIS2_PLACEMENT_3D('',#16,#17,#18);
#16 = CARTESIAN_POINT('',(0.,0.,0.));
#17 = DIRECTION('',(0.,0.,1.));
#18 = DIRECTION('',(1.,0.,-0.));
#19 = AXIS2_PLACEMENT_3D('',#20,#21,#22);
#20 = CARTESIAN_POINT('',(0.,0.,0.));
#21 = DIRECTION('',(0.,0.,1.));
#22 = DIRECTION('',(1.,0.,-0.));
#23 = AXIS2_PLACEMENT_3D('',#24,#25,#26);
#24 = CARTESIAN_POINT('',(0.,0.,0.));
#25 = DIRECTION('',(0.,0.,1.));
#26 = DIRECTION('',(1.,0.,-0.));
#27 = AXIS2_PLACEMENT_3D('',#28,#29,#30);
#28 = CARTESIAN_POINT('',(0.,0.,0.));
#29 = DIRECTION('',(0.,0.,1.));
#30 = DIRECTION('',(1.,0.,-0.));
#31 = AXIS2_PLACEMENT_3D('',#32,#33,#34);
#32 = CARTESIAN_POINT('',(0.,0.,0.));
#33 = DIRECTION('',(0.,0.,1.));
#34 = DIRECTION('',(1.,0.,-0.));
#35 = AXIS2_PLACEMENT_3D('',#36,#37,#38);
#36 = CARTESIAN_POINT('',(0.,0.,0.));
#37 = DIRECTION('',(0.,0.,1.));
#38 = DIRECTION('',(1.,0.,-0.));
#39 = AXIS2_PLACEMENT_3D('',#40,#41,#42);
#40 = CARTESIAN_POINT('',(0.,0.,0.));
#41 = DIRECTION('',(0.,0.,1.));
#42 = DIRECTION('',(1.,0.,-0.));
#43 = AXIS2_PLACEMENT_3D('',#44,#45,#46);
#44 = CARTESIAN_POINT('',(0.,0.,0.));
#45 = DIRECTION('',(0.,0.,1.));
#46 = DIRECTION('',(1.,0.,-0.));
#47 = AXIS2_PLACEMENT_3D('',#48,#49,#50);
#48 = CARTESIAN_POINT('',(0.,0.,0.));
#49 = DIRECTION('',(0.,0.,1.));
#50 = DIRECTION('',(1.,0.,-0.));
#51 = AXIS2_PLACEMENT_3D('',#52,#53,#54);
#52 = CARTESIAN_POINT('',(0.,0.,0.));
#53 = DIRECTION('',(0.,0.,1.));
#54 = DIRECTION('',(1.,0.,-0.));
#55 = AXIS2_PLACEMENT_3D('',#56,#57,#58);
#56 = CARTESIAN_POINT('',(0.,0.,0.));
#57 = DIRECTION('',(0.,0.,1.));
#58 = DIRECTION('',(1.,0.,-0.));
#59 = AXIS2_PLACEMENT_3D('',#60,#61,#62);
#60 = CARTESIAN_POINT('',(0.,0.,0.));
#61 = DIRECTION('',(0.,0.,1.));
#62 = DIRECTION('',(1.,0.,-0.));
#63 = AXIS2_PLACEMENT_3D('',#64,#65,#66);
#64 = CARTESIAN_POINT('',(0.,0.,0.));
#65 = DIRECTION('',(0.,0.,1.));
#66 = DIRECTION('',(1.,0.,-0.));
#67 = AXIS2_PLACEMENT_3D('',#68,#69,#70);
#68 = CARTESIAN_POINT('',(0.,0.,0.));
#69 = DIRECTION('',(0.,0.,1.));
#70 = DIRECTION('',(1.,0.,-0.));
#71 = AXIS2_PLACEMENT_3D('',#72,#73,#74);
#72 = CARTESIAN_POINT('',(0.,0.,0.));
#73 = DIRECTION('',(0.,0.,1.));
#74 = DIRECTION('',(1.,0.,-0.));
#75 = AXIS2_PLACEMENT_3D('',#76,#77,#78);
#76 = CARTESIAN_POINT('',(0.,0.,0.));
#77 = DIRECTION('',(0.,0.,1.));
#78 = DIRECTION('',(1.,0.,-0.));
#79 = AXIS2_PLACEMENT_3D('',#80,#81,#82);
#80 = CARTESIAN_POINT('',(0.,0.,0.));
#81 = DIRECTION('',(0.,0.,1.));
#82 = DIRECTION('',(1.,0.,-0.));
#83 = AXIS2_PLACEMENT_3D('',#84,#85,#86);
#84 = CARTESIAN_POINT('',(0.,0.,0.));
#85 = DIRECTION('',(0.,0.,1.));
#86 = DIRECTION('',(1.,0.,-0.));
#87 = AXIS2_PLACEMENT_3D('',#88,#89,#90);
#88 = CARTESIAN_POINT('',(0.,0.,0.));
#89 = DIRECTION('',(0.,0.,1.));
#90 = DIRECTION('',(1.,0.,-0.));
#91 = ( GEOMETRIC_REPRESENTATION_CONTEXT(3) 
GLOBAL_UNCERTAINTY_ASSIGNED_CONTEXT((#95)) GLOBAL_UNIT_ASSIGNED_CONTEXT(
(#92,#93,#94)) REPRESENTATION_CONTEXT('Context #1',
  '3D Context with UNIT and UNCERTAINTY') );
#92 = ( LENGTH_UNIT() NAMED_UNIT(*) SI_UNIT(.MILLI.,.METRE.) );
#93 = ( NAMED_UNIT(*) PLANE_ANGLE_UNIT() SI_UNIT($,.RADIAN.) );
#94 = ( NAMED_UNIT(*) SI_UNIT($,.STERADIAN.) SOLID_ANGLE_UNIT() );
#95 = UNCERTAINTY_MEASURE_WITH_UNIT(LENGTH_MEASURE(1.E-07),#92,
  'distance_accuracy_value','confusion accuracy');
#96 = PRODUCT_RELATED_PRODUCT_CATEGORY('part',$,(#7));
#97 = SHAPE_DEFINITION_REPRESENTATION(#98,#104);
#98 = PRODUCT_DEFINITION_SHAPE('','',#99);
#99 = PRODUCT_DEFINITION('design','',#100,#103);
#100 = PRODUCT_DEFINITION_FORMATION('','',#101);
#101 = PRODUCT('Vessel_Glass','Vessel_Glass','',(#102));
#102 = PRODUCT_CONTEXT('',#2,'mechanical');
#103 = PRODUCT_DEFINITION_CONTEXT('part definition',#2,'design');
#104 = ADVANCED_BREP_SHAPE_REPRESENTATION('',(#11,#105),#342);
#105 = MANIFOLD_SOLID_BREP('',#106);
#106 = CLOSED_SHELL('',(#107,#194,#223,#258,#313));
#107 = ADVANCED_FACE('',(#108),#122,.T.);
#108 = FACE_BOUND('',#109,.F.);
#109 = EDGE_LOOP('',(#110,#140,#167,#168));
#110 = ORIENTED_EDGE('',*,*,#111,.T.);
#111 = EDGE_CURVE('',#112,#114,#116,.T.);
#112 = VERTEX_POINT('',#113);
#113 = CARTESIAN_POINT('',(112.,-1.371604414604E-14,0.));
#114 = VERTEX_POINT('',#115);
#115 = CARTESIAN_POINT('',(112.,0.,381.));
#116 = SEAM_CURVE('',#117,(#121,#133),.PCURVE_S1.);
#117 = LINE('',#118,#119);
#118 = CARTESIAN_POINT('',(112.,0.,0.));
#119 = VECTOR('',#120,1.);
#120 = DIRECTION('',(0.,0.,1.));
#121 = PCURVE('',#122,#127);
#122 = CYLINDRICAL_SURFACE('',#123,112.);
#123 = AXIS2_PLACEMENT_3D('',#124,#125,#126);
#124 = CARTESIAN_POINT('',(0.,0.,0.));
#125 = DIRECTION('',(-0.,-0.,-1.));
#126 = DIRECTION('',(1.,0.,0.));
#127 = DEFINITIONAL_REPRESENTATION('',(#128),#132);
#128 = LINE('',#129,#130);
#129 = CARTESIAN_POINT('',(-0.,0.));
#130 = VECTOR('',#131,1.);
#131 = DIRECTION('',(-0.,-1.));
#132 = ( GEOMETRIC_REPRESENTATION_CONTEXT(2) 
PARAMETRIC_REPRESENTATION_CONTEXT() REPRESENTATION_CONTEXT('2D SPACE',''
  ) );
#133 = PCURVE('',#122,#134);
#134 = DEFINITIONAL_REPRESENTATION('',(#135),#139);
#135 = LINE('',#136,#137);
#136 = CARTESIAN_POINT('',(-6.28318530718,0.));
#137 = VECTOR('',#138,1.);
#138 = DIRECTION('',(-0.,-1.));
#139 = ( GEOMETRIC_REPRESENTATION_CONTEXT(2) 
PARAMETRIC_REPRESENTATION_CONTEXT() REPRESENTATION_CONTEXT('2D SPACE',''
  ) );
#140 = ORIENTED_EDGE('',*,*,#141,.T.);
#141 = EDGE_CURVE('',#114,#114,#142,.T.);
#142 = SURFACE_CURVE('',#143,(#148,#155),.PCURVE_S1.);
#143 = CIRCLE('',#144,112.);
#144 = AXIS2_PLACEMENT_3D('',#145,#146,#147);
#145 = CARTESIAN_POINT('',(0.,0.,381.));
#146 = DIRECTION('',(0.,0.,1.));
#147 = DIRECTION('',(1.,0.,0.));
#148 = PCURVE('',#122,#149);
#149 = DEFINITIONAL_REPRESENTATION('',(#150),#154);
#150 = LINE('',#151,#152);
#151 = CARTESIAN_POINT('',(-0.,-381.));
#152 = VECTOR('',#153,1.);
#153 = DIRECTION('',(-1.,0.));
#154 = ( GEOMETRIC_REPRESENTATION_CONTEXT(2) 
PARAMETRIC_REPRESENTATION_CONTEXT() REPRESENTATION_CONTEXT('2D SPACE',''
  ) );
#155 = PCURVE('',#156,#161);
#156 = PLANE('',#157);
#157 = AXIS2_PLACEMENT_3D('',#158,#159,#160);
#158 = CARTESIAN_POINT('',(-3.125577445804E-15,7.930295066401E-15,381.)
  );
#159 = DIRECTION('',(0.,0.,1.));
#160 = DIRECTION('',(1.,0.,-0.));
#161 = DEFINITIONAL_REPRESENTATION('',(#162),#166);
#162 = CIRCLE('',#163,112.);
#163 = AXIS2_PLACEMENT_2D('',#164,#165);
#164 = CARTESIAN_POINT('',(3.125577445804E-15,-7.930295066401E-15));
#165 = DIRECTION('',(1.,0.));
#166 = ( GEOMETRIC_REPRESENTATION_CONTEXT(2) 
PARAMETRIC_REPRESENTATION_CONTEXT() REPRESENTATION_CONTEXT('2D SPACE',''
  ) );
#167 = ORIENTED_EDGE('',*,*,#111,.F.);
#168 = ORIENTED_EDGE('',*,*,#169,.F.);
#169 = EDGE_CURVE('',#112,#112,#170,.T.);
#170 = SURFACE_CURVE('',#171,(#176,#183),.PCURVE_S1.);
#171 = CIRCLE('',#172,112.);
#172 = AXIS2_PLACEMENT_3D('',#173,#174,#175);
#173 = CARTESIAN_POINT('',(0.,0.,0.));
#174 = DIRECTION('',(0.,0.,1.));
#175 = DIRECTION('',(1.,0.,0.));
#176 = PCURVE('',#122,#177);
#177 = DEFINITIONAL_REPRESENTATION('',(#178),#182);
#178 = LINE('',#179,#180);
#179 = CARTESIAN_POINT('',(-0.,0.));
#180 = VECTOR('',#181,1.);
#181 = DIRECTION('',(-1.,0.));
#182 = ( GEOMETRIC_REPRESENTATION_CONTEXT(2) 
PARAMETRIC_REPRESENTATION_CONTEXT() REPRESENTATION_CONTEXT('2D SPACE',''
  ) );
#183 = PCURVE('',#184,#189);
#184 = SPHERICAL_SURFACE('',#185,112.);
#185 = AXIS2_PLACEMENT_3D('',#186,#187,#188);
#186 = CARTESIAN_POINT('',(0.,0.,0.));
#187 = DIRECTION('',(0.,0.,1.));
#188 = DIRECTION('',(1.,0.,-0.));
#189 = DEFINITIONAL_REPRESENTATION('',(#190),#193);
#190 = B_SPLINE_CURVE_WITH_KNOTS('',1,(#191,#192),.UNSPECIFIED.,.F.,.F.,
  (2,2),(0.,6.28318530718),.PIECEWISE_BEZIER_KNOTS.);
#191 = CARTESIAN_POINT('',(0.,0.));
#192 = CARTESIAN_POINT('',(6.28318530718,0.));
#193 = ( GEOMETRIC_REPRESENTATION_CONTEXT(2) 
PARAMETRIC_REPRESENTATION_CONTEXT() REPRESENTATION_CONTEXT('2D SPACE',''
  ) );
#194 = ADVANCED_FACE('',(#195),#184,.T.);
#195 = FACE_BOUND('',#196,.T.);
#196 = EDGE_LOOP('',(#197,#198,#222));
#197 = ORIENTED_EDGE('',*,*,#169,.F.);
#198 = ORIENTED_EDGE('',*,*,#199,.F.);
#199 = EDGE_CURVE('',#200,#112,#202,.T.);
#200 = VERTEX_POINT('',#201);
#201 = CARTESIAN_POINT('',(6.858022075225E-15,-1.679730956581E-30,-112.)
  );
#202 = SEAM_CURVE('',#203,(#208,#215),.PCURVE_S1.);
#203 = CIRCLE('',#204,112.);
#204 = AXIS2_PLACEMENT_3D('',#205,#206,#207);
#205 = CARTESIAN_POINT('',(0.,0.,0.));
#206 = DIRECTION('',(-2.449293598295E-16,-1.,0.));
#207 = DIRECTION('',(1.,-2.449293598295E-16,0.));
#208 = PCURVE('',#184,#209);
#209 = DEFINITIONAL_REPRESENTATION('',(#210),#214);
#210 = LINE('',#211,#212);
#211 = CARTESIAN_POINT('',(6.28318530718,-6.28318530718));
#212 = VECTOR('',#213,1.);
#213 = DIRECTION('',(0.,1.));
#214 = ( GEOMETRIC_REPRESENTATION_CONTEXT(2) 
PARAMETRIC_REPRESENTATION_CONTEXT() REPRESENTATION_CONTEXT('2D SPACE',''
  ) );
#215 = PCURVE('',#184,#216);
#216 = DEFINITIONAL_REPRESENTATION('',(#217),#221);
#217 = LINE('',#218,#219);
#218 = CARTESIAN_POINT('',(0.,-6.28318530718));
#219 = VECTOR('',#220,1.);
#220 = DIRECTION('',(0.,1.));
#221 = ( GEOMETRIC_REPRESENTATION_CONTEXT(2) 
PARAMETRIC_REPRESENTATION_CONTEXT() REPRESENTATION_CONTEXT('2D SPACE',''
  ) );
#222 = ORIENTED_EDGE('',*,*,#199,.T.);
#223 = ADVANCED_FACE('',(#224,#227),#156,.T.);
#224 = FACE_BOUND('',#225,.T.);
#225 = EDGE_LOOP('',(#226));
#226 = ORIENTED_EDGE('',*,*,#141,.T.);
#227 = FACE_BOUND('',#228,.T.);
#228 = EDGE_LOOP('',(#229));
#229 = ORIENTED_EDGE('',*,*,#230,.F.);
#230 = EDGE_CURVE('',#231,#231,#233,.T.);
#231 = VERTEX_POINT('',#232);
#232 = CARTESIAN_POINT('',(109.,0.,381.));
#233 = SURFACE_CURVE('',#234,(#239,#246),.PCURVE_S1.);
#234 = CIRCLE('',#235,109.);
#235 = AXIS2_PLACEMENT_3D('',#236,#237,#238);
#236 = CARTESIAN_POINT('',(0.,0.,381.));
#237 = DIRECTION('',(0.,0.,1.));
#238 = DIRECTION('',(1.,0.,0.));
#239 = PCURVE('',#156,#240);
#240 = DEFINITIONAL_REPRESENTATION('',(#241),#245);
#241 = CIRCLE('',#242,109.);
#242 = AXIS2_PLACEMENT_2D('',#243,#244);
#243 = CARTESIAN_POINT('',(3.125577445804E-15,-7.930295066401E-15));
#244 = DIRECTION('',(1.,0.));
#245 = ( GEOMETRIC_REPRESENTATION_CONTEXT(2) 
PARAMETRIC_REPRESENTATION_CONTEXT() REPRESENTATION_CONTEXT('2D SPACE',''
  ) );
#246 = PCURVE('',#247,#252);
#247 = CYLINDRICAL_SURFACE('',#248,109.);
#248 = AXIS2_PLACEMENT_3D('',#249,#250,#251);
#249 = CARTESIAN_POINT('',(0.,0.,0.));
#250 = DIRECTION('',(-0.,-0.,-1.));
#251 = DIRECTION('',(1.,0.,0.));
#252 = DEFINITIONAL_REPRESENTATION('',(#253),#257);
#253 = LINE('',#254,#255);
#254 = CARTESIAN_POINT('',(-0.,-381.));
#255 = VECTOR('',#256,1.);
#256 = DIRECTION('',(-1.,0.));
#257 = ( GEOMETRIC_REPRESENTATION_CONTEXT(2) 
PARAMETRIC_REPRESENTATION_CONTEXT() REPRESENTATION_CONTEXT('2D SPACE',''
  ) );
#258 = ADVANCED_FACE('',(#259),#247,.F.);
#259 = FACE_BOUND('',#260,.T.);
#260 = EDGE_LOOP('',(#261,#284,#311,#312));
#261 = ORIENTED_EDGE('',*,*,#262,.F.);
#262 = EDGE_CURVE('',#263,#231,#265,.T.);
#263 = VERTEX_POINT('',#264);
#264 = CARTESIAN_POINT('',(109.,0.,0.));
#265 = SEAM_CURVE('',#266,(#270,#277),.PCURVE_S1.);
#266 = LINE('',#267,#268);
#267 = CARTESIAN_POINT('',(109.,0.,0.));
#268 = VECTOR('',#269,1.);
#269 = DIRECTION('',(0.,0.,1.));
#270 = PCURVE('',#247,#271);
#271 = DEFINITIONAL_REPRESENTATION('',(#272),#276);
#272 = LINE('',#273,#274);
#273 = CARTESIAN_POINT('',(-6.28318530718,0.));
#274 = VECTOR('',#275,1.);
#275 = DIRECTION('',(-0.,-1.));
#276 = ( GEOMETRIC_REPRESENTATION_CONTEXT(2) 
PARAMETRIC_REPRESENTATION_CONTEXT() REPRESENTATION_CONTEXT('2D SPACE',''
  ) );
#277 = PCURVE('',#247,#278);
#278 = DEFINITIONAL_REPRESENTATION('',(#279),#283);
#279 = LINE('',#280,#281);
#280 = CARTESIAN_POINT('',(-0.,0.));
#281 = VECTOR('',#282,1.);
#282 = DIRECTION('',(-0.,-1.));
#283 = ( GEOMETRIC_REPRESENTATION_CONTEXT(2) 
PARAMETRIC_REPRESENTATION_CONTEXT() REPRESENTATION_CONTEXT('2D SPACE',''
  ) );
#284 = ORIENTED_EDGE('',*,*,#285,.F.);
#285 = EDGE_CURVE('',#263,#263,#286,.T.);
#286 = SURFACE_CURVE('',#287,(#292,#299),.PCURVE_S1.);
#287 = CIRCLE('',#288,109.);
#288 = AXIS2_PLACEMENT_3D('',#289,#290,#291);
#289 = CARTESIAN_POINT('',(0.,0.,0.));
#290 = DIRECTION('',(0.,0.,1.));
#291 = DIRECTION('',(1.,0.,0.));
#292 = PCURVE('',#247,#293);
#293 = DEFINITIONAL_REPRESENTATION('',(#294),#298);
#294 = LINE('',#295,#296);
#295 = CARTESIAN_POINT('',(-0.,0.));
#296 = VECTOR('',#297,1.);
#297 = DIRECTION('',(-1.,0.));
#298 = ( GEOMETRIC_REPRESENTATION_CONTEXT(2) 
PARAMETRIC_REPRESENTATION_CONTEXT() REPRESENTATION_CONTEXT('2D SPACE',''
  ) );
#299 = PCURVE('',#300,#305);
#300 = SPHERICAL_SURFACE('',#301,109.);
#301 = AXIS2_PLACEMENT_3D('',#302,#303,#304);
#302 = CARTESIAN_POINT('',(0.,0.,0.));
#303 = DIRECTION('',(0.,0.,1.));
#304 = DIRECTION('',(1.,0.,-0.));
#305 = DEFINITIONAL_REPRESENTATION('',(#306),#310);
#306 = LINE('',#307,#308);
#307 = CARTESIAN_POINT('',(0.,0.));
#308 = VECTOR('',#309,1.);
#309 = DIRECTION('',(1.,0.));
#310 = ( GEOMETRIC_REPRESENTATION_CONTEXT(2) 
PARAMETRIC_REPRESENTATION_CONTEXT() REPRESENTATION_CONTEXT('2D SPACE',''
  ) );
#311 = ORIENTED_EDGE('',*,*,#262,.T.);
#312 = ORIENTED_EDGE('',*,*,#230,.T.);
#313 = ADVANCED_FACE('',(#314),#300,.F.);
#314 = FACE_BOUND('',#315,.F.);
#315 = EDGE_LOOP('',(#316,#317,#341));
#316 = ORIENTED_EDGE('',*,*,#285,.F.);
#317 = ORIENTED_EDGE('',*,*,#318,.F.);
#318 = EDGE_CURVE('',#319,#263,#321,.T.);
#319 = VERTEX_POINT('',#320);
#320 = CARTESIAN_POINT('',(6.674325055353E-15,-1.634738163101E-30,-109.)
  );
#321 = SEAM_CURVE('',#322,(#327,#334),.PCURVE_S1.);
#322 = CIRCLE('',#323,109.);
#323 = AXIS2_PLACEMENT_3D('',#324,#325,#326);
#324 = CARTESIAN_POINT('',(0.,0.,0.));
#325 = DIRECTION('',(-2.449293598295E-16,-1.,0.));
#326 = DIRECTION('',(1.,-2.449293598295E-16,2.449293598295E-16));
#327 = PCURVE('',#300,#328);
#328 = DEFINITIONAL_REPRESENTATION('',(#329),#333);
#329 = LINE('',#330,#331);
#330 = CARTESIAN_POINT('',(6.28318530718,-6.28318530718));
#331 = VECTOR('',#332,1.);
#332 = DIRECTION('',(0.,1.));
#333 = ( GEOMETRIC_REPRESENTATION_CONTEXT(2) 
PARAMETRIC_REPRESENTATION_CONTEXT() REPRESENTATION_CONTEXT('2D SPACE',''
  ) );
#334 = PCURVE('',#300,#335);
#335 = DEFINITIONAL_REPRESENTATION('',(#336),#340);
#336 = LINE('',#337,#338);
#337 = CARTESIAN_POINT('',(0.,-6.28318530718));
#338 = VECTOR('',#339,1.);
#339 = DIRECTION('',(0.,1.));
#340 = ( GEOMETRIC_REPRESENTATION_CONTEXT(2) 
PARAMETRIC_REPRESENTATION_CONTEXT() REPRESENTATION_CONTEXT('2D SPACE',''
  ) );
#341 = ORIENTED_EDGE('',*,*,#318,.T.);
#342 = ( GEOMETRIC_REPRESENTATION_CONTEXT(3) 
GLOBAL_UNCERTAINTY_ASSIGNED_CONTEXT((#346)) GLOBAL_UNIT_ASSIGNED_CONTEXT
((#343,#344,#345)) REPRESENTATION_CONTEXT('Context #1',
  '3D Context with UNIT and UNCERTAINTY') );
#343 = ( LENGTH_UNIT() NAMED_UNIT(*) SI_UNIT(.MILLI.,.METRE.) );
#344 = ( NAMED_UNIT(*) PLANE_ANGLE_UNIT() SI_UNIT($,.RADIAN.) );
#345 = ( NAMED_UNIT(*) SI_UNIT($,.STERADIAN.) SOLID_ANGLE_UNIT() );
#346 = UNCERTAINTY_MEASURE_WITH_UNIT(LENGTH_MEASURE(1.E-07),#343,
  'distance_accuracy_value','confusion accuracy');
#347 = CONTEXT_DEPENDENT_SHAPE_REPRESENTATION(#348,#350);
#348 = ( REPRESENTATION_RELATIONSHIP('','',#104,#10) 
REPRESENTATION_RELATIONSHIP_WITH_TRANSFORMATION(#349) 
SHAPE_REPRESENTATION_RELATIONSHIP() );
#349 = ITEM_DEFINED_TRANSFORMATION('','',#11,#15);
#350 = PRODUCT_DEFINITION_SHAPE('Placement','Placement of an item',#351
  );
#351 = NEXT_ASSEMBLY_USAGE_OCCURRENCE('1','Vessel_Glass','',#5,#99,$);
#352 = PRODUCT_RELATED_PRODUCT_CATEGORY('part',$,(#101));
#353 = SHAPE_DEFINITION_REPRESENTATION(#354,#360);
#354 = PRODUCT_DEFINITION_SHAPE('','',#355);
#355 = PRODUCT_DEFINITION('design','',#356,#359);
#356 = PRODUCT_DEFINITION_FORMATION('','',#357);
#357 = PRODUCT('Head_Plate','Head_Plate','',(#358));
#358 = PRODUCT_CONTEXT('',#2,'mechanical');
#359 = PRODUCT_DEFINITION_CONTEXT('part definition',#2,'design');
#360 = ADVANCED_BREP_SHAPE_REPRESENTATION('',(#11,#361),#1103);
#361 = MANIFOLD_SOLID_BREP('',#362);
#362 = CLOSED_SHELL('',(#363,#451,#700,#914,#941,#968,#995,#1022,#1049,
    #1076));
#363 = ADVANCED_FACE('',(#364),#378,.T.);
#364 = FACE_BOUND('',#365,.F.);
#365 = EDGE_LOOP('',(#366,#396,#423,#424));
#366 = ORIENTED_EDGE('',*,*,#367,.T.);
#367 = EDGE_CURVE('',#368,#370,#372,.T.);
#368 = VERTEX_POINT('',#369);
#369 = CARTESIAN_POINT('',(112.,0.,381.));
#370 = VERTEX_POINT('',#371);
#371 = CARTESIAN_POINT('',(112.,0.,391.668));
#372 = SEAM_CURVE('',#373,(#377,#389),.PCURVE_S1.);
#373 = LINE('',#374,#375);
#374 = CARTESIAN_POINT('',(112.,0.,381.));
#375 = VECTOR('',#376,1.);
#376 = DIRECTION('',(0.,0.,1.));
#377 = PCURVE('',#378,#383);
#378 = CYLINDRICAL_SURFACE('',#379,112.);
#379 = AXIS2_PLACEMENT_3D('',#380,#381,#382);
#380 = CARTESIAN_POINT('',(0.,0.,381.));
#381 = DIRECTION('',(-0.,-0.,-1.));
#382 = DIRECTION('',(1.,0.,0.));
#383 = DEFINITIONAL_REPRESENTATION('',(#384),#388);
#384 = LINE('',#385,#386);
#385 = CARTESIAN_POINT('',(-0.,0.));
#386 = VECTOR('',#387,1.);
#387 = DIRECTION('',(-0.,-1.));
#388 = ( GEOMETRIC_REPRESENTATION_CONTEXT(2) 
PARAMETRIC_REPRESENTATION_CONTEXT() REPRESENTATION_CONTEXT('2D SPACE',''
  ) );
#389 = PCURVE('',#378,#390);
#390 = DEFINITIONAL_REPRESENTATION('',(#391),#395);
#391 = LINE('',#392,#393);
#392 = CARTESIAN_POINT('',(-6.28318530718,0.));
#393 = VECTOR('',#394,1.);
#394 = DIRECTION('',(-0.,-1.));
#395 = ( GEOMETRIC_REPRESENTATION_CONTEXT(2) 
PARAMETRIC_REPRESENTATION_CONTEXT() REPRESENTATION_CONTEXT('2D SPACE',''
  ) );
#396 = ORIENTED_EDGE('',*,*,#397,.T.);
#397 = EDGE_CURVE('',#370,#370,#398,.T.);
#398 = SURFACE_CURVE('',#399,(#404,#411),.PCURVE_S1.);
#399 = CIRCLE('',#400,112.);
#400 = AXIS2_PLACEMENT_3D('',#401,#402,#403);
#401 = CARTESIAN_POINT('',(0.,0.,391.668));
#402 = DIRECTION('',(0.,0.,1.));
#403 = DIRECTION('',(1.,0.,0.));
#404 = PCURVE('',#378,#405);
#405 = DEFINITIONAL_REPRESENTATION('',(#406),#410);
#406 = LINE('',#407,#408);
#407 = CARTESIAN_POINT('',(-0.,-10.668));
#408 = VECTOR('',#409,1.);
#409 = DIRECTION('',(-1.,0.));
#410 = ( GEOMETRIC_REPRESENTATION_CONTEXT(2) 
PARAMETRIC_REPRESENTATION_CONTEXT() REPRESENTATION_CONTEXT('2D SPACE',''
  ) );
#411 = PCURVE('',#412,#417);
#412 = PLANE('',#413);
#413 = AXIS2_PLACEMENT_3D('',#414,#415,#416);
#414 = CARTESIAN_POINT('',(-3.125577445804E-15,7.930295066401E-15,
    391.668));
#415 = DIRECTION('',(0.,0.,1.));
#416 = DIRECTION('',(1.,0.,-0.));
#417 = DEFINITIONAL_REPRESENTATION('',(#418),#422);
#418 = CIRCLE('',#419,112.);
#419 = AXIS2_PLACEMENT_2D('',#420,#421);
#420 = CARTESIAN_POINT('',(3.125577445804E-15,-7.930295066401E-15));
#421 = DIRECTION('',(1.,0.));
#422 = ( GEOMETRIC_REPRESENTATION_CONTEXT(2) 
PARAMETRIC_REPRESENTATION_CONTEXT() REPRESENTATION_CONTEXT('2D SPACE',''
  ) );
#423 = ORIENTED_EDGE('',*,*,#367,.F.);
#424 = ORIENTED_EDGE('',*,*,#425,.F.);
#425 = EDGE_CURVE('',#368,#368,#426,.T.);
#426 = SURFACE_CURVE('',#427,(#432,#439),.PCURVE_S1.);
#427 = CIRCLE('',#428,112.);
#428 = AXIS2_PLACEMENT_3D('',#429,#430,#431);
#429 = CARTESIAN_POINT('',(0.,0.,381.));
#430 = DIRECTION('',(0.,0.,1.));
#431 = DIRECTION('',(1.,0.,0.));
#432 = PCURVE('',#378,#433);
#433 = DEFINITIONAL_REPRESENTATION('',(#434),#438);
#434 = LINE('',#435,#436);
#435 = CARTESIAN_POINT('',(-0.,0.));
#436 = VECTOR('',#437,1.);
#437 = DIRECTION('',(-1.,0.));
#438 = ( GEOMETRIC_REPRESENTATION_CONTEXT(2) 
PARAMETRIC_REPRESENTATION_CONTEXT() REPRESENTATION_CONTEXT('2D SPACE',''
  ) );
#439 = PCURVE('',#440,#445);
#440 = PLANE('',#441);
#441 = AXIS2_PLACEMENT_3D('',#442,#443,#444);
#442 = CARTESIAN_POINT('',(-3.125577445804E-15,7.930295066401E-15,381.)
  );
#443 = DIRECTION('',(0.,0.,1.));
#444 = DIRECTION('',(1.,0.,-0.));
#445 = DEFINITIONAL_REPRESENTATION('',(#446),#450);
#446 = CIRCLE('',#447,112.);
#447 = AXIS2_PLACEMENT_2D('',#448,#449);
#448 = CARTESIAN_POINT('',(3.125577445804E-15,-7.930295066401E-15));
#449 = DIRECTION('',(1.,0.));
#450 = ( GEOMETRIC_REPRESENTATION_CONTEXT(2) 
PARAMETRIC_REPRESENTATION_CONTEXT() REPRESENTATION_CONTEXT('2D SPACE',''
  ) );
#451 = ADVANCED_FACE('',(#452,#455,#490,#525,#560,#595,#630,#665),#440,
  .F.);
#452 = FACE_BOUND('',#453,.F.);
#453 = EDGE_LOOP('',(#454));
#454 = ORIENTED_EDGE('',*,*,#425,.T.);
#455 = FACE_BOUND('',#456,.F.);
#456 = EDGE_LOOP('',(#457));
#457 = ORIENTED_EDGE('',*,*,#458,.T.);
#458 = EDGE_CURVE('',#459,#459,#461,.T.);
#459 = VERTEX_POINT('',#460);
#460 = CARTESIAN_POINT('',(-52.88506544041,-21.06844082886,381.));
#461 = SURFACE_CURVE('',#462,(#467,#478),.PCURVE_S1.);
#462 = CIRCLE('',#463,5.);
#463 = AXIS2_PLACEMENT_3D('',#464,#465,#466);
#464 = CARTESIAN_POINT('',(-57.88506544041,-21.06844082886,381.));
#465 = DIRECTION('',(0.,0.,-1.));
#466 = DIRECTION('',(1.,0.,0.));
#467 = PCURVE('',#440,#468);
#468 = DEFINITIONAL_REPRESENTATION('',(#469),#477);
#469 = ( BOUNDED_CURVE() B_SPLINE_CURVE(2,(#470,#471,#472,#473,#474,#475
,#476),.UNSPECIFIED.,.T.,.F.) B_SPLINE_CURVE_WITH_KNOTS((1,2,2,2,2,1),(
    -2.094395102393,0.,2.094395102393,4.188790204786,6.28318530718,
8.377580409573),.UNSPECIFIED.) CURVE() GEOMETRIC_REPRESENTATION_ITEM() 
RATIONAL_B_SPLINE_CURVE((1.,0.5,1.,0.5,1.,0.5,1.)) REPRESENTATION_ITEM(
  '') );
#470 = CARTESIAN_POINT('',(-52.88506544041,-21.06844082886));
#471 = CARTESIAN_POINT('',(-52.88506544041,-29.7286948667));
#472 = CARTESIAN_POINT('',(-60.38506544041,-25.39856784778));
#473 = CARTESIAN_POINT('',(-67.88506544041,-21.06844082886));
#474 = CARTESIAN_POINT('',(-60.38506544041,-16.73831380993));
#475 = CARTESIAN_POINT('',(-52.88506544041,-12.40818679101));
#476 = CARTESIAN_POINT('',(-52.88506544041,-21.06844082886));
#477 = ( GEOMETRIC_REPRESENTATION_CONTEXT(2) 
PARAMETRIC_REPRESENTATION_CONTEXT() REPRESENTATION_CONTEXT('2D SPACE',''
  ) );
#478 = PCURVE('',#479,#484);
#479 = CYLINDRICAL_SURFACE('',#480,5.);
#480 = AXIS2_PLACEMENT_3D('',#481,#482,#483);
#481 = CARTESIAN_POINT('',(-57.88506544041,-21.06844082886,376.));
#482 = DIRECTION('',(-0.,-0.,-1.));
#483 = DIRECTION('',(1.,0.,0.));
#484 = DEFINITIONAL_REPRESENTATION('',(#485),#489);
#485 = LINE('',#486,#487);
#486 = CARTESIAN_POINT('',(-6.28318530718,-5.));
#487 = VECTOR('',#488,1.);
#488 = DIRECTION('',(1.,-0.));
#489 = ( GEOMETRIC_REPRESENTATION_CONTEXT(2) 
PARAMETRIC_REPRESENTATION_CONTEXT() REPRESENTATION_CONTEXT('2D SPACE',''
  ) );
#490 = FACE_BOUND('',#491,.F.);
#491 = EDGE_LOOP('',(#492));
#492 = ORIENTED_EDGE('',*,*,#493,.T.);
#493 = EDGE_CURVE('',#494,#494,#496,.T.);
#494 = VERTEX_POINT('',#495);
#495 = CARTESIAN_POINT('',(35.8,-53.34716487312,381.));
#496 = SURFACE_CURVE('',#497,(#502,#513),.PCURVE_S1.);
#497 = CIRCLE('',#498,5.);
#498 = AXIS2_PLACEMENT_3D('',#499,#500,#501);
#499 = CARTESIAN_POINT('',(30.8,-53.34716487312,381.));
#500 = DIRECTION('',(0.,0.,-1.));
#501 = DIRECTION('',(1.,0.,0.));
#502 = PCURVE('',#440,#503);
#503 = DEFINITIONAL_REPRESENTATION('',(#504),#512);
#504 = ( BOUNDED_CURVE() B_SPLINE_CURVE(2,(#505,#506,#507,#508,#509,#510
,#511),.UNSPECIFIED.,.T.,.F.) B_SPLINE_CURVE_WITH_KNOTS((1,2,2,2,2,1),(
    -2.094395102393,0.,2.094395102393,4.188790204786,6.28318530718,
8.377580409573),.UNSPECIFIED.) CURVE() GEOMETRIC_REPRESENTATION_ITEM() 
RATIONAL_B_SPLINE_CURVE((1.,0.5,1.,0.5,1.,0.5,1.)) REPRESENTATION_ITEM(
  '') );
#505 = CARTESIAN_POINT('',(35.8,-53.34716487312));
#506 = CARTESIAN_POINT('',(35.8,-62.00741891096));
#507 = CARTESIAN_POINT('',(28.3,-57.67729189204));
#508 = CARTESIAN_POINT('',(20.8,-53.34716487312));
#509 = CARTESIAN_POINT('',(28.3,-49.01703785419));
#510 = CARTESIAN_POINT('',(35.8,-44.68691083527));
#511 = CARTESIAN_POINT('',(35.8,-53.34716487312));
#512 = ( GEOMETRIC_REPRESENTATION_CONTEXT(2) 
PARAMETRIC_REPRESENTATION_CONTEXT() REPRESENTATION_CONTEXT('2D SPACE',''
  ) );
#513 = PCURVE('',#514,#519);
#514 = CYLINDRICAL_SURFACE('',#515,5.);
#515 = AXIS2_PLACEMENT_3D('',#516,#517,#518);
#516 = CARTESIAN_POINT('',(30.8,-53.34716487312,376.));
#517 = DIRECTION('',(-0.,-0.,-1.));
#518 = DIRECTION('',(1.,0.,0.));
#519 = DEFINITIONAL_REPRESENTATION('',(#520),#524);
#520 = LINE('',#521,#522);
#521 = CARTESIAN_POINT('',(-6.28318530718,-5.));
#522 = VECTOR('',#523,1.);
#523 = DIRECTION('',(1.,-0.));
#524 = ( GEOMETRIC_REPRESENTATION_CONTEXT(2) 
PARAMETRIC_REPRESENTATION_CONTEXT() REPRESENTATION_CONTEXT('2D SPACE',''
  ) );
#525 = FACE_BOUND('',#526,.F.);
#526 = EDGE_LOOP('',(#527));
#527 = ORIENTED_EDGE('',*,*,#528,.T.);
#528 = EDGE_CURVE('',#529,#529,#531,.T.);
#529 = VERTEX_POINT('',#530);
#530 = CARTESIAN_POINT('',(62.885065440412,-21.06844082886,381.));
#531 = SURFACE_CURVE('',#532,(#537,#548),.PCURVE_S1.);
#532 = CIRCLE('',#533,5.);
#533 = AXIS2_PLACEMENT_3D('',#534,#535,#536);
#534 = CARTESIAN_POINT('',(57.885065440412,-21.06844082886,381.));
#535 = DIRECTION('',(0.,0.,-1.));
#536 = DIRECTION('',(1.,0.,0.));
#537 = PCURVE('',#440,#538);
#538 = DEFINITIONAL_REPRESENTATION('',(#539),#547);
#539 = ( BOUNDED_CURVE() B_SPLINE_CURVE(2,(#540,#541,#542,#543,#544,#545
,#546),.UNSPECIFIED.,.T.,.F.) B_SPLINE_CURVE_WITH_KNOTS((1,2,2,2,2,1),(
    -2.094395102393,0.,2.094395102393,4.188790204786,6.28318530718,
8.377580409573),.UNSPECIFIED.) CURVE() GEOMETRIC_REPRESENTATION_ITEM() 
RATIONAL_B_SPLINE_CURVE((1.,0.5,1.,0.5,1.,0.5,1.)) REPRESENTATION_ITEM(
  '') );
#540 = CARTESIAN_POINT('',(62.885065440412,-21.06844082886));
#541 = CARTESIAN_POINT('',(62.885065440412,-29.7286948667));
#542 = CARTESIAN_POINT('',(55.385065440412,-25.39856784778));
#543 = CARTESIAN_POINT('',(47.885065440412,-21.06844082886));
#544 = CARTESIAN_POINT('',(55.385065440412,-16.73831380993));
#545 = CARTESIAN_POINT('',(62.885065440412,-12.40818679101));
#546 = CARTESIAN_POINT('',(62.885065440412,-21.06844082886));
#547 = ( GEOMETRIC_REPRESENTATION_CONTEXT(2) 
PARAMETRIC_REPRESENTATION_CONTEXT() REPRESENTATION_CONTEXT('2D SPACE',''
  ) );
#548 = PCURVE('',#549,#554);
#549 = CYLINDRICAL_SURFACE('',#550,5.);
#550 = AXIS2_PLACEMENT_3D('',#551,#552,#553);
#551 = CARTESIAN_POINT('',(57.885065440412,-21.06844082886,376.));
#552 = DIRECTION('',(-0.,-0.,-1.));
#553 = DIRECTION('',(1.,0.,0.));
#554 = DEFINITIONAL_REPRESENTATION('',(#555),#559);
#555 = LINE('',#556,#557);
#556 = CARTESIAN_POINT('',(-6.28318530718,-5.));
#557 = VECTOR('',#558,1.);
#558 = DIRECTION('',(1.,-0.));
#559 = ( GEOMETRIC_REPRESENTATION_CONTEXT(2) 
PARAMETRIC_REPRESENTATION_CONTEXT() REPRESENTATION_CONTEXT('2D SPACE',''
  ) );
#560 = FACE_BOUND('',#561,.F.);
#561 = EDGE_LOOP('',(#562));
#562 = ORIENTED_EDGE('',*,*,#563,.T.);
#563 = EDGE_CURVE('',#564,#564,#566,.T.);
#564 = VERTEX_POINT('',#565);
#565 = CARTESIAN_POINT('',(-52.88506544041,21.068440828861,381.));
#566 = SURFACE_CURVE('',#567,(#572,#583),.PCURVE_S1.);
#567 = CIRCLE('',#568,5.);
#568 = AXIS2_PLACEMENT_3D('',#569,#570,#571);
#569 = CARTESIAN_POINT('',(-57.88506544041,21.068440828861,381.));
#570 = DIRECTION('',(0.,0.,-1.));
#571 = DIRECTION('',(1.,0.,0.));
#572 = PCURVE('',#440,#573);
#573 = DEFINITIONAL_REPRESENTATION('',(#574),#582);
#574 = ( BOUNDED_CURVE() B_SPLINE_CURVE(2,(#575,#576,#577,#578,#579,#580
,#581),.UNSPECIFIED.,.T.,.F.) B_SPLINE_CURVE_WITH_KNOTS((1,2,2,2,2,1),(
    -2.094395102393,0.,2.094395102393,4.188790204786,6.28318530718,
8.377580409573),.UNSPECIFIED.) CURVE() GEOMETRIC_REPRESENTATION_ITEM() 
RATIONAL_B_SPLINE_CURVE((1.,0.5,1.,0.5,1.,0.5,1.)) REPRESENTATION_ITEM(
  '') );
#575 = CARTESIAN_POINT('',(-52.88506544041,21.068440828861));
#576 = CARTESIAN_POINT('',(-52.88506544041,12.408186791017));
#577 = CARTESIAN_POINT('',(-60.38506544041,16.738313809939));
#578 = CARTESIAN_POINT('',(-67.88506544041,21.068440828861));
#579 = CARTESIAN_POINT('',(-60.38506544041,25.398567847783));
#580 = CARTESIAN_POINT('',(-52.88506544041,29.728694866706));
#581 = CARTESIAN_POINT('',(-52.88506544041,21.068440828861));
#582 = ( GEOMETRIC_REPRESENTATION_CONTEXT(2) 
PARAMETRIC_REPRESENTATION_CONTEXT() REPRESENTATION_CONTEXT('2D SPACE',''
  ) );
#583 = PCURVE('',#584,#589);
#584 = CYLINDRICAL_SURFACE('',#585,5.);
#585 = AXIS2_PLACEMENT_3D('',#586,#587,#588);
#586 = CARTESIAN_POINT('',(-57.88506544041,21.068440828861,376.));
#587 = DIRECTION('',(-0.,-0.,-1.));
#588 = DIRECTION('',(1.,0.,0.));
#589 = DEFINITIONAL_REPRESENTATION('',(#590),#594);
#590 = LINE('',#591,#592);
#591 = CARTESIAN_POINT('',(-6.28318530718,-5.));
#592 = VECTOR('',#593,1.);
#593 = DIRECTION('',(1.,-0.));
#594 = ( GEOMETRIC_REPRESENTATION_CONTEXT(2) 
PARAMETRIC_REPRESENTATION_CONTEXT() REPRESENTATION_CONTEXT('2D SPACE',''
  ) );
#595 = FACE_BOUND('',#596,.F.);
#596 = EDGE_LOOP('',(#597));
#597 = ORIENTED_EDGE('',*,*,#598,.T.);
#598 = EDGE_CURVE('',#599,#599,#601,.T.);
#599 = VERTEX_POINT('',#600);
#600 = CARTESIAN_POINT('',(-25.8,53.347164873121,381.));
#601 = SURFACE_CURVE('',#602,(#607,#618),.PCURVE_S1.);
#602 = CIRCLE('',#603,5.);
#603 = AXIS2_PLACEMENT_3D('',#604,#605,#606);
#604 = CARTESIAN_POINT('',(-30.8,53.347164873121,381.));
#605 = DIRECTION('',(0.,0.,-1.));
#606 = DIRECTION('',(1.,0.,0.));
#607 = PCURVE('',#440,#608);
#608 = DEFINITIONAL_REPRESENTATION('',(#609),#617);
#609 = ( BOUNDED_CURVE() B_SPLINE_CURVE(2,(#610,#611,#612,#613,#614,#615
,#616),.UNSPECIFIED.,.T.,.F.) B_SPLINE_CURVE_WITH_KNOTS((1,2,2,2,2,1),(
    -2.094395102393,0.,2.094395102393,4.188790204786,6.28318530718,
8.377580409573),.UNSPECIFIED.) CURVE() GEOMETRIC_REPRESENTATION_ITEM() 
RATIONAL_B_SPLINE_CURVE((1.,0.5,1.,0.5,1.,0.5,1.)) REPRESENTATION_ITEM(
  '') );
#610 = CARTESIAN_POINT('',(-25.8,53.347164873121));
#611 = CARTESIAN_POINT('',(-25.8,44.686910835277));
#612 = CARTESIAN_POINT('',(-33.3,49.017037854199));
#613 = CARTESIAN_POINT('',(-40.8,53.347164873121));
#614 = CARTESIAN_POINT('',(-33.3,57.677291892044));
#615 = CARTESIAN_POINT('',(-25.8,62.007418910966));
#616 = CARTESIAN_POINT('',(-25.8,53.347164873121));
#617 = ( GEOMETRIC_REPRESENTATION_CONTEXT(2) 
PARAMETRIC_REPRESENTATION_CONTEXT() REPRESENTATION_CONTEXT('2D SPACE',''
  ) );
#618 = PCURVE('',#619,#624);
#619 = CYLINDRICAL_SURFACE('',#620,5.);
#620 = AXIS2_PLACEMENT_3D('',#621,#622,#623);
#621 = CARTESIAN_POINT('',(-30.8,53.347164873121,376.));
#622 = DIRECTION('',(-0.,-0.,-1.));
#623 = DIRECTION('',(1.,0.,0.));
#624 = DEFINITIONAL_REPRESENTATION('',(#625),#629);
#625 = LINE('',#626,#627);
#626 = CARTESIAN_POINT('',(-6.28318530718,-5.));
#627 = VECTOR('',#628,1.);
#628 = DIRECTION('',(1.,-0.));
#629 = ( GEOMETRIC_REPRESENTATION_CONTEXT(2) 
PARAMETRIC_REPRESENTATION_CONTEXT() REPRESENTATION_CONTEXT('2D SPACE',''
  ) );
#630 = FACE_BOUND('',#631,.F.);
#631 = EDGE_LOOP('',(#632));
#632 = ORIENTED_EDGE('',*,*,#633,.T.);
#633 = EDGE_CURVE('',#634,#634,#636,.T.);
#634 = VERTEX_POINT('',#635);
#635 = CARTESIAN_POINT('',(62.885065440412,21.068440828861,381.));
#636 = SURFACE_CURVE('',#637,(#642,#653),.PCURVE_S1.);
#637 = CIRCLE('',#638,5.);
#638 = AXIS2_PLACEMENT_3D('',#639,#640,#641);
#639 = CARTESIAN_POINT('',(57.885065440412,21.068440828861,381.));
#640 = DIRECTION('',(0.,0.,-1.));
#641 = DIRECTION('',(1.,0.,0.));
#642 = PCURVE('',#440,#643);
#643 = DEFINITIONAL_REPRESENTATION('',(#644),#652);
#644 = ( BOUNDED_CURVE() B_SPLINE_CURVE(2,(#645,#646,#647,#648,#649,#650
,#651),.UNSPECIFIED.,.T.,.F.) B_SPLINE_CURVE_WITH_KNOTS((1,2,2,2,2,1),(
    -2.094395102393,0.,2.094395102393,4.188790204786,6.28318530718,
8.377580409573),.UNSPECIFIED.) CURVE() GEOMETRIC_REPRESENTATION_ITEM() 
RATIONAL_B_SPLINE_CURVE((1.,0.5,1.,0.5,1.,0.5,1.)) REPRESENTATION_ITEM(
  '') );
#645 = CARTESIAN_POINT('',(62.885065440412,21.068440828861));
#646 = CARTESIAN_POINT('',(62.885065440412,12.408186791017));
#647 = CARTESIAN_POINT('',(55.385065440412,16.738313809939));
#648 = CARTESIAN_POINT('',(47.885065440412,21.068440828861));
#649 = CARTESIAN_POINT('',(55.385065440412,25.398567847783));
#650 = CARTESIAN_POINT('',(62.885065440412,29.728694866706));
#651 = CARTESIAN_POINT('',(62.885065440412,21.068440828861));
#652 = ( GEOMETRIC_REPRESENTATION_CONTEXT(2) 
PARAMETRIC_REPRESENTATION_CONTEXT() REPRESENTATION_CONTEXT('2D SPACE',''
  ) );
#653 = PCURVE('',#654,#659);
#654 = CYLINDRICAL_SURFACE('',#655,5.);
#655 = AXIS2_PLACEMENT_3D('',#656,#657,#658);
#656 = CARTESIAN_POINT('',(57.885065440412,21.068440828861,376.));
#657 = DIRECTION('',(-0.,-0.,-1.));
#658 = DIRECTION('',(1.,0.,0.));
#659 = DEFINITIONAL_REPRESENTATION('',(#660),#664);
#660 = LINE('',#661,#662);
#661 = CARTESIAN_POINT('',(-6.28318530718,-5.));
#662 = VECTOR('',#663,1.);
#663 = DIRECTION('',(1.,-0.));
#664 = ( GEOMETRIC_REPRESENTATION_CONTEXT(2) 
PARAMETRIC_REPRESENTATION_CONTEXT() REPRESENTATION_CONTEXT('2D SPACE',''
  ) );
#665 = FACE_BOUND('',#666,.F.);
#666 = EDGE_LOOP('',(#667));
#667 = ORIENTED_EDGE('',*,*,#668,.T.);
#668 = EDGE_CURVE('',#669,#669,#671,.T.);
#669 = VERTEX_POINT('',#670);
#670 = CARTESIAN_POINT('',(35.8,53.347164873121,381.));
#671 = SURFACE_CURVE('',#672,(#677,#688),.PCURVE_S1.);
#672 = CIRCLE('',#673,5.);
#673 = AXIS2_PLACEMENT_3D('',#674,#675,#676);
#674 = CARTESIAN_POINT('',(30.8,53.347164873121,381.));
#675 = DIRECTION('',(0.,0.,-1.));
#676 = DIRECTION('',(1.,0.,0.));
#677 = PCURVE('',#440,#678);
#678 = DEFINITIONAL_REPRESENTATION('',(#679),#687);
#679 = ( BOUNDED_CURVE() B_SPLINE_CURVE(2,(#680,#681,#682,#683,#684,#685
,#686),.UNSPECIFIED.,.T.,.F.) B_SPLINE_CURVE_WITH_KNOTS((1,2,2,2,2,1),(
    -2.094395102393,0.,2.094395102393,4.188790204786,6.28318530718,
8.377580409573),.UNSPECIFIED.) CURVE() GEOMETRIC_REPRESENTATION_ITEM() 
RATIONAL_B_SPLINE_CURVE((1.,0.5,1.,0.5,1.,0.5,1.)) REPRESENTATION_ITEM(
  '') );
#680 = CARTESIAN_POINT('',(35.8,53.347164873121));
#681 = CARTESIAN_POINT('',(35.8,44.686910835277));
#682 = CARTESIAN_POINT('',(28.3,49.017037854199));
#683 = CARTESIAN_POINT('',(20.8,53.347164873121));
#684 = CARTESIAN_POINT('',(28.3,57.677291892044));
#685 = CARTESIAN_POINT('',(35.8,62.007418910966));
#686 = CARTESIAN_POINT('',(35.8,53.347164873121));
#687 = ( GEOMETRIC_REPRESENTATION_CONTEXT(2) 
PARAMETRIC_REPRESENTATION_CONTEXT() REPRESENTATION_CONTEXT('2D SPACE',''
  ) );
#688 = PCURVE('',#689,#694);
#689 = CYLINDRICAL_SURFACE('',#690,5.);
#690 = AXIS2_PLACEMENT_3D('',#691,#692,#693);
#691 = CARTESIAN_POINT('',(30.8,53.347164873121,376.));
#692 = DIRECTION('',(-0.,-0.,-1.));
#693 = DIRECTION('',(1.,0.,0.));
#694 = DEFINITIONAL_REPRESENTATION('',(#695),#699);
#695 = LINE('',#696,#697);
#696 = CARTESIAN_POINT('',(-6.28318530718,-5.));
#697 = VECTOR('',#698,1.);
#698 = DIRECTION('',(1.,-0.));
#699 = ( GEOMETRIC_REPRESENTATION_CONTEXT(2) 
PARAMETRIC_REPRESENTATION_CONTEXT() REPRESENTATION_CONTEXT('2D SPACE',''
  ) );
#700 = ADVANCED_FACE('',(#701,#704,#734,#764,#794,#824,#854,#884),#412,
  .T.);
#701 = FACE_BOUND('',#702,.T.);
#702 = EDGE_LOOP('',(#703));
#703 = ORIENTED_EDGE('',*,*,#397,.T.);
#704 = FACE_BOUND('',#705,.T.);
#705 = EDGE_LOOP('',(#706));
#706 = ORIENTED_EDGE('',*,*,#707,.T.);
#707 = EDGE_CURVE('',#708,#708,#710,.T.);
#708 = VERTEX_POINT('',#709);
#709 = CARTESIAN_POINT('',(-52.88506544041,-21.06844082886,391.668));
#710 = SURFACE_CURVE('',#711,(#716,#727),.PCURVE_S1.);
#711 = CIRCLE('',#712,5.);
#712 = AXIS2_PLACEMENT_3D('',#713,#714,#715);
#713 = CARTESIAN_POINT('',(-57.88506544041,-21.06844082886,391.668));
#714 = DIRECTION('',(0.,0.,-1.));
#715 = DIRECTION('',(1.,0.,0.));
#716 = PCURVE('',#412,#717);
#717 = DEFINITIONAL_REPRESENTATION('',(#718),#726);
#718 = ( BOUNDED_CURVE() B_SPLINE_CURVE(2,(#719,#720,#721,#722,#723,#724
,#725),.UNSPECIFIED.,.T.,.F.) B_SPLINE_CURVE_WITH_KNOTS((1,2,2,2,2,1),(
    -2.094395102393,0.,2.094395102393,4.188790204786,6.28318530718,
8.377580409573),.UNSPECIFIED.) CURVE() GEOMETRIC_REPRESENTATION_ITEM() 
RATIONAL_B_SPLINE_CURVE((1.,0.5,1.,0.5,1.,0.5,1.)) REPRESENTATION_ITEM(
  '') );
#719 = CARTESIAN_POINT('',(-52.88506544041,-21.06844082886));
#720 = CARTESIAN_POINT('',(-52.88506544041,-29.7286948667));
#721 = CARTESIAN_POINT('',(-60.38506544041,-25.39856784778));
#722 = CARTESIAN_POINT('',(-67.88506544041,-21.06844082886));
#723 = CARTESIAN_POINT('',(-60.38506544041,-16.73831380993));
#724 = CARTESIAN_POINT('',(-52.88506544041,-12.40818679101));
#725 = CARTESIAN_POINT('',(-52.88506544041,-21.06844082886));
#726 = ( GEOMETRIC_REPRESENTATION_CONTEXT(2) 
PARAMETRIC_REPRESENTATION_CONTEXT() REPRESENTATION_CONTEXT('2D SPACE',''
  ) );
#727 = PCURVE('',#479,#728);
#728 = DEFINITIONAL_REPRESENTATION('',(#729),#733);
#729 = LINE('',#730,#731);
#730 = CARTESIAN_POINT('',(-6.28318530718,-15.668));
#731 = VECTOR('',#732,1.);
#732 = DIRECTION('',(1.,-0.));
#733 = ( GEOMETRIC_REPRESENTATION_CONTEXT(2) 
PARAMETRIC_REPRESENTATION_CONTEXT() REPRESENTATION_CONTEXT('2D SPACE',''
  ) );
#734 = FACE_BOUND('',#735,.T.);
#735 = EDGE_LOOP('',(#736));
#736 = ORIENTED_EDGE('',*,*,#737,.T.);
#737 = EDGE_CURVE('',#738,#738,#740,.T.);
#738 = VERTEX_POINT('',#739);
#739 = CARTESIAN_POINT('',(35.8,-53.34716487312,391.668));
#740 = SURFACE_CURVE('',#741,(#746,#757),.PCURVE_S1.);
#741 = CIRCLE('',#742,5.);
#742 = AXIS2_PLACEMENT_3D('',#743,#744,#745);
#743 = CARTESIAN_POINT('',(30.8,-53.34716487312,391.668));
#744 = DIRECTION('',(0.,0.,-1.));
#745 = DIRECTION('',(1.,0.,0.));
#746 = PCURVE('',#412,#747);
#747 = DEFINITIONAL_REPRESENTATION('',(#748),#756);
#748 = ( BOUNDED_CURVE() B_SPLINE_CURVE(2,(#749,#750,#751,#752,#753,#754
,#755),.UNSPECIFIED.,.T.,.F.) B_SPLINE_CURVE_WITH_KNOTS((1,2,2,2,2,1),(
    -2.094395102393,0.,2.094395102393,4.188790204786,6.28318530718,
8.377580409573),.UNSPECIFIED.) CURVE() GEOMETRIC_REPRESENTATION_ITEM() 
RATIONAL_B_SPLINE_CURVE((1.,0.5,1.,0.5,1.,0.5,1.)) REPRESENTATION_ITEM(
  '') );
#749 = CARTESIAN_POINT('',(35.8,-53.34716487312));
#750 = CARTESIAN_POINT('',(35.8,-62.00741891096));
#751 = CARTESIAN_POINT('',(28.3,-57.67729189204));
#752 = CARTESIAN_POINT('',(20.8,-53.34716487312));
#753 = CARTESIAN_POINT('',(28.3,-49.01703785419));
#754 = CARTESIAN_POINT('',(35.8,-44.68691083527));
#755 = CARTESIAN_POINT('',(35.8,-53.34716487312));
#756 = ( GEOMETRIC_REPRESENTATION_CONTEXT(2) 
PARAMETRIC_REPRESENTATION_CONTEXT() REPRESENTATION_CONTEXT('2D SPACE',''
  ) );
#757 = PCURVE('',#514,#758);
#758 = DEFINITIONAL_REPRESENTATION('',(#759),#763);
#759 = LINE('',#760,#761);
#760 = CARTESIAN_POINT('',(-6.28318530718,-15.668));
#761 = VECTOR('',#762,1.);
#762 = DIRECTION('',(1.,-0.));
#763 = ( GEOMETRIC_REPRESENTATION_CONTEXT(2) 
PARAMETRIC_REPRESENTATION_CONTEXT() REPRESENTATION_CONTEXT('2D SPACE',''
  ) );
#764 = FACE_BOUND('',#765,.T.);
#765 = EDGE_LOOP('',(#766));
#766 = ORIENTED_EDGE('',*,*,#767,.T.);
#767 = EDGE_CURVE('',#768,#768,#770,.T.);
#768 = VERTEX_POINT('',#769);
#769 = CARTESIAN_POINT('',(62.885065440412,-21.06844082886,391.668));
#770 = SURFACE_CURVE('',#771,(#776,#787),.PCURVE_S1.);
#771 = CIRCLE('',#772,5.);
#772 = AXIS2_PLACEMENT_3D('',#773,#774,#775);
#773 = CARTESIAN_POINT('',(57.885065440412,-21.06844082886,391.668));
#774 = DIRECTION('',(0.,0.,-1.));
#775 = DIRECTION('',(1.,0.,0.));
#776 = PCURVE('',#412,#777);
#777 = DEFINITIONAL_REPRESENTATION('',(#778),#786);
#778 = ( BOUNDED_CURVE() B_SPLINE_CURVE(2,(#779,#780,#781,#782,#783,#784
,#785),.UNSPECIFIED.,.T.,.F.) B_SPLINE_CURVE_WITH_KNOTS((1,2,2,2,2,1),(
    -2.094395102393,0.,2.094395102393,4.188790204786,6.28318530718,
8.377580409573),.UNSPECIFIED.) CURVE() GEOMETRIC_REPRESENTATION_ITEM() 
RATIONAL_B_SPLINE_CURVE((1.,0.5,1.,0.5,1.,0.5,1.)) REPRESENTATION_ITEM(
  '') );
#779 = CARTESIAN_POINT('',(62.885065440412,-21.06844082886));
#780 = CARTESIAN_POINT('',(62.885065440412,-29.7286948667));
#781 = CARTESIAN_POINT('',(55.385065440412,-25.39856784778));
#782 = CARTESIAN_POINT('',(47.885065440412,-21.06844082886));
#783 = CARTESIAN_POINT('',(55.385065440412,-16.73831380993));
#784 = CARTESIAN_POINT('',(62.885065440412,-12.40818679101));
#785 = CARTESIAN_POINT('',(62.885065440412,-21.06844082886));
#786 = ( GEOMETRIC_REPRESENTATION_CONTEXT(2) 
PARAMETRIC_REPRESENTATION_CONTEXT() REPRESENTATION_CONTEXT('2D SPACE',''
  ) );
#787 = PCURVE('',#549,#788);
#788 = DEFINITIONAL_REPRESENTATION('',(#789),#793);
#789 = LINE('',#790,#791);
#790 = CARTESIAN_POINT('',(-6.28318530718,-15.668));
#791 = VECTOR('',#792,1.);
#792 = DIRECTION('',(1.,-0.));
#793 = ( GEOMETRIC_REPRESENTATION_CONTEXT(2) 
PARAMETRIC_REPRESENTATION_CONTEXT() REPRESENTATION_CONTEXT('2D SPACE',''
  ) );
#794 = FACE_BOUND('',#795,.T.);
#795 = EDGE_LOOP('',(#796));
#796 = ORIENTED_EDGE('',*,*,#797,.T.);
#797 = EDGE_CURVE('',#798,#798,#800,.T.);
#798 = VERTEX_POINT('',#799);
#799 = CARTESIAN_POINT('',(-52.88506544041,21.068440828861,391.668));
#800 = SURFACE_CURVE('',#801,(#806,#817),.PCURVE_S1.);
#801 = CIRCLE('',#802,5.);
#802 = AXIS2_PLACEMENT_3D('',#803,#804,#805);
#803 = CARTESIAN_POINT('',(-57.88506544041,21.068440828861,391.668));
#804 = DIRECTION('',(0.,0.,-1.));
#805 = DIRECTION('',(1.,0.,0.));
#806 = PCURVE('',#412,#807);
#807 = DEFINITIONAL_REPRESENTATION('',(#808),#816);
#808 = ( BOUNDED_CURVE() B_SPLINE_CURVE(2,(#809,#810,#811,#812,#813,#814
,#815),.UNSPECIFIED.,.T.,.F.) B_SPLINE_CURVE_WITH_KNOTS((1,2,2,2,2,1),(
    -2.094395102393,0.,2.094395102393,4.188790204786,6.28318530718,
8.377580409573),.UNSPECIFIED.) CURVE() GEOMETRIC_REPRESENTATION_ITEM() 
RATIONAL_B_SPLINE_CURVE((1.,0.5,1.,0.5,1.,0.5,1.)) REPRESENTATION_ITEM(
  '') );
#809 = CARTESIAN_POINT('',(-52.88506544041,21.068440828861));
#810 = CARTESIAN_POINT('',(-52.88506544041,12.408186791017));
#811 = CARTESIAN_POINT('',(-60.38506544041,16.738313809939));
#812 = CARTESIAN_POINT('',(-67.88506544041,21.068440828861));
#813 = CARTESIAN_POINT('',(-60.38506544041,25.398567847783));
#814 = CARTESIAN_POINT('',(-52.88506544041,29.728694866706));
#815 = CARTESIAN_POINT('',(-52.88506544041,21.068440828861));
#816 = ( GEOMETRIC_REPRESENTATION_CONTEXT(2) 
PARAMETRIC_REPRESENTATION_CONTEXT() REPRESENTATION_CONTEXT('2D SPACE',''
  ) );
#817 = PCURVE('',#584,#818);
#818 = DEFINITIONAL_REPRESENTATION('',(#819),#823);
#819 = LINE('',#820,#821);
#820 = CARTESIAN_POINT('',(-6.28318530718,-15.668));
#821 = VECTOR('',#822,1.);
#822 = DIRECTION('',(1.,-0.));
#823 = ( GEOMETRIC_REPRESENTATION_CONTEXT(2) 
PARAMETRIC_REPRESENTATION_CONTEXT() REPRESENTATION_CONTEXT('2D SPACE',''
  ) );
#824 = FACE_BOUND('',#825,.T.);
#825 = EDGE_LOOP('',(#826));
#826 = ORIENTED_EDGE('',*,*,#827,.T.);
#827 = EDGE_CURVE('',#828,#828,#830,.T.);
#828 = VERTEX_POINT('',#829);
#829 = CARTESIAN_POINT('',(-25.8,53.347164873121,391.668));
#830 = SURFACE_CURVE('',#831,(#836,#847),.PCURVE_S1.);
#831 = CIRCLE('',#832,5.);
#832 = AXIS2_PLACEMENT_3D('',#833,#834,#835);
#833 = CARTESIAN_POINT('',(-30.8,53.347164873121,391.668));
#834 = DIRECTION('',(0.,0.,-1.));
#835 = DIRECTION('',(1.,0.,0.));
#836 = PCURVE('',#412,#837);
#837 = DEFINITIONAL_REPRESENTATION('',(#838),#846);
#838 = ( BOUNDED_CURVE() B_SPLINE_CURVE(2,(#839,#840,#841,#842,#843,#844
,#845),.UNSPECIFIED.,.T.,.F.) B_SPLINE_CURVE_WITH_KNOTS((1,2,2,2,2,1),(
    -2.094395102393,0.,2.094395102393,4.188790204786,6.28318530718,
8.377580409573),.UNSPECIFIED.) CURVE() GEOMETRIC_REPRESENTATION_ITEM() 
RATIONAL_B_SPLINE_CURVE((1.,0.5,1.,0.5,1.,0.5,1.)) REPRESENTATION_ITEM(
  '') );
#839 = CARTESIAN_POINT('',(-25.8,53.347164873121));
#840 = CARTESIAN_POINT('',(-25.8,44.686910835277));
#841 = CARTESIAN_POINT('',(-33.3,49.017037854199));
#842 = CARTESIAN_POINT('',(-40.8,53.347164873121));
#843 = CARTESIAN_POINT('',(-33.3,57.677291892044));
#844 = CARTESIAN_POINT('',(-25.8,62.007418910966));
#845 = CARTESIAN_POINT('',(-25.8,53.347164873121));
#846 = ( GEOMETRIC_REPRESENTATION_CONTEXT(2) 
PARAMETRIC_REPRESENTATION_CONTEXT() REPRESENTATION_CONTEXT('2D SPACE',''
  ) );
#847 = PCURVE('',#619,#848);
#848 = DEFINITIONAL_REPRESENTATION('',(#849),#853);
#849 = LINE('',#850,#851);
#850 = CARTESIAN_POINT('',(-6.28318530718,-15.668));
#851 = VECTOR('',#852,1.);
#852 = DIRECTION('',(1.,-0.));
#853 = ( GEOMETRIC_REPRESENTATION_CONTEXT(2) 
PARAMETRIC_REPRESENTATION_CONTEXT() REPRESENTATION_CONTEXT('2D SPACE',''
  ) );
#854 = FACE_BOUND('',#855,.T.);
#855 = EDGE_LOOP('',(#856));
#856 = ORIENTED_EDGE('',*,*,#857,.T.);
#857 = EDGE_CURVE('',#858,#858,#860,.T.);
#858 = VERTEX_POINT('',#859);
#859 = CARTESIAN_POINT('',(62.885065440412,21.068440828861,391.668));
#860 = SURFACE_CURVE('',#861,(#866,#877),.PCURVE_S1.);
#861 = CIRCLE('',#862,5.);
#862 = AXIS2_PLACEMENT_3D('',#863,#864,#865);
#863 = CARTESIAN_POINT('',(57.885065440412,21.068440828861,391.668));
#864 = DIRECTION('',(0.,0.,-1.));
#865 = DIRECTION('',(1.,0.,0.));
#866 = PCURVE('',#412,#867);
#867 = DEFINITIONAL_REPRESENTATION('',(#868),#876);
#868 = ( BOUNDED_CURVE() B_SPLINE_CURVE(2,(#869,#870,#871,#872,#873,#874
,#875),.UNSPECIFIED.,.T.,.F.) B_SPLINE_CURVE_WITH_KNOTS((1,2,2,2,2,1),(
    -2.094395102393,0.,2.094395102393,4.188790204786,6.28318530718,
8.377580409573),.UNSPECIFIED.) CURVE() GEOMETRIC_REPRESENTATION_ITEM() 
RATIONAL_B_SPLINE_CURVE((1.,0.5,1.,0.5,1.,0.5,1.)) REPRESENTATION_ITEM(
  '') );
#869 = CARTESIAN_POINT('',(62.885065440412,21.068440828861));
#870 = CARTESIAN_POINT('',(62.885065440412,12.408186791017));
#871 = CARTESIAN_POINT('',(55.385065440412,16.738313809939));
#872 = CARTESIAN_POINT('',(47.885065440412,21.068440828861));
#873 = CARTESIAN_POINT('',(55.385065440412,25.398567847783));
#874 = CARTESIAN_POINT('',(62.885065440412,29.728694866706));
#875 = CARTESIAN_POINT('',(62.885065440412,21.068440828861));
#876 = ( GEOMETRIC_REPRESENTATION_CONTEXT(2) 
PARAMETRIC_REPRESENTATION_CONTEXT() REPRESENTATION_CONTEXT('2D SPACE',''
  ) );
#877 = PCURVE('',#654,#878);
#878 = DEFINITIONAL_REPRESENTATION('',(#879),#883);
#879 = LINE('',#880,#881);
#880 = CARTESIAN_POINT('',(-6.28318530718,-15.668));
#881 = VECTOR('',#882,1.);
#882 = DIRECTION('',(1.,-0.));
#883 = ( GEOMETRIC_REPRESENTATION_CONTEXT(2) 
PARAMETRIC_REPRESENTATION_CONTEXT() REPRESENTATION_CONTEXT('2D SPACE',''
  ) );
#884 = FACE_BOUND('',#885,.T.);
#885 = EDGE_LOOP('',(#886));
#886 = ORIENTED_EDGE('',*,*,#887,.T.);
#887 = EDGE_CURVE('',#888,#888,#890,.T.);
#888 = VERTEX_POINT('',#889);
#889 = CARTESIAN_POINT('',(35.8,53.347164873121,391.668));
#890 = SURFACE_CURVE('',#891,(#896,#907),.PCURVE_S1.);
#891 = CIRCLE('',#892,5.);
#892 = AXIS2_PLACEMENT_3D('',#893,#894,#895);
#893 = CARTESIAN_POINT('',(30.8,53.347164873121,391.668));
#894 = DIRECTION('',(0.,0.,-1.));
#895 = DIRECTION('',(1.,0.,0.));
#896 = PCURVE('',#412,#897);
#897 = DEFINITIONAL_REPRESENTATION('',(#898),#906);
#898 = ( BOUNDED_CURVE() B_SPLINE_CURVE(2,(#899,#900,#901,#902,#903,#904
,#905),.UNSPECIFIED.,.T.,.F.) B_SPLINE_CURVE_WITH_KNOTS((1,2,2,2,2,1),(
    -2.094395102393,0.,2.094395102393,4.188790204786,6.28318530718,
8.377580409573),.UNSPECIFIED.) CURVE() GEOMETRIC_REPRESENTATION_ITEM() 
RATIONAL_B_SPLINE_CURVE((1.,0.5,1.,0.5,1.,0.5,1.)) REPRESENTATION_ITEM(
  '') );
#899 = CARTESIAN_POINT('',(35.8,53.347164873121));
#900 = CARTESIAN_POINT('',(35.8,44.686910835277));
#901 = CARTESIAN_POINT('',(28.3,49.017037854199));
#902 = CARTESIAN_POINT('',(20.8,53.347164873121));
#903 = CARTESIAN_POINT('',(28.3,57.677291892044));
#904 = CARTESIAN_POINT('',(35.8,62.007418910966));
#905 = CARTESIAN_POINT('',(35.8,53.347164873121));
#906 = ( GEOMETRIC_REPRESENTATION_CONTEXT(2) 
PARAMETRIC_REPRESENTATION_CONTEXT() REPRESENTATION_CONTEXT('2D SPACE',''
  ) );
#907 = PCURVE('',#689,#908);
#908 = DEFINITIONAL_REPRESENTATION('',(#909),#913);
#909 = LINE('',#910,#911);
#910 = CARTESIAN_POINT('',(-6.28318530718,-15.668));
#911 = VECTOR('',#912,1.);
#912 = DIRECTION('',(1.,-0.));
#913 = ( GEOMETRIC_REPRESENTATION_CONTEXT(2) 
PARAMETRIC_REPRESENTATION_CONTEXT() REPRESENTATION_CONTEXT('2D SPACE',''
  ) );
#914 = ADVANCED_FACE('',(#915),#479,.F.);
#915 = FACE_BOUND('',#916,.T.);
#916 = EDGE_LOOP('',(#917,#918,#939,#940));
#917 = ORIENTED_EDGE('',*,*,#458,.T.);
#918 = ORIENTED_EDGE('',*,*,#919,.T.);
#919 = EDGE_CURVE('',#459,#708,#920,.T.);
#920 = SEAM_CURVE('',#921,(#925,#932),.PCURVE_S1.);
#921 = LINE('',#922,#923);
#922 = CARTESIAN_POINT('',(-52.88506544041,-21.06844082886,376.));
#923 = VECTOR('',#924,1.);
#924 = DIRECTION('',(0.,0.,1.));
#925 = PCURVE('',#479,#926);
#926 = DEFINITIONAL_REPRESENTATION('',(#927),#931);
#927 = LINE('',#928,#929);
#928 = CARTESIAN_POINT('',(-6.28318530718,0.));
#929 = VECTOR('',#930,1.);
#930 = DIRECTION('',(-0.,-1.));
#931 = ( GEOMETRIC_REPRESENTATION_CONTEXT(2) 
PARAMETRIC_REPRESENTATION_CONTEXT() REPRESENTATION_CONTEXT('2D SPACE',''
  ) );
#932 = PCURVE('',#479,#933);
#933 = DEFINITIONAL_REPRESENTATION('',(#934),#938);
#934 = LINE('',#935,#936);
#935 = CARTESIAN_POINT('',(-0.,0.));
#936 = VECTOR('',#937,1.);
#937 = DIRECTION('',(-0.,-1.));
#938 = ( GEOMETRIC_REPRESENTATION_CONTEXT(2) 
PARAMETRIC_REPRESENTATION_CONTEXT() REPRESENTATION_CONTEXT('2D SPACE',''
  ) );
#939 = ORIENTED_EDGE('',*,*,#707,.F.);
#940 = ORIENTED_EDGE('',*,*,#919,.F.);
#941 = ADVANCED_FACE('',(#942),#514,.F.);
#942 = FACE_BOUND('',#943,.T.);
#943 = EDGE_LOOP('',(#944,#945,#966,#967));
#944 = ORIENTED_EDGE('',*,*,#493,.T.);
#945 = ORIENTED_EDGE('',*,*,#946,.T.);
#946 = EDGE_CURVE('',#494,#738,#947,.T.);
#947 = SEAM_CURVE('',#948,(#952,#959),.PCURVE_S1.);
#948 = LINE('',#949,#950);
#949 = CARTESIAN_POINT('',(35.8,-53.34716487312,376.));
#950 = VECTOR('',#951,1.);
#951 = DIRECTION('',(0.,0.,1.));
#952 = PCURVE('',#514,#953);
#953 = DEFINITIONAL_REPRESENTATION('',(#954),#958);
#954 = LINE('',#955,#956);
#955 = CARTESIAN_POINT('',(-6.28318530718,0.));
#956 = VECTOR('',#957,1.);
#957 = DIRECTION('',(-0.,-1.));
#958 = ( GEOMETRIC_REPRESENTATION_CONTEXT(2) 
PARAMETRIC_REPRESENTATION_CONTEXT() REPRESENTATION_CONTEXT('2D SPACE',''
  ) );
#959 = PCURVE('',#514,#960);
#960 = DEFINITIONAL_REPRESENTATION('',(#961),#965);
#961 = LINE('',#962,#963);
#962 = CARTESIAN_POINT('',(-0.,0.));
#963 = VECTOR('',#964,1.);
#964 = DIRECTION('',(-0.,-1.));
#965 = ( GEOMETRIC_REPRESENTATION_CONTEXT(2) 
PARAMETRIC_REPRESENTATION_CONTEXT() REPRESENTATION_CONTEXT('2D SPACE',''
  ) );
#966 = ORIENTED_EDGE('',*,*,#737,.F.);
#967 = ORIENTED_EDGE('',*,*,#946,.F.);
#968 = ADVANCED_FACE('',(#969),#549,.F.);
#969 = FACE_BOUND('',#970,.T.);
#970 = EDGE_LOOP('',(#971,#972,#993,#994));
#971 = ORIENTED_EDGE('',*,*,#528,.T.);
#972 = ORIENTED_EDGE('',*,*,#973,.T.);
#973 = EDGE_CURVE('',#529,#768,#974,.T.);
#974 = SEAM_CURVE('',#975,(#979,#986),.PCURVE_S1.);
#975 = LINE('',#976,#977);
#976 = CARTESIAN_POINT('',(62.885065440412,-21.06844082886,376.));
#977 = VECTOR('',#978,1.);
#978 = DIRECTION('',(0.,0.,1.));
#979 = PCURVE('',#549,#980);
#980 = DEFINITIONAL_REPRESENTATION('',(#981),#985);
#981 = LINE('',#982,#983);
#982 = CARTESIAN_POINT('',(-6.28318530718,0.));
#983 = VECTOR('',#984,1.);
#984 = DIRECTION('',(-0.,-1.));
#985 = ( GEOMETRIC_REPRESENTATION_CONTEXT(2) 
PARAMETRIC_REPRESENTATION_CONTEXT() REPRESENTATION_CONTEXT('2D SPACE',''
  ) );
#986 = PCURVE('',#549,#987);
#987 = DEFINITIONAL_REPRESENTATION('',(#988),#992);
#988 = LINE('',#989,#990);
#989 = CARTESIAN_POINT('',(-0.,0.));
#990 = VECTOR('',#991,1.);
#991 = DIRECTION('',(-0.,-1.));
#992 = ( GEOMETRIC_REPRESENTATION_CONTEXT(2) 
PARAMETRIC_REPRESENTATION_CONTEXT() REPRESENTATION_CONTEXT('2D SPACE',''
  ) );
#993 = ORIENTED_EDGE('',*,*,#767,.F.);
#994 = ORIENTED_EDGE('',*,*,#973,.F.);
#995 = ADVANCED_FACE('',(#996),#584,.F.);
#996 = FACE_BOUND('',#997,.T.);
#997 = EDGE_LOOP('',(#998,#999,#1020,#1021));
#998 = ORIENTED_EDGE('',*,*,#563,.T.);
#999 = ORIENTED_EDGE('',*,*,#1000,.T.);
#1000 = EDGE_CURVE('',#564,#798,#1001,.T.);
#1001 = SEAM_CURVE('',#1002,(#1006,#1013),.PCURVE_S1.);
#1002 = LINE('',#1003,#1004);
#1003 = CARTESIAN_POINT('',(-52.88506544041,21.068440828861,376.));
#1004 = VECTOR('',#1005,1.);
#1005 = DIRECTION('',(0.,0.,1.));
#1006 = PCURVE('',#584,#1007);
#1007 = DEFINITIONAL_REPRESENTATION('',(#1008),#1012);
#1008 = LINE('',#1009,#1010);
#1009 = CARTESIAN_POINT('',(-6.28318530718,0.));
#1010 = VECTOR('',#1011,1.);
#1011 = DIRECTION('',(-0.,-1.));
#1012 = ( GEOMETRIC_REPRESENTATION_CONTEXT(2) 
PARAMETRIC_REPRESENTATION_CONTEXT() REPRESENTATION_CONTEXT('2D SPACE',''
  ) );
#1013 = PCURVE('',#584,#1014);
#1014 = DEFINITIONAL_REPRESENTATION('',(#1015),#1019);
#1015 = LINE('',#1016,#1017);
#1016 = CARTESIAN_POINT('',(-0.,0.));
#1017 = VECTOR('',#1018,1.);
#1018 = DIRECTION('',(-0.,-1.));
#1019 = ( GEOMETRIC_REPRESENTATION_CONTEXT(2) 
PARAMETRIC_REPRESENTATION_CONTEXT() REPRESENTATION_CONTEXT('2D SPACE',''
  ) );
#1020 = ORIENTED_EDGE('',*,*,#797,.F.);
#1021 = ORIENTED_EDGE('',*,*,#1000,.F.);
#1022 = ADVANCED_FACE('',(#1023),#619,.F.);
#1023 = FACE_BOUND('',#1024,.T.);
#1024 = EDGE_LOOP('',(#1025,#1026,#1047,#1048));
#1025 = ORIENTED_EDGE('',*,*,#598,.T.);
#1026 = ORIENTED_EDGE('',*,*,#1027,.T.);
#1027 = EDGE_CURVE('',#599,#828,#1028,.T.);
#1028 = SEAM_CURVE('',#1029,(#1033,#1040),.PCURVE_S1.);
#1029 = LINE('',#1030,#1031);
#1030 = CARTESIAN_POINT('',(-25.8,53.347164873121,376.));
#1031 = VECTOR('',#1032,1.);
#1032 = DIRECTION('',(0.,0.,1.));
#1033 = PCURVE('',#619,#1034);
#1034 = DEFINITIONAL_REPRESENTATION('',(#1035),#1039);
#1035 = LINE('',#1036,#1037);
#1036 = CARTESIAN_POINT('',(-6.28318530718,0.));
#1037 = VECTOR('',#1038,1.);
#1038 = DIRECTION('',(-0.,-1.));
#1039 = ( GEOMETRIC_REPRESENTATION_CONTEXT(2) 
PARAMETRIC_REPRESENTATION_CONTEXT() REPRESENTATION_CONTEXT('2D SPACE',''
  ) );
#1040 = PCURVE('',#619,#1041);
#1041 = DEFINITIONAL_REPRESENTATION('',(#1042),#1046);
#1042 = LINE('',#1043,#1044);
#1043 = CARTESIAN_POINT('',(-0.,0.));
#1044 = VECTOR('',#1045,1.);
#1045 = DIRECTION('',(-0.,-1.));
#1046 = ( GEOMETRIC_REPRESENTATION_CONTEXT(2) 
PARAMETRIC_REPRESENTATION_CONTEXT() REPRESENTATION_CONTEXT('2D SPACE',''
  ) );
#1047 = ORIENTED_EDGE('',*,*,#827,.F.);
#1048 = ORIENTED_EDGE('',*,*,#1027,.F.);
#1049 = ADVANCED_FACE('',(#1050),#654,.F.);
#1050 = FACE_BOUND('',#1051,.T.);
#1051 = EDGE_LOOP('',(#1052,#1053,#1074,#1075));
#1052 = ORIENTED_EDGE('',*,*,#633,.T.);
#1053 = ORIENTED_EDGE('',*,*,#1054,.T.);
#1054 = EDGE_CURVE('',#634,#858,#1055,.T.);
#1055 = SEAM_CURVE('',#1056,(#1060,#1067),.PCURVE_S1.);
#1056 = LINE('',#1057,#1058);
#1057 = CARTESIAN_POINT('',(62.885065440412,21.068440828861,376.));
#1058 = VECTOR('',#1059,1.);
#1059 = DIRECTION('',(0.,0.,1.));
#1060 = PCURVE('',#654,#1061);
#1061 = DEFINITIONAL_REPRESENTATION('',(#1062),#1066);
#1062 = LINE('',#1063,#1064);
#1063 = CARTESIAN_POINT('',(-6.28318530718,0.));
#1064 = VECTOR('',#1065,1.);
#1065 = DIRECTION('',(-0.,-1.));
#1066 = ( GEOMETRIC_REPRESENTATION_CONTEXT(2) 
PARAMETRIC_REPRESENTATION_CONTEXT() REPRESENTATION_CONTEXT('2D SPACE',''
  ) );
#1067 = PCURVE('',#654,#1068);
#1068 = DEFINITIONAL_REPRESENTATION('',(#1069),#1073);
#1069 = LINE('',#1070,#1071);
#1070 = CARTESIAN_POINT('',(-0.,0.));
#1071 = VECTOR('',#1072,1.);
#1072 = DIRECTION('',(-0.,-1.));
#1073 = ( GEOMETRIC_REPRESENTATION_CONTEXT(2) 
PARAMETRIC_REPRESENTATION_CONTEXT() REPRESENTATION_CONTEXT('2D SPACE',''
  ) );
#1074 = ORIENTED_EDGE('',*,*,#857,.F.);
#1075 = ORIENTED_EDGE('',*,*,#1054,.F.);
#1076 = ADVANCED_FACE('',(#1077),#689,.F.);
#1077 = FACE_BOUND('',#1078,.T.);
#1078 = EDGE_LOOP('',(#1079,#1080,#1101,#1102));
#1079 = ORIENTED_EDGE('',*,*,#668,.T.);
#1080 = ORIENTED_EDGE('',*,*,#1081,.T.);
#1081 = EDGE_CURVE('',#669,#888,#1082,.T.);
#1082 = SEAM_CURVE('',#1083,(#1087,#1094),.PCURVE_S1.);
#1083 = LINE('',#1084,#1085);
#1084 = CARTESIAN_POINT('',(35.8,53.347164873121,376.));
#1085 = VECTOR('',#1086,1.);
#1086 = DIRECTION('',(0.,0.,1.));
#1087 = PCURVE('',#689,#1088);
#1088 = DEFINITIONAL_REPRESENTATION('',(#1089),#1093);
#1089 = LINE('',#1090,#1091);
#1090 = CARTESIAN_POINT('',(-6.28318530718,0.));
#1091 = VECTOR('',#1092,1.);
#1092 = DIRECTION('',(-0.,-1.));
#1093 = ( GEOMETRIC_REPRESENTATION_CONTEXT(2) 
PARAMETRIC_REPRESENTATION_CONTEXT() REPRESENTATION_CONTEXT('2D SPACE',''
  ) );
#1094 = PCURVE('',#689,#1095);
#1095 = DEFINITIONAL_REPRESENTATION('',(#1096),#1100);
#1096 = LINE('',#1097,#1098);
#1097 = CARTESIAN_POINT('',(-0.,0.));
#1098 = VECTOR('',#1099,1.);
#1099 = DIRECTION('',(-0.,-1.));
#1100 = ( GEOMETRIC_REPRESENTATION_CONTEXT(2) 
PARAMETRIC_REPRESENTATION_CONTEXT() REPRESENTATION_CONTEXT('2D SPACE',''
  ) );
#1101 = ORIENTED_EDGE('',*,*,#887,.F.);
#1102 = ORIENTED_EDGE('',*,*,#1081,.F.);
#1103 = ( GEOMETRIC_REPRESENTATION_CONTEXT(3) 
GLOBAL_UNCERTAINTY_ASSIGNED_CONTEXT((#1107)) 
GLOBAL_UNIT_ASSIGNED_CONTEXT((#1104,#1105,#1106)) REPRESENTATION_CONTEXT
('Context #1','3D Context with UNIT and UNCERTAINTY') );
#1104 = ( LENGTH_UNIT() NAMED_UNIT(*) SI_UNIT(.MILLI.,.METRE.) );
#1105 = ( NAMED_UNIT(*) PLANE_ANGLE_UNIT() SI_UNIT($,.RADIAN.) );
#1106 = ( NAMED_UNIT(*) SI_UNIT($,.STERADIAN.) SOLID_ANGLE_UNIT() );
#1107 = UNCERTAINTY_MEASURE_WITH_UNIT(LENGTH_MEASURE(1.E-07),#1104,
  'distance_accuracy_value','confusion accuracy');
#1108 = CONTEXT_DEPENDENT_SHAPE_REPRESENTATION(#1109,#1111);
#1109 = ( REPRESENTATION_RELATIONSHIP('','',#360,#10) 
REPRESENTATION_RELATIONSHIP_WITH_TRANSFORMATION(#1110) 
SHAPE_REPRESENTATION_RELATIONSHIP() );
#1110 = ITEM_DEFINED_TRANSFORMATION('','',#11,#19);
#1111 = PRODUCT_DEFINITION_SHAPE('Placement','Placement of an item',
  #1112);
#1112 = NEXT_ASSEMBLY_USAGE_OCCURRENCE('2','Head_Plate','',#5,#355,$);
#1113 = PRODUCT_RELATED_PRODUCT_CATEGORY('part',$,(#357));
#1114 = SHAPE_DEFINITION_REPRESENTATION(#1115,#1121);
#1115 = PRODUCT_DEFINITION_SHAPE('','',#1116);
#1116 = PRODUCT_DEFINITION('design','',#1117,#1120);
#1117 = PRODUCT_DEFINITION_FORMATION('','',#1118);
#1118 = PRODUCT('Jacket','Jacket','',(#1119));
#1119 = PRODUCT_CONTEXT('',#2,'mechanical');
#1120 = PRODUCT_DEFINITION_CONTEXT('part definition',#2,'design');
#1121 = ADVANCED_BREP_SHAPE_REPRESENTATION('',(#11,#1122),#1308);
#1122 = MANIFOLD_SOLID_BREP('',#1123);
#1123 = CLOSED_SHELL('',(#1124,#1212,#1247,#1281));
#1124 = ADVANCED_FACE('',(#1125),#1139,.T.);
#1125 = FACE_BOUND('',#1126,.F.);
#1126 = EDGE_LOOP('',(#1127,#1157,#1184,#1185));
#1127 = ORIENTED_EDGE('',*,*,#1128,.T.);
#1128 = EDGE_CURVE('',#1129,#1131,#1133,.T.);
#1129 = VERTEX_POINT('',#1130);
#1130 = CARTESIAN_POINT('',(128.,0.,0.));
#1131 = VERTEX_POINT('',#1132);
#1132 = CARTESIAN_POINT('',(128.,0.,327.66));
#1133 = SEAM_CURVE('',#1134,(#1138,#1150),.PCURVE_S1.);
#1134 = LINE('',#1135,#1136);
#1135 = CARTESIAN_POINT('',(128.,0.,0.));
#1136 = VECTOR('',#1137,1.);
#1137 = DIRECTION('',(0.,0.,1.));
#1138 = PCURVE('',#1139,#1144);
#1139 = CYLINDRICAL_SURFACE('',#1140,128.);
#1140 = AXIS2_PLACEMENT_3D('',#1141,#1142,#1143);
#1141 = CARTESIAN_POINT('',(0.,0.,0.));
#1142 = DIRECTION('',(-0.,-0.,-1.));
#1143 = DIRECTION('',(1.,0.,0.));
#1144 = DEFINITIONAL_REPRESENTATION('',(#1145),#1149);
#1145 = LINE('',#1146,#1147);
#1146 = CARTESIAN_POINT('',(-0.,0.));
#1147 = VECTOR('',#1148,1.);
#1148 = DIRECTION('',(-0.,-1.));
#1149 = ( GEOMETRIC_REPRESENTATION_CONTEXT(2) 
PARAMETRIC_REPRESENTATION_CONTEXT() REPRESENTATION_CONTEXT('2D SPACE',''
  ) );
#1150 = PCURVE('',#1139,#1151);
#1151 = DEFINITIONAL_REPRESENTATION('',(#1152),#1156);
#1152 = LINE('',#1153,#1154);
#1153 = CARTESIAN_POINT('',(-6.28318530718,0.));
#1154 = VECTOR('',#1155,1.);
#1155 = DIRECTION('',(-0.,-1.));
#1156 = ( GEOMETRIC_REPRESENTATION_CONTEXT(2) 
PARAMETRIC_REPRESENTATION_CONTEXT() REPRESENTATION_CONTEXT('2D SPACE',''
  ) );
#1157 = ORIENTED_EDGE('',*,*,#1158,.T.);
#1158 = EDGE_CURVE('',#1131,#1131,#1159,.T.);
#1159 = SURFACE_CURVE('',#1160,(#1165,#1172),.PCURVE_S1.);
#1160 = CIRCLE('',#1161,128.);
#1161 = AXIS2_PLACEMENT_3D('',#1162,#1163,#1164);
#1162 = CARTESIAN_POINT('',(0.,0.,327.66));
#1163 = DIRECTION('',(0.,0.,1.));
#1164 = DIRECTION('',(1.,0.,0.));
#1165 = PCURVE('',#1139,#1166);
#1166 = DEFINITIONAL_REPRESENTATION('',(#1167),#1171);
#1167 = LINE('',#1168,#1169);
#1168 = CARTESIAN_POINT('',(-0.,-327.66));
#1169 = VECTOR('',#1170,1.);
#1170 = DIRECTION('',(-1.,0.));
#1171 = ( GEOMETRIC_REPRESENTATION_CONTEXT(2) 
PARAMETRIC_REPRESENTATION_CONTEXT() REPRESENTATION_CONTEXT('2D SPACE',''
  ) );
#1172 = PCURVE('',#1173,#1178);
#1173 = PLANE('',#1174);
#1174 = AXIS2_PLACEMENT_3D('',#1175,#1176,#1177);
#1175 = CARTESIAN_POINT('',(-8.204640795237E-15,1.118412191411E-14,
    327.66));
#1176 = DIRECTION('',(0.,0.,1.));
#1177 = DIRECTION('',(1.,0.,-0.));
#1178 = DEFINITIONAL_REPRESENTATION('',(#1179),#1183);
#1179 = CIRCLE('',#1180,128.);
#1180 = AXIS2_PLACEMENT_2D('',#1181,#1182);
#1181 = CARTESIAN_POINT('',(8.204640795237E-15,-1.118412191411E-14));
#1182 = DIRECTION('',(1.,0.));
#1183 = ( GEOMETRIC_REPRESENTATION_CONTEXT(2) 
PARAMETRIC_REPRESENTATION_CONTEXT() REPRESENTATION_CONTEXT('2D SPACE',''
  ) );
#1184 = ORIENTED_EDGE('',*,*,#1128,.F.);
#1185 = ORIENTED_EDGE('',*,*,#1186,.F.);
#1186 = EDGE_CURVE('',#1129,#1129,#1187,.T.);
#1187 = SURFACE_CURVE('',#1188,(#1193,#1200),.PCURVE_S1.);
#1188 = CIRCLE('',#1189,128.);
#1189 = AXIS2_PLACEMENT_3D('',#1190,#1191,#1192);
#1190 = CARTESIAN_POINT('',(0.,0.,0.));
#1191 = DIRECTION('',(0.,0.,1.));
#1192 = DIRECTION('',(1.,0.,0.));
#1193 = PCURVE('',#1139,#1194);
#1194 = DEFINITIONAL_REPRESENTATION('',(#1195),#1199);
#1195 = LINE('',#1196,#1197);
#1196 = CARTESIAN_POINT('',(-0.,0.));
#1197 = VECTOR('',#1198,1.);
#1198 = DIRECTION('',(-1.,0.));
#1199 = ( GEOMETRIC_REPRESENTATION_CONTEXT(2) 
PARAMETRIC_REPRESENTATION_CONTEXT() REPRESENTATION_CONTEXT('2D SPACE',''
  ) );
#1200 = PCURVE('',#1201,#1206);
#1201 = PLANE('',#1202);
#1202 = AXIS2_PLACEMENT_3D('',#1203,#1204,#1205);
#1203 = CARTESIAN_POINT('',(-8.204640795237E-15,1.118412191411E-14,0.));
#1204 = DIRECTION('',(0.,0.,1.));
#1205 = DIRECTION('',(1.,0.,-0.));
#1206 = DEFINITIONAL_REPRESENTATION('',(#1207),#1211);
#1207 = CIRCLE('',#1208,128.);
#1208 = AXIS2_PLACEMENT_2D('',#1209,#1210);
#1209 = CARTESIAN_POINT('',(8.204640795237E-15,-1.118412191411E-14));
#1210 = DIRECTION('',(1.,0.));
#1211 = ( GEOMETRIC_REPRESENTATION_CONTEXT(2) 
PARAMETRIC_REPRESENTATION_CONTEXT() REPRESENTATION_CONTEXT('2D SPACE',''
  ) );
#1212 = ADVANCED_FACE('',(#1213,#1216),#1201,.F.);
#1213 = FACE_BOUND('',#1214,.F.);
#1214 = EDGE_LOOP('',(#1215));
#1215 = ORIENTED_EDGE('',*,*,#1186,.T.);
#1216 = FACE_BOUND('',#1217,.F.);
#1217 = EDGE_LOOP('',(#1218));
#1218 = ORIENTED_EDGE('',*,*,#1219,.F.);
#1219 = EDGE_CURVE('',#1220,#1220,#1222,.T.);
#1220 = VERTEX_POINT('',#1221);
#1221 = CARTESIAN_POINT('',(126.,0.,0.));
#1222 = SURFACE_CURVE('',#1223,(#1228,#1235),.PCURVE_S1.);
#1223 = CIRCLE('',#1224,126.);
#1224 = AXIS2_PLACEMENT_3D('',#1225,#1226,#1227);
#1225 = CARTESIAN_POINT('',(0.,0.,0.));
#1226 = DIRECTION('',(0.,0.,1.));
#1227 = DIRECTION('',(1.,0.,0.));
#1228 = PCURVE('',#1201,#1229);
#1229 = DEFINITIONAL_REPRESENTATION('',(#1230),#1234);
#1230 = CIRCLE('',#1231,126.);
#1231 = AXIS2_PLACEMENT_2D('',#1232,#1233);
#1232 = CARTESIAN_POINT('',(8.204640795237E-15,-1.118412191411E-14));
#1233 = DIRECTION('',(1.,0.));
#1234 = ( GEOMETRIC_REPRESENTATION_CONTEXT(2) 
PARAMETRIC_REPRESENTATION_CONTEXT() REPRESENTATION_CONTEXT('2D SPACE',''
  ) );
#1235 = PCURVE('',#1236,#1241);
#1236 = CYLINDRICAL_SURFACE('',#1237,126.);
#1237 = AXIS2_PLACEMENT_3D('',#1238,#1239,#1240);
#1238 = CARTESIAN_POINT('',(0.,0.,0.));
#1239 = DIRECTION('',(-0.,-0.,-1.));
#1240 = DIRECTION('',(1.,0.,0.));
#1241 = DEFINITIONAL_REPRESENTATION('',(#1242),#1246);
#1242 = LINE('',#1243,#1244);
#1243 = CARTESIAN_POINT('',(-0.,0.));
#1244 = VECTOR('',#1245,1.);
#1245 = DIRECTION('',(-1.,0.));
#1246 = ( GEOMETRIC_REPRESENTATION_CONTEXT(2) 
PARAMETRIC_REPRESENTATION_CONTEXT() REPRESENTATION_CONTEXT('2D SPACE',''
  ) );
#1247 = ADVANCED_FACE('',(#1248,#1251),#1173,.T.);
#1248 = FACE_BOUND('',#1249,.T.);
#1249 = EDGE_LOOP('',(#1250));
#1250 = ORIENTED_EDGE('',*,*,#1158,.T.);
#1251 = FACE_BOUND('',#1252,.T.);
#1252 = EDGE_LOOP('',(#1253));
#1253 = ORIENTED_EDGE('',*,*,#1254,.T.);
#1254 = EDGE_CURVE('',#1255,#1255,#1257,.T.);
#1255 = VERTEX_POINT('',#1256);
#1256 = CARTESIAN_POINT('',(126.,0.,327.66));
#1257 = SURFACE_CURVE('',#1258,(#1263,#1274),.PCURVE_S1.);
#1258 = CIRCLE('',#1259,126.);
#1259 = AXIS2_PLACEMENT_3D('',#1260,#1261,#1262);
#1260 = CARTESIAN_POINT('',(0.,0.,327.66));
#1261 = DIRECTION('',(0.,0.,-1.));
#1262 = DIRECTION('',(1.,0.,0.));
#1263 = PCURVE('',#1173,#1264);
#1264 = DEFINITIONAL_REPRESENTATION('',(#1265),#1273);
#1265 = ( BOUNDED_CURVE() B_SPLINE_CURVE(2,(#1266,#1267,#1268,#1269,
#1270,#1271,#1272),.UNSPECIFIED.,.T.,.F.) B_SPLINE_CURVE_WITH_KNOTS((1,2
    ,2,2,2,1),(-2.094395102393,0.,2.094395102393,4.188790204786,
6.28318530718,8.377580409573),.UNSPECIFIED.) CURVE() 
GEOMETRIC_REPRESENTATION_ITEM() RATIONAL_B_SPLINE_CURVE((1.,0.5,1.,0.5,
1.,0.5,1.)) REPRESENTATION_ITEM('') );
#1266 = CARTESIAN_POINT('',(126.,-1.118412191411E-14));
#1267 = CARTESIAN_POINT('',(126.,-218.2384017536));
#1268 = CARTESIAN_POINT('',(-63.,-109.1192008768));
#1269 = CARTESIAN_POINT('',(-252.,-4.204522125262E-14));
#1270 = CARTESIAN_POINT('',(-63.,109.11920087683));
#1271 = CARTESIAN_POINT('',(126.,218.23840175367));
#1272 = CARTESIAN_POINT('',(126.,-1.118412191411E-14));
#1273 = ( GEOMETRIC_REPRESENTATION_CONTEXT(2) 
PARAMETRIC_REPRESENTATION_CONTEXT() REPRESENTATION_CONTEXT('2D SPACE',''
  ) );
#1274 = PCURVE('',#1236,#1275);
#1275 = DEFINITIONAL_REPRESENTATION('',(#1276),#1280);
#1276 = LINE('',#1277,#1278);
#1277 = CARTESIAN_POINT('',(-6.28318530718,-327.66));
#1278 = VECTOR('',#1279,1.);
#1279 = DIRECTION('',(1.,-0.));
#1280 = ( GEOMETRIC_REPRESENTATION_CONTEXT(2) 
PARAMETRIC_REPRESENTATION_CONTEXT() REPRESENTATION_CONTEXT('2D SPACE',''
  ) );
#1281 = ADVANCED_FACE('',(#1282),#1236,.F.);
#1282 = FACE_BOUND('',#1283,.T.);
#1283 = EDGE_LOOP('',(#1284,#1285,#1306,#1307));
#1284 = ORIENTED_EDGE('',*,*,#1219,.F.);
#1285 = ORIENTED_EDGE('',*,*,#1286,.T.);
#1286 = EDGE_CURVE('',#1220,#1255,#1287,.T.);
#1287 = SEAM_CURVE('',#1288,(#1292,#1299),.PCURVE_S1.);
#1288 = LINE('',#1289,#1290);
#1289 = CARTESIAN_POINT('',(126.,0.,0.));
#1290 = VECTOR('',#1291,1.);
#1291 = DIRECTION('',(0.,0.,1.));
#1292 = PCURVE('',#1236,#1293);
#1293 = DEFINITIONAL_REPRESENTATION('',(#1294),#1298);
#1294 = LINE('',#1295,#1296);
#1295 = CARTESIAN_POINT('',(-6.28318530718,0.));
#1296 = VECTOR('',#1297,1.);
#1297 = DIRECTION('',(-0.,-1.));
#1298 = ( GEOMETRIC_REPRESENTATION_CONTEXT(2) 
PARAMETRIC_REPRESENTATION_CONTEXT() REPRESENTATION_CONTEXT('2D SPACE',''
  ) );
#1299 = PCURVE('',#1236,#1300);
#1300 = DEFINITIONAL_REPRESENTATION('',(#1301),#1305);
#1301 = LINE('',#1302,#1303);
#1302 = CARTESIAN_POINT('',(-0.,0.));
#1303 = VECTOR('',#1304,1.);
#1304 = DIRECTION('',(-0.,-1.));
#1305 = ( GEOMETRIC_REPRESENTATION_CONTEXT(2) 
PARAMETRIC_REPRESENTATION_CONTEXT() REPRESENTATION_CONTEXT('2D SPACE',''
  ) );
#1306 = ORIENTED_EDGE('',*,*,#1254,.F.);
#1307 = ORIENTED_EDGE('',*,*,#1286,.F.);
#1308 = ( GEOMETRIC_REPRESENTATION_CONTEXT(3) 
GLOBAL_UNCERTAINTY_ASSIGNED_CONTEXT((#1312)) 
GLOBAL_UNIT_ASSIGNED_CONTEXT((#1309,#1310,#1311)) REPRESENTATION_CONTEXT
('Context #1','3D Context with UNIT and UNCERTAINTY') );
#1309 = ( LENGTH_UNIT() NAMED_UNIT(*) SI_UNIT(.MILLI.,.METRE.) );
#1310 = ( NAMED_UNIT(*) PLANE_ANGLE_UNIT() SI_UNIT($,.RADIAN.) );
#1311 = ( NAMED_UNIT(*) SI_UNIT($,.STERADIAN.) SOLID_ANGLE_UNIT() );
#1312 = UNCERTAINTY_MEASURE_WITH_UNIT(LENGTH_MEASURE(1.E-07),#1309,
  'distance_accuracy_value','confusion accuracy');
#1313 = CONTEXT_DEPENDENT_SHAPE_REPRESENTATION(#1314,#1316);
#1314 = ( REPRESENTATION_RELATIONSHIP('','',#1121,#10) 
REPRESENTATION_RELATIONSHIP_WITH_TRANSFORMATION(#1315) 
SHAPE_REPRESENTATION_RELATIONSHIP() );
#1315 = ITEM_DEFINED_TRANSFORMATION('','',#11,#23);
#1316 = PRODUCT_DEFINITION_SHAPE('Placement','Placement of an item',
  #1317);
#1317 = NEXT_ASSEMBLY_USAGE_OCCURRENCE('3','Jacket','',#5,#1116,$);
#1318 = PRODUCT_RELATED_PRODUCT_CATEGORY('part',$,(#1118));
#1319 = SHAPE_DEFINITION_REPRESENTATION(#1320,#1326);
#1320 = PRODUCT_DEFINITION_SHAPE('','',#1321);
#1321 = PRODUCT_DEFINITION('design','',#1322,#1325);
#1322 = PRODUCT_DEFINITION_FORMATION('','',#1323);
#1323 = PRODUCT('Agitator_Shaft','Agitator_Shaft','',(#1324));
#1324 = PRODUCT_CONTEXT('',#2,'mechanical');
#1325 = PRODUCT_DEFINITION_CONTEXT('part definition',#2,'design');
#1326 = ADVANCED_BREP_SHAPE_REPRESENTATION('',(#11,#1327),#1425);
#1327 = MANIFOLD_SOLID_BREP('',#1328);
#1328 = CLOSED_SHELL('',(#1329,#1417,#1421));
#1329 = ADVANCED_FACE('',(#1330),#1344,.T.);
#1330 = FACE_BOUND('',#1331,.F.);
#1331 = EDGE_LOOP('',(#1332,#1362,#1389,#1390));
#1332 = ORIENTED_EDGE('',*,*,#1333,.T.);
#1333 = EDGE_CURVE('',#1334,#1336,#1338,.T.);
#1334 = VERTEX_POINT('',#1335);
#1335 = CARTESIAN_POINT('',(3.5,0.,-20.));
#1336 = VERTEX_POINT('',#1337);
#1337 = CARTESIAN_POINT('',(3.5,0.,451.));
#1338 = SEAM_CURVE('',#1339,(#1343,#1355),.PCURVE_S1.);
#1339 = LINE('',#1340,#1341);
#1340 = CARTESIAN_POINT('',(3.5,0.,-20.));
#1341 = VECTOR('',#1342,1.);
#1342 = DIRECTION('',(0.,0.,1.));
#1343 = PCURVE('',#1344,#1349);
#1344 = CYLINDRICAL_SURFACE('',#1345,3.5);
#1345 = AXIS2_PLACEMENT_3D('',#1346,#1347,#1348);
#1346 = CARTESIAN_POINT('',(0.,0.,-20.));
#1347 = DIRECTION('',(-0.,-0.,-1.));
#1348 = DIRECTION('',(1.,0.,0.));
#1349 = DEFINITIONAL_REPRESENTATION('',(#1350),#1354);
#1350 = LINE('',#1351,#1352);
#1351 = CARTESIAN_POINT('',(-0.,0.));
#1352 = VECTOR('',#1353,1.);
#1353 = DIRECTION('',(-0.,-1.));
#1354 = ( GEOMETRIC_REPRESENTATION_CONTEXT(2) 
PARAMETRIC_REPRESENTATION_CONTEXT() REPRESENTATION_CONTEXT('2D SPACE',''
  ) );
#1355 = PCURVE('',#1344,#1356);
#1356 = DEFINITIONAL_REPRESENTATION('',(#1357),#1361);
#1357 = LINE('',#1358,#1359);
#1358 = CARTESIAN_POINT('',(-6.28318530718,0.));
#1359 = VECTOR('',#1360,1.);
#1360 = DIRECTION('',(-0.,-1.));
#1361 = ( GEOMETRIC_REPRESENTATION_CONTEXT(2) 
PARAMETRIC_REPRESENTATION_CONTEXT() REPRESENTATION_CONTEXT('2D SPACE',''
  ) );
#1362 = ORIENTED_EDGE('',*,*,#1363,.T.);
#1363 = EDGE_CURVE('',#1336,#1336,#1364,.T.);
#1364 = SURFACE_CURVE('',#1365,(#1370,#1377),.PCURVE_S1.);
#1365 = CIRCLE('',#1366,3.5);
#1366 = AXIS2_PLACEMENT_3D('',#1367,#1368,#1369);
#1367 = CARTESIAN_POINT('',(0.,0.,451.));
#1368 = DIRECTION('',(0.,0.,1.));
#1369 = DIRECTION('',(1.,0.,0.));
#1370 = PCURVE('',#1344,#1371);
#1371 = DEFINITIONAL_REPRESENTATION('',(#1372),#1376);
#1372 = LINE('',#1373,#1374);
#1373 = CARTESIAN_POINT('',(-0.,-471.));
#1374 = VECTOR('',#1375,1.);
#1375 = DIRECTION('',(-1.,0.));
#1376 = ( GEOMETRIC_REPRESENTATION_CONTEXT(2) 
PARAMETRIC_REPRESENTATION_CONTEXT() REPRESENTATION_CONTEXT('2D SPACE',''
  ) );
#1377 = PCURVE('',#1378,#1383);
#1378 = PLANE('',#1379);
#1379 = AXIS2_PLACEMENT_3D('',#1380,#1381,#1382);
#1380 = CARTESIAN_POINT('',(-9.767429518139E-17,2.47821720825E-16,451.)
  );
#1381 = DIRECTION('',(0.,0.,1.));
#1382 = DIRECTION('',(1.,0.,-0.));
#1383 = DEFINITIONAL_REPRESENTATION('',(#1384),#1388);
#1384 = CIRCLE('',#1385,3.5);
#1385 = AXIS2_PLACEMENT_2D('',#1386,#1387);
#1386 = CARTESIAN_POINT('',(9.767429518139E-17,-2.47821720825E-16));
#1387 = DIRECTION('',(1.,0.));
#1388 = ( GEOMETRIC_REPRESENTATION_CONTEXT(2) 
PARAMETRIC_REPRESENTATION_CONTEXT() REPRESENTATION_CONTEXT('2D SPACE',''
  ) );
#1389 = ORIENTED_EDGE('',*,*,#1333,.F.);
#1390 = ORIENTED_EDGE('',*,*,#1391,.F.);
#1391 = EDGE_CURVE('',#1334,#1334,#1392,.T.);
#1392 = SURFACE_CURVE('',#1393,(#1398,#1405),.PCURVE_S1.);
#1393 = CIRCLE('',#1394,3.5);
#1394 = AXIS2_PLACEMENT_3D('',#1395,#1396,#1397);
#1395 = CARTESIAN_POINT('',(0.,0.,-20.));
#1396 = DIRECTION('',(0.,0.,1.));
#1397 = DIRECTION('',(1.,0.,0.));
#1398 = PCURVE('',#1344,#1399);
#1399 = DEFINITIONAL_REPRESENTATION('',(#1400),#1404);
#1400 = LINE('',#1401,#1402);
#1401 = CARTESIAN_POINT('',(-0.,0.));
#1402 = VECTOR('',#1403,1.);
#1403 = DIRECTION('',(-1.,0.));
#1404 = ( GEOMETRIC_REPRESENTATION_CONTEXT(2) 
PARAMETRIC_REPRESENTATION_CONTEXT() REPRESENTATION_CONTEXT('2D SPACE',''
  ) );
#1405 = PCURVE('',#1406,#1411);
#1406 = PLANE('',#1407);
#1407 = AXIS2_PLACEMENT_3D('',#1408,#1409,#1410);
#1408 = CARTESIAN_POINT('',(-9.767429518139E-17,2.47821720825E-16,-20.)
  );
#1409 = DIRECTION('',(0.,0.,1.));
#1410 = DIRECTION('',(1.,0.,-0.));
#1411 = DEFINITIONAL_REPRESENTATION('',(#1412),#1416);
#1412 = CIRCLE('',#1413,3.5);
#1413 = AXIS2_PLACEMENT_2D('',#1414,#1415);
#1414 = CARTESIAN_POINT('',(9.767429518139E-17,-2.47821720825E-16));
#1415 = DIRECTION('',(1.,0.));
#1416 = ( GEOMETRIC_REPRESENTATION_CONTEXT(2) 
PARAMETRIC_REPRESENTATION_CONTEXT() REPRESENTATION_CONTEXT('2D SPACE',''
  ) );
#1417 = ADVANCED_FACE('',(#1418),#1406,.F.);
#1418 = FACE_BOUND('',#1419,.F.);
#1419 = EDGE_LOOP('',(#1420));
#1420 = ORIENTED_EDGE('',*,*,#1391,.T.);
#1421 = ADVANCED_FACE('',(#1422),#1378,.T.);
#1422 = FACE_BOUND('',#1423,.T.);
#1423 = EDGE_LOOP('',(#1424));
#1424 = ORIENTED_EDGE('',*,*,#1363,.T.);
#1425 = ( GEOMETRIC_REPRESENTATION_CONTEXT(3) 
GLOBAL_UNCERTAINTY_ASSIGNED_CONTEXT((#1429)) 
GLOBAL_UNIT_ASSIGNED_CONTEXT((#1426,#1427,#1428)) REPRESENTATION_CONTEXT
('Context #1','3D Context with UNIT and UNCERTAINTY') );
#1426 = ( LENGTH_UNIT() NAMED_UNIT(*) SI_UNIT(.MILLI.,.METRE.) );
#1427 = ( NAMED_UNIT(*) PLANE_ANGLE_UNIT() SI_UNIT($,.RADIAN.) );
#1428 = ( NAMED_UNIT(*) SI_UNIT($,.STERADIAN.) SOLID_ANGLE_UNIT() );
#1429 = UNCERTAINTY_MEASURE_WITH_UNIT(LENGTH_MEASURE(1.E-07),#1426,
  'distance_accuracy_value','confusion accuracy');
#1430 = CONTEXT_DEPENDENT_SHAPE_REPRESENTATION(#1431,#1433);
#1431 = ( REPRESENTATION_RELATIONSHIP('','',#1326,#10) 
REPRESENTATION_RELATIONSHIP_WITH_TRANSFORMATION(#1432) 
SHAPE_REPRESENTATION_RELATIONSHIP() );
#1432 = ITEM_DEFINED_TRANSFORMATION('','',#11,#27);
#1433 = PRODUCT_DEFINITION_SHAPE('Placement','Placement of an item',
  #1434);
#1434 = NEXT_ASSEMBLY_USAGE_OCCURRENCE('4','Agitator_Shaft','',#5,#1321,
  $);
#1435 = PRODUCT_RELATED_PRODUCT_CATEGORY('part',$,(#1323));
#1436 = SHAPE_DEFINITION_REPRESENTATION(#1437,#1443);
#1437 = PRODUCT_DEFINITION_SHAPE('','',#1438);
#1438 = PRODUCT_DEFINITION('design','',#1439,#1442);
#1439 = PRODUCT_DEFINITION_FORMATION('','',#1440);
#1440 = PRODUCT('Impeller_Lower','Impeller_Lower','',(#1441));
#1441 = PRODUCT_CONTEXT('',#2,'mechanical');
#1442 = PRODUCT_DEFINITION_CONTEXT('part definition',#2,'design');
#1443 = SHAPE_REPRESENTATION('',(#11,#1444,#1774,#1872,#2202,#2532,#2862
    ,#3192),#3522);
#1444 = MANIFOLD_SOLID_BREP('',#1445);
#1445 = CLOSED_SHELL('',(#1446,#1566,#1642,#1691,#1740,#1767));
#1446 = ADVANCED_FACE('',(#1447),#1461,.F.);
#1447 = FACE_BOUND('',#1448,.F.);
#1448 = EDGE_LOOP('',(#1449,#1484,#1512,#1540));
#1449 = ORIENTED_EDGE('',*,*,#1450,.F.);
#1450 = EDGE_CURVE('',#1451,#1453,#1455,.T.);
#1451 = VERTEX_POINT('',#1452);
#1452 = CARTESIAN_POINT('',(30.,-1.6875,62.25));
#1453 = VERTEX_POINT('',#1454);
#1454 = CARTESIAN_POINT('',(30.,-1.6875,87.75));
#1455 = SURFACE_CURVE('',#1456,(#1460,#1472),.PCURVE_S1.);
#1456 = LINE('',#1457,#1458);
#1457 = CARTESIAN_POINT('',(30.,-1.6875,62.25));
#1458 = VECTOR('',#1459,1.);
#1459 = DIRECTION('',(0.,0.,1.));
#1460 = PCURVE('',#1461,#1466);
#1461 = PLANE('',#1462);
#1462 = AXIS2_PLACEMENT_3D('',#1463,#1464,#1465);
#1463 = CARTESIAN_POINT('',(30.,-1.6875,62.25));
#1464 = DIRECTION('',(1.,0.,0.));
#1465 = DIRECTION('',(0.,0.,1.));
#1466 = DEFINITIONAL_REPRESENTATION('',(#1467),#1471);
#1467 = LINE('',#1468,#1469);
#1468 = CARTESIAN_POINT('',(0.,0.));
#1469 = VECTOR('',#1470,1.);
#1470 = DIRECTION('',(1.,0.));
#1471 = ( GEOMETRIC_REPRESENTATION_CONTEXT(2) 
PARAMETRIC_REPRESENTATION_CONTEXT() REPRESENTATION_CONTEXT('2D SPACE',''
  ) );
#1472 = PCURVE('',#1473,#1478);
#1473 = PLANE('',#1474);
#1474 = AXIS2_PLACEMENT_3D('',#1475,#1476,#1477);
#1475 = CARTESIAN_POINT('',(30.,-1.6875,62.25));
#1476 = DIRECTION('',(0.,1.,0.));
#1477 = DIRECTION('',(0.,0.,1.));
#1478 = DEFINITIONAL_REPRESENTATION('',(#1479),#1483);
#1479 = LINE('',#1480,#1481);
#1480 = CARTESIAN_POINT('',(0.,0.));
#1481 = VECTOR('',#1482,1.);
#1482 = DIRECTION('',(1.,0.));
#1483 = ( GEOMETRIC_REPRESENTATION_CONTEXT(2) 
PARAMETRIC_REPRESENTATION_CONTEXT() REPRESENTATION_CONTEXT('2D SPACE',''
  ) );
#1484 = ORIENTED_EDGE('',*,*,#1485,.T.);
#1485 = EDGE_CURVE('',#1451,#1486,#1488,.T.);
#1486 = VERTEX_POINT('',#1487);
#1487 = CARTESIAN_POINT('',(30.,1.6875,62.25));
#1488 = SURFACE_CURVE('',#1489,(#1493,#1500),.PCURVE_S1.);
#1489 = LINE('',#1490,#1491);
#1490 = CARTESIAN_POINT('',(30.,-1.6875,62.25));
#1491 = VECTOR('',#1492,1.);
#1492 = DIRECTION('',(0.,1.,0.));
#1493 = PCURVE('',#1461,#1494);
#1494 = DEFINITIONAL_REPRESENTATION('',(#1495),#1499);
#1495 = LINE('',#1496,#1497);
#1496 = CARTESIAN_POINT('',(0.,0.));
#1497 = VECTOR('',#1498,1.);
#1498 = DIRECTION('',(0.,-1.));
#1499 = ( GEOMETRIC_REPRESENTATION_CONTEXT(2) 
PARAMETRIC_REPRESENTATION_CONTEXT() REPRESENTATION_CONTEXT('2D SPACE',''
  ) );
#1500 = PCURVE('',#1501,#1506);
#1501 = PLANE('',#1502);
#1502 = AXIS2_PLACEMENT_3D('',#1503,#1504,#1505);
#1503 = CARTESIAN_POINT('',(30.,-1.6875,62.25));
#1504 = DIRECTION('',(0.,0.,1.));
#1505 = DIRECTION('',(1.,0.,0.));
#1506 = DEFINITIONAL_REPRESENTATION('',(#1507),#1511);
#1507 = LINE('',#1508,#1509);
#1508 = CARTESIAN_POINT('',(0.,0.));
#1509 = VECTOR('',#1510,1.);
#1510 = DIRECTION('',(0.,1.));
#1511 = ( GEOMETRIC_REPRESENTATION_CONTEXT(2) 
PARAMETRIC_REPRESENTATION_CONTEXT() REPRESENTATION_CONTEXT('2D SPACE',''
  ) );
#1512 = ORIENTED_EDGE('',*,*,#1513,.T.);
#1513 = EDGE_CURVE('',#1486,#1514,#1516,.T.);
#1514 = VERTEX_POINT('',#1515);
#1515 = CARTESIAN_POINT('',(30.,1.6875,87.75));
#1516 = SURFACE_CURVE('',#1517,(#1521,#1528),.PCURVE_S1.);
#1517 = LINE('',#1518,#1519);
#1518 = CARTESIAN_POINT('',(30.,1.6875,62.25));
#1519 = VECTOR('',#1520,1.);
#1520 = DIRECTION('',(0.,0.,1.));
#1521 = PCURVE('',#1461,#1522);
#1522 = DEFINITIONAL_REPRESENTATION('',(#1523),#1527);
#1523 = LINE('',#1524,#1525);
#1524 = CARTESIAN_POINT('',(0.,-3.375));
#1525 = VECTOR('',#1526,1.);
#1526 = DIRECTION('',(1.,0.));
#1527 = ( GEOMETRIC_REPRESENTATION_CONTEXT(2) 
PARAMETRIC_REPRESENTATION_CONTEXT() REPRESENTATION_CONTEXT('2D SPACE',''
  ) );
#1528 = PCURVE('',#1529,#1534);
#1529 = PLANE('',#1530);
#1530 = AXIS2_PLACEMENT_3D('',#1531,#1532,#1533);
#1531 = CARTESIAN_POINT('',(30.,1.6875,62.25));
#1532 = DIRECTION('',(0.,1.,0.));
#1533 = DIRECTION('',(0.,0.,1.));
#1534 = DEFINITIONAL_REPRESENTATION('',(#1535),#1539);
#1535 = LINE('',#1536,#1537);
#1536 = CARTESIAN_POINT('',(0.,0.));
#1537 = VECTOR('',#1538,1.);
#1538 = DIRECTION('',(1.,0.));
#1539 = ( GEOMETRIC_REPRESENTATION_CONTEXT(2) 
PARAMETRIC_REPRESENTATION_CONTEXT() REPRESENTATION_CONTEXT('2D SPACE',''
  ) );
#1540 = ORIENTED_EDGE('',*,*,#1541,.F.);
#1541 = EDGE_CURVE('',#1453,#1514,#1542,.T.);
#1542 = SURFACE_CURVE('',#1543,(#1547,#1554),.PCURVE_S1.);
#1543 = LINE('',#1544,#1545);
#1544 = CARTESIAN_POINT('',(30.,-1.6875,87.75));
#1545 = VECTOR('',#1546,1.);
#1546 = DIRECTION('',(0.,1.,0.));
#1547 = PCURVE('',#1461,#1548);
#1548 = DEFINITIONAL_REPRESENTATION('',(#1549),#1553);
#1549 = LINE('',#1550,#1551);
#1550 = CARTESIAN_POINT('',(25.5,0.));
#1551 = VECTOR('',#1552,1.);
#1552 = DIRECTION('',(0.,-1.));
#1553 = ( GEOMETRIC_REPRESENTATION_CONTEXT(2) 
PARAMETRIC_REPRESENTATION_CONTEXT() REPRESENTATION_CONTEXT('2D SPACE',''
  ) );
#1554 = PCURVE('',#1555,#1560);
#1555 = PLANE('',#1556);
#1556 = AXIS2_PLACEMENT_3D('',#1557,#1558,#1559);
#1557 = CARTESIAN_POINT('',(30.,-1.6875,87.75));
#1558 = DIRECTION('',(0.,0.,1.));
#1559 = DIRECTION('',(1.,0.,0.));
#1560 = DEFINITIONAL_REPRESENTATION('',(#1561),#1565);
#1561 = LINE('',#1562,#1563);
#1562 = CARTESIAN_POINT('',(0.,0.));
#1563 = VECTOR('',#1564,1.);
#1564 = DIRECTION('',(0.,1.));
#1565 = ( GEOMETRIC_REPRESENTATION_CONTEXT(2) 
PARAMETRIC_REPRESENTATION_CONTEXT() REPRESENTATION_CONTEXT('2D SPACE',''
  ) );
#1566 = ADVANCED_FACE('',(#1567),#1473,.F.);
#1567 = FACE_BOUND('',#1568,.F.);
#1568 = EDGE_LOOP('',(#1569,#1592,#1593,#1616));
#1569 = ORIENTED_EDGE('',*,*,#1570,.F.);
#1570 = EDGE_CURVE('',#1451,#1571,#1573,.T.);
#1571 = VERTEX_POINT('',#1572);
#1572 = CARTESIAN_POINT('',(54.,-1.6875,62.25));
#1573 = SURFACE_CURVE('',#1574,(#1578,#1585),.PCURVE_S1.);
#1574 = LINE('',#1575,#1576);
#1575 = CARTESIAN_POINT('',(30.,-1.6875,62.25));
#1576 = VECTOR('',#1577,1.);
#1577 = DIRECTION('',(1.,0.,0.));
#1578 = PCURVE('',#1473,#1579);
#1579 = DEFINITIONAL_REPRESENTATION('',(#1580),#1584);
#1580 = LINE('',#1581,#1582);
#1581 = CARTESIAN_POINT('',(0.,0.));
#1582 = VECTOR('',#1583,1.);
#1583 = DIRECTION('',(0.,1.));
#1584 = ( GEOMETRIC_REPRESENTATION_CONTEXT(2) 
PARAMETRIC_REPRESENTATION_CONTEXT() REPRESENTATION_CONTEXT('2D SPACE',''
  ) );
#1585 = PCURVE('',#1501,#1586);
#1586 = DEFINITIONAL_REPRESENTATION('',(#1587),#1591);
#1587 = LINE('',#1588,#1589);
#1588 = CARTESIAN_POINT('',(0.,0.));
#1589 = VECTOR('',#1590,1.);
#1590 = DIRECTION('',(1.,0.));
#1591 = ( GEOMETRIC_REPRESENTATION_CONTEXT(2) 
PARAMETRIC_REPRESENTATION_CONTEXT() REPRESENTATION_CONTEXT('2D SPACE',''
  ) );
#1592 = ORIENTED_EDGE('',*,*,#1450,.T.);
#1593 = ORIENTED_EDGE('',*,*,#1594,.T.);
#1594 = EDGE_CURVE('',#1453,#1595,#1597,.T.);
#1595 = VERTEX_POINT('',#1596);
#1596 = CARTESIAN_POINT('',(54.,-1.6875,87.75));
#1597 = SURFACE_CURVE('',#1598,(#1602,#1609),.PCURVE_S1.);
#1598 = LINE('',#1599,#1600);
#1599 = CARTESIAN_POINT('',(30.,-1.6875,87.75));
#1600 = VECTOR('',#1601,1.);
#1601 = DIRECTION('',(1.,0.,0.));
#1602 = PCURVE('',#1473,#1603);
#1603 = DEFINITIONAL_REPRESENTATION('',(#1604),#1608);
#1604 = LINE('',#1605,#1606);
#1605 = CARTESIAN_POINT('',(25.5,0.));
#1606 = VECTOR('',#1607,1.);
#1607 = DIRECTION('',(0.,1.));
#1608 = ( GEOMETRIC_REPRESENTATION_CONTEXT(2) 
PARAMETRIC_REPRESENTATION_CONTEXT() REPRESENTATION_CONTEXT('2D SPACE',''
  ) );
#1609 = PCURVE('',#1555,#1610);
#1610 = DEFINITIONAL_REPRESENTATION('',(#1611),#1615);
#1611 = LINE('',#1612,#1613);
#1612 = CARTESIAN_POINT('',(0.,0.));
#1613 = VECTOR('',#1614,1.);
#1614 = DIRECTION('',(1.,0.));
#1615 = ( GEOMETRIC_REPRESENTATION_CONTEXT(2) 
PARAMETRIC_REPRESENTATION_CONTEXT() REPRESENTATION_CONTEXT('2D SPACE',''
  ) );
#1616 = ORIENTED_EDGE('',*,*,#1617,.F.);
#1617 = EDGE_CURVE('',#1571,#1595,#1618,.T.);
#1618 = SURFACE_CURVE('',#1619,(#1623,#1630),.PCURVE_S1.);
#1619 = LINE('',#1620,#1621);
#1620 = CARTESIAN_POINT('',(54.,-1.6875,62.25));
#1621 = VECTOR('',#1622,1.);
#1622 = DIRECTION('',(0.,0.,1.));
#1623 = PCURVE('',#1473,#1624);
#1624 = DEFINITIONAL_REPRESENTATION('',(#1625),#1629);
#1625 = LINE('',#1626,#1627);
#1626 = CARTESIAN_POINT('',(0.,24.));
#1627 = VECTOR('',#1628,1.);
#1628 = DIRECTION('',(1.,0.));
#1629 = ( GEOMETRIC_REPRESENTATION_CONTEXT(2) 
PARAMETRIC_REPRESENTATION_CONTEXT() REPRESENTATION_CONTEXT('2D SPACE',''
  ) );
#1630 = PCURVE('',#1631,#1636);
#1631 = PLANE('',#1632);
#1632 = AXIS2_PLACEMENT_3D('',#1633,#1634,#1635);
#1633 = CARTESIAN_POINT('',(54.,-1.6875,62.25));
#1634 = DIRECTION('',(1.,0.,0.));
#1635 = DIRECTION('',(0.,0.,1.));
#1636 = DEFINITIONAL_REPRESENTATION('',(#1637),#1641);
#1637 = LINE('',#1638,#1639);
#1638 = CARTESIAN_POINT('',(0.,0.));
#1639 = VECTOR('',#1640,1.);
#1640 = DIRECTION('',(1.,0.));
#1641 = ( GEOMETRIC_REPRESENTATION_CONTEXT(2) 
PARAMETRIC_REPRESENTATION_CONTEXT() REPRESENTATION_CONTEXT('2D SPACE',''
  ) );
#1642 = ADVANCED_FACE('',(#1643),#1555,.T.);
#1643 = FACE_BOUND('',#1644,.T.);
#1644 = EDGE_LOOP('',(#1645,#1646,#1647,#1670));
#1645 = ORIENTED_EDGE('',*,*,#1541,.F.);
#1646 = ORIENTED_EDGE('',*,*,#1594,.T.);
#1647 = ORIENTED_EDGE('',*,*,#1648,.T.);
#1648 = EDGE_CURVE('',#1595,#1649,#1651,.T.);
#1649 = VERTEX_POINT('',#1650);
#1650 = CARTESIAN_POINT('',(54.,1.6875,87.75));
#1651 = SURFACE_CURVE('',#1652,(#1656,#1663),.PCURVE_S1.);
#1652 = LINE('',#1653,#1654);
#1653 = CARTESIAN_POINT('',(54.,-1.6875,87.75));
#1654 = VECTOR('',#1655,1.);
#1655 = DIRECTION('',(0.,1.,0.));
#1656 = PCURVE('',#1555,#1657);
#1657 = DEFINITIONAL_REPRESENTATION('',(#1658),#1662);
#1658 = LINE('',#1659,#1660);
#1659 = CARTESIAN_POINT('',(24.,0.));
#1660 = VECTOR('',#1661,1.);
#1661 = DIRECTION('',(0.,1.));
#1662 = ( GEOMETRIC_REPRESENTATION_CONTEXT(2) 
PARAMETRIC_REPRESENTATION_CONTEXT() REPRESENTATION_CONTEXT('2D SPACE',''
  ) );
#1663 = PCURVE('',#1631,#1664);
#1664 = DEFINITIONAL_REPRESENTATION('',(#1665),#1669);
#1665 = LINE('',#1666,#1667);
#1666 = CARTESIAN_POINT('',(25.5,0.));
#1667 = VECTOR('',#1668,1.);
#1668 = DIRECTION('',(0.,-1.));
#1669 = ( GEOMETRIC_REPRESENTATION_CONTEXT(2) 
PARAMETRIC_REPRESENTATION_CONTEXT() REPRESENTATION_CONTEXT('2D SPACE',''
  ) );
#1670 = ORIENTED_EDGE('',*,*,#1671,.F.);
#1671 = EDGE_CURVE('',#1514,#1649,#1672,.T.);
#1672 = SURFACE_CURVE('',#1673,(#1677,#1684),.PCURVE_S1.);
#1673 = LINE('',#1674,#1675);
#1674 = CARTESIAN_POINT('',(30.,1.6875,87.75));
#1675 = VECTOR('',#1676,1.);
#1676 = DIRECTION('',(1.,0.,0.));
#1677 = PCURVE('',#1555,#1678);
#1678 = DEFINITIONAL_REPRESENTATION('',(#1679),#1683);
#1679 = LINE('',#1680,#1681);
#1680 = CARTESIAN_POINT('',(0.,3.375));
#1681 = VECTOR('',#1682,1.);
#1682 = DIRECTION('',(1.,0.));
#1683 = ( GEOMETRIC_REPRESENTATION_CONTEXT(2) 
PARAMETRIC_REPRESENTATION_CONTEXT() REPRESENTATION_CONTEXT('2D SPACE',''
  ) );
#1684 = PCURVE('',#1529,#1685);
#1685 = DEFINITIONAL_REPRESENTATION('',(#1686),#1690);
#1686 = LINE('',#1687,#1688);
#1687 = CARTESIAN_POINT('',(25.5,0.));
#1688 = VECTOR('',#1689,1.);
#1689 = DIRECTION('',(0.,1.));
#1690 = ( GEOMETRIC_REPRESENTATION_CONTEXT(2) 
PARAMETRIC_REPRESENTATION_CONTEXT() REPRESENTATION_CONTEXT('2D SPACE',''
  ) );
#1691 = ADVANCED_FACE('',(#1692),#1501,.F.);
#1692 = FACE_BOUND('',#1693,.F.);
#1693 = EDGE_LOOP('',(#1694,#1695,#1696,#1719));
#1694 = ORIENTED_EDGE('',*,*,#1485,.F.);
#1695 = ORIENTED_EDGE('',*,*,#1570,.T.);
#1696 = ORIENTED_EDGE('',*,*,#1697,.T.);
#1697 = EDGE_CURVE('',#1571,#1698,#1700,.T.);
#1698 = VERTEX_POINT('',#1699);
#1699 = CARTESIAN_POINT('',(54.,1.6875,62.25));
#1700 = SURFACE_CURVE('',#1701,(#1705,#1712),.PCURVE_S1.);
#1701 = LINE('',#1702,#1703);
#1702 = CARTESIAN_POINT('',(54.,-1.6875,62.25));
#1703 = VECTOR('',#1704,1.);
#1704 = DIRECTION('',(0.,1.,0.));
#1705 = PCURVE('',#1501,#1706);
#1706 = DEFINITIONAL_REPRESENTATION('',(#1707),#1711);
#1707 = LINE('',#1708,#1709);
#1708 = CARTESIAN_POINT('',(24.,0.));
#1709 = VECTOR('',#1710,1.);
#1710 = DIRECTION('',(0.,1.));
#1711 = ( GEOMETRIC_REPRESENTATION_CONTEXT(2) 
PARAMETRIC_REPRESENTATION_CONTEXT() REPRESENTATION_CONTEXT('2D SPACE',''
  ) );
#1712 = PCURVE('',#1631,#1713);
#1713 = DEFINITIONAL_REPRESENTATION('',(#1714),#1718);
#1714 = LINE('',#1715,#1716);
#1715 = CARTESIAN_POINT('',(0.,0.));
#1716 = VECTOR('',#1717,1.);
#1717 = DIRECTION('',(0.,-1.));
#1718 = ( GEOMETRIC_REPRESENTATION_CONTEXT(2) 
PARAMETRIC_REPRESENTATION_CONTEXT() REPRESENTATION_CONTEXT('2D SPACE',''
  ) );
#1719 = ORIENTED_EDGE('',*,*,#1720,.F.);
#1720 = EDGE_CURVE('',#1486,#1698,#1721,.T.);
#1721 = SURFACE_CURVE('',#1722,(#1726,#1733),.PCURVE_S1.);
#1722 = LINE('',#1723,#1724);
#1723 = CARTESIAN_POINT('',(30.,1.6875,62.25));
#1724 = VECTOR('',#1725,1.);
#1725 = DIRECTION('',(1.,0.,0.));
#1726 = PCURVE('',#1501,#1727);
#1727 = DEFINITIONAL_REPRESENTATION('',(#1728),#1732);
#1728 = LINE('',#1729,#1730);
#1729 = CARTESIAN_POINT('',(0.,3.375));
#1730 = VECTOR('',#1731,1.);
#1731 = DIRECTION('',(1.,0.));
#1732 = ( GEOMETRIC_REPRESENTATION_CONTEXT(2) 
PARAMETRIC_REPRESENTATION_CONTEXT() REPRESENTATION_CONTEXT('2D SPACE',''
  ) );
#1733 = PCURVE('',#1529,#1734);
#1734 = DEFINITIONAL_REPRESENTATION('',(#1735),#1739);
#1735 = LINE('',#1736,#1737);
#1736 = CARTESIAN_POINT('',(0.,0.));
#1737 = VECTOR('',#1738,1.);
#1738 = DIRECTION('',(0.,1.));
#1739 = ( GEOMETRIC_REPRESENTATION_CONTEXT(2) 
PARAMETRIC_REPRESENTATION_CONTEXT() REPRESENTATION_CONTEXT('2D SPACE',''
  ) );
#1740 = ADVANCED_FACE('',(#1741),#1529,.T.);
#1741 = FACE_BOUND('',#1742,.T.);
#1742 = EDGE_LOOP('',(#1743,#1744,#1745,#1746));
#1743 = ORIENTED_EDGE('',*,*,#1720,.F.);
#1744 = ORIENTED_EDGE('',*,*,#1513,.T.);
#1745 = ORIENTED_EDGE('',*,*,#1671,.T.);
#1746 = ORIENTED_EDGE('',*,*,#1747,.F.);
#1747 = EDGE_CURVE('',#1698,#1649,#1748,.T.);
#1748 = SURFACE_CURVE('',#1749,(#1753,#1760),.PCURVE_S1.);
#1749 = LINE('',#1750,#1751);
#1750 = CARTESIAN_POINT('',(54.,1.6875,62.25));
#1751 = VECTOR('',#1752,1.);
#1752 = DIRECTION('',(0.,0.,1.));
#1753 = PCURVE('',#1529,#1754);
#1754 = DEFINITIONAL_REPRESENTATION('',(#1755),#1759);
#1755 = LINE('',#1756,#1757);
#1756 = CARTESIAN_POINT('',(0.,24.));
#1757 = VECTOR('',#1758,1.);
#1758 = DIRECTION('',(1.,0.));
#1759 = ( GEOMETRIC_REPRESENTATION_CONTEXT(2) 
PARAMETRIC_REPRESENTATION_CONTEXT() REPRESENTATION_CONTEXT('2D SPACE',''
  ) );
#1760 = PCURVE('',#1631,#1761);
#1761 = DEFINITIONAL_REPRESENTATION('',(#1762),#1766);
#1762 = LINE('',#1763,#1764);
#1763 = CARTESIAN_POINT('',(0.,-3.375));
#1764 = VECTOR('',#1765,1.);
#1765 = DIRECTION('',(1.,0.));
#1766 = ( GEOMETRIC_REPRESENTATION_CONTEXT(2) 
PARAMETRIC_REPRESENTATION_CONTEXT() REPRESENTATION_CONTEXT('2D SPACE',''
  ) );
#1767 = ADVANCED_FACE('',(#1768),#1631,.T.);
#1768 = FACE_BOUND('',#1769,.T.);
#1769 = EDGE_LOOP('',(#1770,#1771,#1772,#1773));
#1770 = ORIENTED_EDGE('',*,*,#1617,.F.);
#1771 = ORIENTED_EDGE('',*,*,#1697,.T.);
#1772 = ORIENTED_EDGE('',*,*,#1747,.T.);
#1773 = ORIENTED_EDGE('',*,*,#1648,.F.);
#1774 = MANIFOLD_SOLID_BREP('',#1775);
#1775 = CLOSED_SHELL('',(#1776,#1864,#1868));
#1776 = ADVANCED_FACE('',(#1777),#1791,.T.);
#1777 = FACE_BOUND('',#1778,.F.);
#1778 = EDGE_LOOP('',(#1779,#1809,#1836,#1837));
#1779 = ORIENTED_EDGE('',*,*,#1780,.T.);
#1780 = EDGE_CURVE('',#1781,#1783,#1785,.T.);
#1781 = VERTEX_POINT('',#1782);
#1782 = CARTESIAN_POINT('',(30.,0.,73.5));
#1783 = VERTEX_POINT('',#1784);
#1784 = CARTESIAN_POINT('',(30.,0.,76.5));
#1785 = SEAM_CURVE('',#1786,(#1790,#1802),.PCURVE_S1.);
#1786 = LINE('',#1787,#1788);
#1787 = CARTESIAN_POINT('',(30.,0.,73.5));
#1788 = VECTOR('',#1789,1.);
#1789 = DIRECTION('',(0.,0.,1.));
#1790 = PCURVE('',#1791,#1796);
#1791 = CYLINDRICAL_SURFACE('',#1792,30.);
#1792 = AXIS2_PLACEMENT_3D('',#1793,#1794,#1795);
#1793 = CARTESIAN_POINT('',(0.,0.,73.5));
#1794 = DIRECTION('',(-0.,-0.,-1.));
#1795 = DIRECTION('',(1.,0.,0.));
#1796 = DEFINITIONAL_REPRESENTATION('',(#1797),#1801);
#1797 = LINE('',#1798,#1799);
#1798 = CARTESIAN_POINT('',(-0.,0.));
#1799 = VECTOR('',#1800,1.);
#1800 = DIRECTION('',(-0.,-1.));
#1801 = ( GEOMETRIC_REPRESENTATION_CONTEXT(2) 
PARAMETRIC_REPRESENTATION_CONTEXT() REPRESENTATION_CONTEXT('2D SPACE',''
  ) );
#1802 = PCURVE('',#1791,#1803);
#1803 = DEFINITIONAL_REPRESENTATION('',(#1804),#1808);
#1804 = LINE('',#1805,#1806);
#1805 = CARTESIAN_POINT('',(-6.28318530718,0.));
#1806 = VECTOR('',#1807,1.);
#1807 = DIRECTION('',(-0.,-1.));
#1808 = ( GEOMETRIC_REPRESENTATION_CONTEXT(2) 
PARAMETRIC_REPRESENTATION_CONTEXT() REPRESENTATION_CONTEXT('2D SPACE',''
  ) );
#1809 = ORIENTED_EDGE('',*,*,#1810,.T.);
#1810 = EDGE_CURVE('',#1783,#1783,#1811,.T.);
#1811 = SURFACE_CURVE('',#1812,(#1817,#1824),.PCURVE_S1.);
#1812 = CIRCLE('',#1813,30.);
#1813 = AXIS2_PLACEMENT_3D('',#1814,#1815,#1816);
#1814 = CARTESIAN_POINT('',(0.,0.,76.5));
#1815 = DIRECTION('',(0.,0.,1.));
#1816 = DIRECTION('',(1.,0.,0.));
#1817 = PCURVE('',#1791,#1818);
#1818 = DEFINITIONAL_REPRESENTATION('',(#1819),#1823);
#1819 = LINE('',#1820,#1821);
#1820 = CARTESIAN_POINT('',(-0.,-3.));
#1821 = VECTOR('',#1822,1.);
#1822 = DIRECTION('',(-1.,0.));
#1823 = ( GEOMETRIC_REPRESENTATION_CONTEXT(2) 
PARAMETRIC_REPRESENTATION_CONTEXT() REPRESENTATION_CONTEXT('2D SPACE',''
  ) );
#1824 = PCURVE('',#1825,#1830);
#1825 = PLANE('',#1826);
#1826 = AXIS2_PLACEMENT_3D('',#1827,#1828,#1829);
#1827 = CARTESIAN_POINT('',(-1.458602808042E-15,2.339560088947E-16,76.5)
  );
#1828 = DIRECTION('',(0.,0.,1.));
#1829 = DIRECTION('',(1.,0.,-0.));
#1830 = DEFINITIONAL_REPRESENTATION('',(#1831),#1835);
#1831 = CIRCLE('',#1832,30.);
#1832 = AXIS2_PLACEMENT_2D('',#1833,#1834);
#1833 = CARTESIAN_POINT('',(1.458602808042E-15,-2.339560088947E-16));
#1834 = DIRECTION('',(1.,0.));
#1835 = ( GEOMETRIC_REPRESENTATION_CONTEXT(2) 
PARAMETRIC_REPRESENTATION_CONTEXT() REPRESENTATION_CONTEXT('2D SPACE',''
  ) );
#1836 = ORIENTED_EDGE('',*,*,#1780,.F.);
#1837 = ORIENTED_EDGE('',*,*,#1838,.F.);
#1838 = EDGE_CURVE('',#1781,#1781,#1839,.T.);
#1839 = SURFACE_CURVE('',#1840,(#1845,#1852),.PCURVE_S1.);
#1840 = CIRCLE('',#1841,30.);
#1841 = AXIS2_PLACEMENT_3D('',#1842,#1843,#1844);
#1842 = CARTESIAN_POINT('',(0.,0.,73.5));
#1843 = DIRECTION('',(0.,0.,1.));
#1844 = DIRECTION('',(1.,0.,0.));
#1845 = PCURVE('',#1791,#1846);
#1846 = DEFINITIONAL_REPRESENTATION('',(#1847),#1851);
#1847 = LINE('',#1848,#1849);
#1848 = CARTESIAN_POINT('',(-0.,0.));
#1849 = VECTOR('',#1850,1.);
#1850 = DIRECTION('',(-1.,0.));
#1851 = ( GEOMETRIC_REPRESENTATION_CONTEXT(2) 
PARAMETRIC_REPRESENTATION_CONTEXT() REPRESENTATION_CONTEXT('2D SPACE',''
  ) );
#1852 = PCURVE('',#1853,#1858);
#1853 = PLANE('',#1854);
#1854 = AXIS2_PLACEMENT_3D('',#1855,#1856,#1857);
#1855 = CARTESIAN_POINT('',(-1.458602808042E-15,2.339560088947E-16,73.5)
  );
#1856 = DIRECTION('',(0.,0.,1.));
#1857 = DIRECTION('',(1.,0.,-0.));
#1858 = DEFINITIONAL_REPRESENTATION('',(#1859),#1863);
#1859 = CIRCLE('',#1860,30.);
#1860 = AXIS2_PLACEMENT_2D('',#1861,#1862);
#1861 = CARTESIAN_POINT('',(1.458602808042E-15,-2.339560088947E-16));
#1862 = DIRECTION('',(1.,0.));
#1863 = ( GEOMETRIC_REPRESENTATION_CONTEXT(2) 
PARAMETRIC_REPRESENTATION_CONTEXT() REPRESENTATION_CONTEXT('2D SPACE',''
  ) );
#1864 = ADVANCED_FACE('',(#1865),#1853,.F.);
#1865 = FACE_BOUND('',#1866,.F.);
#1866 = EDGE_LOOP('',(#1867));
#1867 = ORIENTED_EDGE('',*,*,#1838,.T.);
#1868 = ADVANCED_FACE('',(#1869),#1825,.T.);
#1869 = FACE_BOUND('',#1870,.T.);
#1870 = EDGE_LOOP('',(#1871));
#1871 = ORIENTED_EDGE('',*,*,#1810,.T.);
#1872 = MANIFOLD_SOLID_BREP('',#1873);
#1873 = CLOSED_SHELL('',(#1874,#1994,#2094,#2141,#2188,#2195));
#1874 = ADVANCED_FACE('',(#1875),#1889,.F.);
#1875 = FACE_BOUND('',#1876,.F.);
#1876 = EDGE_LOOP('',(#1877,#1912,#1940,#1968));
#1877 = ORIENTED_EDGE('',*,*,#1878,.F.);
#1878 = EDGE_CURVE('',#1879,#1881,#1883,.T.);
#1879 = VERTEX_POINT('',#1880);
#1880 = CARTESIAN_POINT('',(16.461417868886,25.137012113533,62.25));
#1881 = VERTEX_POINT('',#1882);
#1882 = CARTESIAN_POINT('',(16.461417868886,25.137012113533,87.75));
#1883 = SURFACE_CURVE('',#1884,(#1888,#1900),.PCURVE_S1.);
#1884 = LINE('',#1885,#1886);
#1885 = CARTESIAN_POINT('',(16.461417868886,25.137012113533,62.25));
#1886 = VECTOR('',#1887,1.);
#1887 = DIRECTION('',(0.,0.,1.));
#1888 = PCURVE('',#1889,#1894);
#1889 = PLANE('',#1890);
#1890 = AXIS2_PLACEMENT_3D('',#1891,#1892,#1893);
#1891 = CARTESIAN_POINT('',(16.461417868886,25.137012113533,62.25));
#1892 = DIRECTION('',(0.5,0.866025403784,0.));
#1893 = DIRECTION('',(0.,0.,1.));
#1894 = DEFINITIONAL_REPRESENTATION('',(#1895),#1899);
#1895 = LINE('',#1896,#1897);
#1896 = CARTESIAN_POINT('',(0.,0.));
#1897 = VECTOR('',#1898,1.);
#1898 = DIRECTION('',(1.,0.));
#1899 = ( GEOMETRIC_REPRESENTATION_CONTEXT(2) 
PARAMETRIC_REPRESENTATION_CONTEXT() REPRESENTATION_CONTEXT('2D SPACE',''
  ) );
#1900 = PCURVE('',#1901,#1906);
#1901 = PLANE('',#1902);
#1902 = AXIS2_PLACEMENT_3D('',#1903,#1904,#1905);
#1903 = CARTESIAN_POINT('',(16.461417868886,25.137012113533,62.25));
#1904 = DIRECTION('',(-0.866025403784,0.5,0.));
#1905 = DIRECTION('',(0.,0.,1.));
#1906 = DEFINITIONAL_REPRESENTATION('',(#1907),#1911);
#1907 = LINE('',#1908,#1909);
#1908 = CARTESIAN_POINT('',(0.,0.));
#1909 = VECTOR('',#1910,1.);
#1910 = DIRECTION('',(1.,0.));
#1911 = ( GEOMETRIC_REPRESENTATION_CONTEXT(2) 
PARAMETRIC_REPRESENTATION_CONTEXT() REPRESENTATION_CONTEXT('2D SPACE',''
  ) );
#1912 = ORIENTED_EDGE('',*,*,#1913,.T.);
#1913 = EDGE_CURVE('',#1879,#1914,#1916,.T.);
#1914 = VERTEX_POINT('',#1915);
#1915 = CARTESIAN_POINT('',(13.538582131114,26.824512113533,62.25));
#1916 = SURFACE_CURVE('',#1917,(#1921,#1928),.PCURVE_S1.);
#1917 = LINE('',#1918,#1919);
#1918 = CARTESIAN_POINT('',(16.461417868886,25.137012113533,62.25));
#1919 = VECTOR('',#1920,1.);
#1920 = DIRECTION('',(-0.866025403784,0.5,0.));
#1921 = PCURVE('',#1889,#1922);
#1922 = DEFINITIONAL_REPRESENTATION('',(#1923),#1927);
#1923 = LINE('',#1924,#1925);
#1924 = CARTESIAN_POINT('',(0.,0.));
#1925 = VECTOR('',#1926,1.);
#1926 = DIRECTION('',(0.,-1.));
#1927 = ( GEOMETRIC_REPRESENTATION_CONTEXT(2) 
PARAMETRIC_REPRESENTATION_CONTEXT() REPRESENTATION_CONTEXT('2D SPACE',''
  ) );
#1928 = PCURVE('',#1929,#1934);
#1929 = PLANE('',#1930);
#1930 = AXIS2_PLACEMENT_3D('',#1931,#1932,#1933);
#1931 = CARTESIAN_POINT('',(16.461417868886,25.137012113533,62.25));
#1932 = DIRECTION('',(0.,0.,1.));
#1933 = DIRECTION('',(0.5,0.866025403784,0.));
#1934 = DEFINITIONAL_REPRESENTATION('',(#1935),#1939);
#1935 = LINE('',#1936,#1937);
#1936 = CARTESIAN_POINT('',(0.,0.));
#1937 = VECTOR('',#1938,1.);
#1938 = DIRECTION('',(0.,1.));
#1939 = ( GEOMETRIC_REPRESENTATION_CONTEXT(2) 
PARAMETRIC_REPRESENTATION_CONTEXT() REPRESENTATION_CONTEXT('2D SPACE',''
  ) );
#1940 = ORIENTED_EDGE('',*,*,#1941,.T.);
#1941 = EDGE_CURVE('',#1914,#1942,#1944,.T.);
#1942 = VERTEX_POINT('',#1943);
#1943 = CARTESIAN_POINT('',(13.538582131114,26.824512113533,87.75));
#1944 = SURFACE_CURVE('',#1945,(#1949,#1956),.PCURVE_S1.);
#1945 = LINE('',#1946,#1947);
#1946 = CARTESIAN_POINT('',(13.538582131114,26.824512113533,62.25));
#1947 = VECTOR('',#1948,1.);
#1948 = DIRECTION('',(0.,0.,1.));
#1949 = PCURVE('',#1889,#1950);
#1950 = DEFINITIONAL_REPRESENTATION('',(#1951),#1955);
#1951 = LINE('',#1952,#1953);
#1952 = CARTESIAN_POINT('',(0.,-3.375));
#1953 = VECTOR('',#1954,1.);
#1954 = DIRECTION('',(1.,0.));
#1955 = ( GEOMETRIC_REPRESENTATION_CONTEXT(2) 
PARAMETRIC_REPRESENTATION_CONTEXT() REPRESENTATION_CONTEXT('2D SPACE',''
  ) );
#1956 = PCURVE('',#1957,#1962);
#1957 = PLANE('',#1958);
#1958 = AXIS2_PLACEMENT_3D('',#1959,#1960,#1961);
#1959 = CARTESIAN_POINT('',(13.538582131114,26.824512113533,62.25));
#1960 = DIRECTION('',(-0.866025403784,0.5,0.));
#1961 = DIRECTION('',(0.,0.,1.));
#1962 = DEFINITIONAL_REPRESENTATION('',(#1963),#1967);
#1963 = LINE('',#1964,#1965);
#1964 = CARTESIAN_POINT('',(0.,0.));
#1965 = VECTOR('',#1966,1.);
#1966 = DIRECTION('',(1.,0.));
#1967 = ( GEOMETRIC_REPRESENTATION_CONTEXT(2) 
PARAMETRIC_REPRESENTATION_CONTEXT() REPRESENTATION_CONTEXT('2D SPACE',''
  ) );
#1968 = ORIENTED_EDGE('',*,*,#1969,.F.);
#1969 = EDGE_CURVE('',#1881,#1942,#1970,.T.);
#1970 = SURFACE_CURVE('',#1971,(#1975,#1982),.PCURVE_S1.);
#1971 = LINE('',#1972,#1973);
#1972 = CARTESIAN_POINT('',(16.461417868886,25.137012113533,87.75));
#1973 = VECTOR('',#1974,1.);
#1974 = DIRECTION('',(-0.866025403784,0.5,0.));
#1975 = PCURVE('',#1889,#1976);
#1976 = DEFINITIONAL_REPRESENTATION('',(#1977),#1981);
#1977 = LINE('',#1978,#1979);
#1978 = CARTESIAN_POINT('',(25.5,0.));
#1979 = VECTOR('',#1980,1.);
#1980 = DIRECTION('',(0.,-1.));
#1981 = ( GEOMETRIC_REPRESENTATION_CONTEXT(2) 
PARAMETRIC_REPRESENTATION_CONTEXT() REPRESENTATION_CONTEXT('2D SPACE',''
  ) );
#1982 = PCURVE('',#1983,#1988);
#1983 = PLANE('',#1984);
#1984 = AXIS2_PLACEMENT_3D('',#1985,#1986,#1987);
#1985 = CARTESIAN_POINT('',(16.461417868886,25.137012113533,87.75));
#1986 = DIRECTION('',(0.,0.,1.));
#1987 = DIRECTION('',(0.5,0.866025403784,0.));
#1988 = DEFINITIONAL_REPRESENTATION('',(#1989),#1993);
#1989 = LINE('',#1990,#1991);
#1990 = CARTESIAN_POINT('',(0.,0.));
#1991 = VECTOR('',#1992,1.);
#1992 = DIRECTION('',(0.,1.));
#1993 = ( GEOMETRIC_REPRESENTATION_CONTEXT(2) 
PARAMETRIC_REPRESENTATION_CONTEXT() REPRESENTATION_CONTEXT('2D SPACE',''
  ) );
#1994 = ADVANCED_FACE('',(#1995),#2009,.T.);
#1995 = FACE_BOUND('',#1996,.T.);
#1996 = EDGE_LOOP('',(#1997,#2027,#2050,#2073));
#1997 = ORIENTED_EDGE('',*,*,#1998,.F.);
#1998 = EDGE_CURVE('',#1999,#2001,#2003,.T.);
#1999 = VERTEX_POINT('',#2000);
#2000 = CARTESIAN_POINT('',(28.461417868886,45.92162180436,62.25));
#2001 = VERTEX_POINT('',#2002);
#2002 = CARTESIAN_POINT('',(28.461417868886,45.92162180436,87.75));
#2003 = SURFACE_CURVE('',#2004,(#2008,#2020),.PCURVE_S1.);
#2004 = LINE('',#2005,#2006);
#2005 = CARTESIAN_POINT('',(28.461417868886,45.92162180436,62.25));
#2006 = VECTOR('',#2007,1.);
#2007 = DIRECTION('',(0.,0.,1.));
#2008 = PCURVE('',#2009,#2014);
#2009 = PLANE('',#2010);
#2010 = AXIS2_PLACEMENT_3D('',#2011,#2012,#2013);
#2011 = CARTESIAN_POINT('',(28.461417868886,45.92162180436,62.25));
#2012 = DIRECTION('',(0.5,0.866025403784,0.));
#2013 = DIRECTION('',(0.,0.,1.));
#2014 = DEFINITIONAL_REPRESENTATION('',(#2015),#2019);
#2015 = LINE('',#2016,#2017);
#2016 = CARTESIAN_POINT('',(0.,0.));
#2017 = VECTOR('',#2018,1.);
#2018 = DIRECTION('',(1.,0.));
#2019 = ( GEOMETRIC_REPRESENTATION_CONTEXT(2) 
PARAMETRIC_REPRESENTATION_CONTEXT() REPRESENTATION_CONTEXT('2D SPACE',''
  ) );
#2020 = PCURVE('',#1901,#2021);
#2021 = DEFINITIONAL_REPRESENTATION('',(#2022),#2026);
#2022 = LINE('',#2023,#2024);
#2023 = CARTESIAN_POINT('',(0.,24.));
#2024 = VECTOR('',#2025,1.);
#2025 = DIRECTION('',(1.,0.));
#2026 = ( GEOMETRIC_REPRESENTATION_CONTEXT(2) 
PARAMETRIC_REPRESENTATION_CONTEXT() REPRESENTATION_CONTEXT('2D SPACE',''
  ) );
#2027 = ORIENTED_EDGE('',*,*,#2028,.T.);
#2028 = EDGE_CURVE('',#1999,#2029,#2031,.T.);
#2029 = VERTEX_POINT('',#2030);
#2030 = CARTESIAN_POINT('',(25.538582131114,47.60912180436,62.25));
#2031 = SURFACE_CURVE('',#2032,(#2036,#2043),.PCURVE_S1.);
#2032 = LINE('',#2033,#2034);
#2033 = CARTESIAN_POINT('',(28.461417868886,45.92162180436,62.25));
#2034 = VECTOR('',#2035,1.);
#2035 = DIRECTION('',(-0.866025403784,0.5,0.));
#2036 = PCURVE('',#2009,#2037);
#2037 = DEFINITIONAL_REPRESENTATION('',(#2038),#2042);
#2038 = LINE('',#2039,#2040);
#2039 = CARTESIAN_POINT('',(0.,0.));
#2040 = VECTOR('',#2041,1.);
#2041 = DIRECTION('',(0.,-1.));
#2042 = ( GEOMETRIC_REPRESENTATION_CONTEXT(2) 
PARAMETRIC_REPRESENTATION_CONTEXT() REPRESENTATION_CONTEXT('2D SPACE',''
  ) );
#2043 = PCURVE('',#1929,#2044);
#2044 = DEFINITIONAL_REPRESENTATION('',(#2045),#2049);
#2045 = LINE('',#2046,#2047);
#2046 = CARTESIAN_POINT('',(24.,-1.7763568394E-15));
#2047 = VECTOR('',#2048,1.);
#2048 = DIRECTION('',(0.,1.));
#2049 = ( GEOMETRIC_REPRESENTATION_CONTEXT(2) 
PARAMETRIC_REPRESENTATION_CONTEXT() REPRESENTATION_CONTEXT('2D SPACE',''
  ) );
#2050 = ORIENTED_EDGE('',*,*,#2051,.T.);
#2051 = EDGE_CURVE('',#2029,#2052,#2054,.T.);
#2052 = VERTEX_POINT('',#2053);
#2053 = CARTESIAN_POINT('',(25.538582131114,47.60912180436,87.75));
#2054 = SURFACE_CURVE('',#2055,(#2059,#2066),.PCURVE_S1.);
#2055 = LINE('',#2056,#2057);
#2056 = CARTESIAN_POINT('',(25.538582131114,47.60912180436,62.25));
#2057 = VECTOR('',#2058,1.);
#2058 = DIRECTION('',(0.,0.,1.));
#2059 = PCURVE('',#2009,#2060);
#2060 = DEFINITIONAL_REPRESENTATION('',(#2061),#2065);
#2061 = LINE('',#2062,#2063);
#2062 = CARTESIAN_POINT('',(0.,-3.375));
#2063 = VECTOR('',#2064,1.);
#2064 = DIRECTION('',(1.,0.));
#2065 = ( GEOMETRIC_REPRESENTATION_CONTEXT(2) 
PARAMETRIC_REPRESENTATION_CONTEXT() REPRESENTATION_CONTEXT('2D SPACE',''
  ) );
#2066 = PCURVE('',#1957,#2067);
#2067 = DEFINITIONAL_REPRESENTATION('',(#2068),#2072);
#2068 = LINE('',#2069,#2070);
#2069 = CARTESIAN_POINT('',(0.,24.));
#2070 = VECTOR('',#2071,1.);
#2071 = DIRECTION('',(1.,0.));
#2072 = ( GEOMETRIC_REPRESENTATION_CONTEXT(2) 
PARAMETRIC_REPRESENTATION_CONTEXT() REPRESENTATION_CONTEXT('2D SPACE',''
  ) );
#2073 = ORIENTED_EDGE('',*,*,#2074,.F.);
#2074 = EDGE_CURVE('',#2001,#2052,#2075,.T.);
#2075 = SURFACE_CURVE('',#2076,(#2080,#2087),.PCURVE_S1.);
#2076 = LINE('',#2077,#2078);
#2077 = CARTESIAN_POINT('',(28.461417868886,45.92162180436,87.75));
#2078 = VECTOR('',#2079,1.);
#2079 = DIRECTION('',(-0.866025403784,0.5,0.));
#2080 = PCURVE('',#2009,#2081);
#2081 = DEFINITIONAL_REPRESENTATION('',(#2082),#2086);
#2082 = LINE('',#2083,#2084);
#2083 = CARTESIAN_POINT('',(25.5,0.));
#2084 = VECTOR('',#2085,1.);
#2085 = DIRECTION('',(0.,-1.));
#2086 = ( GEOMETRIC_REPRESENTATION_CONTEXT(2) 
PARAMETRIC_REPRESENTATION_CONTEXT() REPRESENTATION_CONTEXT('2D SPACE',''
  ) );
#2087 = PCURVE('',#1983,#2088);
#2088 = DEFINITIONAL_REPRESENTATION('',(#2089),#2093);
#2089 = LINE('',#2090,#2091);
#2090 = CARTESIAN_POINT('',(24.,-1.7763568394E-15));
#2091 = VECTOR('',#2092,1.);
#2092 = DIRECTION('',(0.,1.));
#2093 = ( GEOMETRIC_REPRESENTATION_CONTEXT(2) 
PARAMETRIC_REPRESENTATION_CONTEXT() REPRESENTATION_CONTEXT('2D SPACE',''
  ) );
#2094 = ADVANCED_FACE('',(#2095),#1901,.F.);
#2095 = FACE_BOUND('',#2096,.F.);
#2096 = EDGE_LOOP('',(#2097,#2118,#2119,#2140));
#2097 = ORIENTED_EDGE('',*,*,#2098,.F.);
#2098 = EDGE_CURVE('',#1879,#1999,#2099,.T.);
#2099 = SURFACE_CURVE('',#2100,(#2104,#2111),.PCURVE_S1.);
#2100 = LINE('',#2101,#2102);
#2101 = CARTESIAN_POINT('',(16.461417868886,25.137012113533,62.25));
#2102 = VECTOR('',#2103,1.);
#2103 = DIRECTION('',(0.5,0.866025403784,0.));
#2104 = PCURVE('',#1901,#2105);
#2105 = DEFINITIONAL_REPRESENTATION('',(#2106),#2110);
#2106 = LINE('',#2107,#2108);
#2107 = CARTESIAN_POINT('',(0.,0.));
#2108 = VECTOR('',#2109,1.);
#2109 = DIRECTION('',(0.,1.));
#2110 = ( GEOMETRIC_REPRESENTATION_CONTEXT(2) 
PARAMETRIC_REPRESENTATION_CONTEXT() REPRESENTATION_CONTEXT('2D SPACE',''
  ) );
#2111 = PCURVE('',#1929,#2112);
#2112 = DEFINITIONAL_REPRESENTATION('',(#2113),#2117);
#2113 = LINE('',#2114,#2115);
#2114 = CARTESIAN_POINT('',(0.,0.));
#2115 = VECTOR('',#2116,1.);
#2116 = DIRECTION('',(1.,0.));
#2117 = ( GEOMETRIC_REPRESENTATION_CONTEXT(2) 
PARAMETRIC_REPRESENTATION_CONTEXT() REPRESENTATION_CONTEXT('2D SPACE',''
  ) );
#2118 = ORIENTED_EDGE('',*,*,#1878,.T.);
#2119 = ORIENTED_EDGE('',*,*,#2120,.T.);
#2120 = EDGE_CURVE('',#1881,#2001,#2121,.T.);
#2121 = SURFACE_CURVE('',#2122,(#2126,#2133),.PCURVE_S1.);
#2122 = LINE('',#2123,#2124);
#2123 = CARTESIAN_POINT('',(16.461417868886,25.137012113533,87.75));
#2124 = VECTOR('',#2125,1.);
#2125 = DIRECTION('',(0.5,0.866025403784,0.));
#2126 = PCURVE('',#1901,#2127);
#2127 = DEFINITIONAL_REPRESENTATION('',(#2128),#2132);
#2128 = LINE('',#2129,#2130);
#2129 = CARTESIAN_POINT('',(25.5,0.));
#2130 = VECTOR('',#2131,1.);
#2131 = DIRECTION('',(0.,1.));
#2132 = ( GEOMETRIC_REPRESENTATION_CONTEXT(2) 
PARAMETRIC_REPRESENTATION_CONTEXT() REPRESENTATION_CONTEXT('2D SPACE',''
  ) );
#2133 = PCURVE('',#1983,#2134);
#2134 = DEFINITIONAL_REPRESENTATION('',(#2135),#2139);
#2135 = LINE('',#2136,#2137);
#2136 = CARTESIAN_POINT('',(0.,0.));
#2137 = VECTOR('',#2138,1.);
#2138 = DIRECTION('',(1.,0.));
#2139 = ( GEOMETRIC_REPRESENTATION_CONTEXT(2) 
PARAMETRIC_REPRESENTATION_CONTEXT() REPRESENTATION_CONTEXT('2D SPACE',''
  ) );
#2140 = ORIENTED_EDGE('',*,*,#1998,.F.);
#2141 = ADVANCED_FACE('',(#2142),#1957,.T.);
#2142 = FACE_BOUND('',#2143,.T.);
#2143 = EDGE_LOOP('',(#2144,#2165,#2166,#2187));
#2144 = ORIENTED_EDGE('',*,*,#2145,.F.);
#2145 = EDGE_CURVE('',#1914,#2029,#2146,.T.);
#2146 = SURFACE_CURVE('',#2147,(#2151,#2158),.PCURVE_S1.);
#2147 = LINE('',#2148,#2149);
#2148 = CARTESIAN_POINT('',(13.538582131114,26.824512113533,62.25));
#2149 = VECTOR('',#2150,1.);
#2150 = DIRECTION('',(0.5,0.866025403784,0.));
#2151 = PCURVE('',#1957,#2152);
#2152 = DEFINITIONAL_REPRESENTATION('',(#2153),#2157);
#2153 = LINE('',#2154,#2155);
#2154 = CARTESIAN_POINT('',(0.,0.));
#2155 = VECTOR('',#2156,1.);
#2156 = DIRECTION('',(0.,1.));
#2157 = ( GEOMETRIC_REPRESENTATION_CONTEXT(2) 
PARAMETRIC_REPRESENTATION_CONTEXT() REPRESENTATION_CONTEXT('2D SPACE',''
  ) );
#2158 = PCURVE('',#1929,#2159);
#2159 = DEFINITIONAL_REPRESENTATION('',(#2160),#2164);
#2160 = LINE('',#2161,#2162);
#2161 = CARTESIAN_POINT('',(-4.440892098501E-16,3.375));
#2162 = VECTOR('',#2163,1.);
#2163 = DIRECTION('',(1.,0.));
#2164 = ( GEOMETRIC_REPRESENTATION_CONTEXT(2) 
PARAMETRIC_REPRESENTATION_CONTEXT() REPRESENTATION_CONTEXT('2D SPACE',''
  ) );
#2165 = ORIENTED_EDGE('',*,*,#1941,.T.);
#2166 = ORIENTED_EDGE('',*,*,#2167,.T.);
#2167 = EDGE_CURVE('',#1942,#2052,#2168,.T.);
#2168 = SURFACE_CURVE('',#2169,(#2173,#2180),.PCURVE_S1.);
#2169 = LINE('',#2170,#2171);
#2170 = CARTESIAN_POINT('',(13.538582131114,26.824512113533,87.75));
#2171 = VECTOR('',#2172,1.);
#2172 = DIRECTION('',(0.5,0.866025403784,0.));
#2173 = PCURVE('',#1957,#2174);
#2174 = DEFINITIONAL_REPRESENTATION('',(#2175),#2179);
#2175 = LINE('',#2176,#2177);
#2176 = CARTESIAN_POINT('',(25.5,0.));
#2177 = VECTOR('',#2178,1.);
#2178 = DIRECTION('',(0.,1.));
#2179 = ( GEOMETRIC_REPRESENTATION_CONTEXT(2) 
PARAMETRIC_REPRESENTATION_CONTEXT() REPRESENTATION_CONTEXT('2D SPACE',''
  ) );
#2180 = PCURVE('',#1983,#2181);
#2181 = DEFINITIONAL_REPRESENTATION('',(#2182),#2186);
#2182 = LINE('',#2183,#2184);
#2183 = CARTESIAN_POINT('',(-4.440892098501E-16,3.375));
#2184 = VECTOR('',#2185,1.);
#2185 = DIRECTION('',(1.,0.));
#2186 = ( GEOMETRIC_REPRESENTATION_CONTEXT(2) 
PARAMETRIC_REPRESENTATION_CONTEXT() REPRESENTATION_CONTEXT('2D SPACE',''
  ) );
#2187 = ORIENTED_EDGE('',*,*,#2051,.F.);
#2188 = ADVANCED_FACE('',(#2189),#1929,.F.);
#2189 = FACE_BOUND('',#2190,.F.);
#2190 = EDGE_LOOP('',(#2191,#2192,#2193,#2194));
#2191 = ORIENTED_EDGE('',*,*,#1913,.F.);
#2192 = ORIENTED_EDGE('',*,*,#2098,.T.);
#2193 = ORIENTED_EDGE('',*,*,#2028,.T.);
#2194 = ORIENTED_EDGE('',*,*,#2145,.F.);
#2195 = ADVANCED_FACE('',(#2196),#1983,.T.);
#2196 = FACE_BOUND('',#2197,.T.);
#2197 = EDGE_LOOP('',(#2198,#2199,#2200,#2201));
#2198 = ORIENTED_EDGE('',*,*,#1969,.F.);
#2199 = ORIENTED_EDGE('',*,*,#2120,.T.);
#2200 = ORIENTED_EDGE('',*,*,#2074,.T.);
#2201 = ORIENTED_EDGE('',*,*,#2167,.F.);
#2202 = MANIFOLD_SOLID_BREP('',#2203);
#2203 = CLOSED_SHELL('',(#2204,#2324,#2424,#2471,#2518,#2525));
#2204 = ADVANCED_FACE('',(#2205),#2219,.F.);
#2205 = FACE_BOUND('',#2206,.F.);
#2206 = EDGE_LOOP('',(#2207,#2242,#2270,#2298));
#2207 = ORIENTED_EDGE('',*,*,#2208,.F.);
#2208 = EDGE_CURVE('',#2209,#2211,#2213,.T.);
#2209 = VERTEX_POINT('',#2210);
#2210 = CARTESIAN_POINT('',(-13.53858213111,26.824512113533,62.25));
#2211 = VERTEX_POINT('',#2212);
#2212 = CARTESIAN_POINT('',(-13.53858213111,26.824512113533,87.75));
#2213 = SURFACE_CURVE('',#2214,(#2218,#2230),.PCURVE_S1.);
#2214 = LINE('',#2215,#2216);
#2215 = CARTESIAN_POINT('',(-13.53858213111,26.824512113533,62.25));
#2216 = VECTOR('',#2217,1.);
#2217 = DIRECTION('',(0.,0.,1.));
#2218 = PCURVE('',#2219,#2224);
#2219 = PLANE('',#2220);
#2220 = AXIS2_PLACEMENT_3D('',#2221,#2222,#2223);
#2221 = CARTESIAN_POINT('',(-13.53858213111,26.824512113533,62.25));
#2222 = DIRECTION('',(-0.5,0.866025403784,0.));
#2223 = DIRECTION('',(0.,0.,1.));
#2224 = DEFINITIONAL_REPRESENTATION('',(#2225),#2229);
#2225 = LINE('',#2226,#2227);
#2226 = CARTESIAN_POINT('',(0.,0.));
#2227 = VECTOR('',#2228,1.);
#2228 = DIRECTION('',(1.,0.));
#2229 = ( GEOMETRIC_REPRESENTATION_CONTEXT(2) 
PARAMETRIC_REPRESENTATION_CONTEXT() REPRESENTATION_CONTEXT('2D SPACE',''
  ) );
#2230 = PCURVE('',#2231,#2236);
#2231 = PLANE('',#2232);
#2232 = AXIS2_PLACEMENT_3D('',#2233,#2234,#2235);
#2233 = CARTESIAN_POINT('',(-13.53858213111,26.824512113533,62.25));
#2234 = DIRECTION('',(-0.866025403784,-0.5,0.));
#2235 = DIRECTION('',(0.,0.,1.));
#2236 = DEFINITIONAL_REPRESENTATION('',(#2237),#2241);
#2237 = LINE('',#2238,#2239);
#2238 = CARTESIAN_POINT('',(0.,0.));
#2239 = VECTOR('',#2240,1.);
#2240 = DIRECTION('',(1.,0.));
#2241 = ( GEOMETRIC_REPRESENTATION_CONTEXT(2) 
PARAMETRIC_REPRESENTATION_CONTEXT() REPRESENTATION_CONTEXT('2D SPACE',''
  ) );
#2242 = ORIENTED_EDGE('',*,*,#2243,.T.);
#2243 = EDGE_CURVE('',#2209,#2244,#2246,.T.);
#2244 = VERTEX_POINT('',#2245);
#2245 = CARTESIAN_POINT('',(-16.46141786888,25.137012113533,62.25));
#2246 = SURFACE_CURVE('',#2247,(#2251,#2258),.PCURVE_S1.);
#2247 = LINE('',#2248,#2249);
#2248 = CARTESIAN_POINT('',(-13.53858213111,26.824512113533,62.25));
#2249 = VECTOR('',#2250,1.);
#2250 = DIRECTION('',(-0.866025403784,-0.5,0.));
#2251 = PCURVE('',#2219,#2252);
#2252 = DEFINITIONAL_REPRESENTATION('',(#2253),#2257);
#2253 = LINE('',#2254,#2255);
#2254 = CARTESIAN_POINT('',(0.,0.));
#2255 = VECTOR('',#2256,1.);
#2256 = DIRECTION('',(0.,-1.));
#2257 = ( GEOMETRIC_REPRESENTATION_CONTEXT(2) 
PARAMETRIC_REPRESENTATION_CONTEXT() REPRESENTATION_CONTEXT('2D SPACE',''
  ) );
#2258 = PCURVE('',#2259,#2264);
#2259 = PLANE('',#2260);
#2260 = AXIS2_PLACEMENT_3D('',#2261,#2262,#2263);
#2261 = CARTESIAN_POINT('',(-13.53858213111,26.824512113533,62.25));
#2262 = DIRECTION('',(0.,0.,1.));
#2263 = DIRECTION('',(-0.5,0.866025403784,0.));
#2264 = DEFINITIONAL_REPRESENTATION('',(#2265),#2269);
#2265 = LINE('',#2266,#2267);
#2266 = CARTESIAN_POINT('',(0.,0.));
#2267 = VECTOR('',#2268,1.);
#2268 = DIRECTION('',(0.,1.));
#2269 = ( GEOMETRIC_REPRESENTATION_CONTEXT(2) 
PARAMETRIC_REPRESENTATION_CONTEXT() REPRESENTATION_CONTEXT('2D SPACE',''
  ) );
#2270 = ORIENTED_EDGE('',*,*,#2271,.T.);
#2271 = EDGE_CURVE('',#2244,#2272,#2274,.T.);
#2272 = VERTEX_POINT('',#2273);
#2273 = CARTESIAN_POINT('',(-16.46141786888,25.137012113533,87.75));
#2274 = SURFACE_CURVE('',#2275,(#2279,#2286),.PCURVE_S1.);
#2275 = LINE('',#2276,#2277);
#2276 = CARTESIAN_POINT('',(-16.46141786888,25.137012113533,62.25));
#2277 = VECTOR('',#2278,1.);
#2278 = DIRECTION('',(0.,0.,1.));
#2279 = PCURVE('',#2219,#2280);
#2280 = DEFINITIONAL_REPRESENTATION('',(#2281),#2285);
#2281 = LINE('',#2282,#2283);
#2282 = CARTESIAN_POINT('',(0.,-3.375));
#2283 = VECTOR('',#2284,1.);
#2284 = DIRECTION('',(1.,0.));
#2285 = ( GEOMETRIC_REPRESENTATION_CONTEXT(2) 
PARAMETRIC_REPRESENTATION_CONTEXT() REPRESENTATION_CONTEXT('2D SPACE',''
  ) );
#2286 = PCURVE('',#2287,#2292);
#2287 = PLANE('',#2288);
#2288 = AXIS2_PLACEMENT_3D('',#2289,#2290,#2291);
#2289 = CARTESIAN_POINT('',(-16.46141786888,25.137012113533,62.25));
#2290 = DIRECTION('',(-0.866025403784,-0.5,0.));
#2291 = DIRECTION('',(0.,0.,1.));
#2292 = DEFINITIONAL_REPRESENTATION('',(#2293),#2297);
#2293 = LINE('',#2294,#2295);
#2294 = CARTESIAN_POINT('',(0.,0.));
#2295 = VECTOR('',#2296,1.);
#2296 = DIRECTION('',(1.,0.));
#2297 = ( GEOMETRIC_REPRESENTATION_CONTEXT(2) 
PARAMETRIC_REPRESENTATION_CONTEXT() REPRESENTATION_CONTEXT('2D SPACE',''
  ) );
#2298 = ORIENTED_EDGE('',*,*,#2299,.F.);
#2299 = EDGE_CURVE('',#2211,#2272,#2300,.T.);
#2300 = SURFACE_CURVE('',#2301,(#2305,#2312),.PCURVE_S1.);
#2301 = LINE('',#2302,#2303);
#2302 = CARTESIAN_POINT('',(-13.53858213111,26.824512113533,87.75));
#2303 = VECTOR('',#2304,1.);
#2304 = DIRECTION('',(-0.866025403784,-0.5,0.));
#2305 = PCURVE('',#2219,#2306);
#2306 = DEFINITIONAL_REPRESENTATION('',(#2307),#2311);
#2307 = LINE('',#2308,#2309);
#2308 = CARTESIAN_POINT('',(25.5,0.));
#2309 = VECTOR('',#2310,1.);
#2310 = DIRECTION('',(0.,-1.));
#2311 = ( GEOMETRIC_REPRESENTATION_CONTEXT(2) 
PARAMETRIC_REPRESENTATION_CONTEXT() REPRESENTATION_CONTEXT('2D SPACE',''
  ) );
#2312 = PCURVE('',#2313,#2318);
#2313 = PLANE('',#2314);
#2314 = AXIS2_PLACEMENT_3D('',#2315,#2316,#2317);
#2315 = CARTESIAN_POINT('',(-13.53858213111,26.824512113533,87.75));
#2316 = DIRECTION('',(0.,0.,1.));
#2317 = DIRECTION('',(-0.5,0.866025403784,0.));
#2318 = DEFINITIONAL_REPRESENTATION('',(#2319),#2323);
#2319 = LINE('',#2320,#2321);
#2320 = CARTESIAN_POINT('',(0.,0.));
#2321 = VECTOR('',#2322,1.);
#2322 = DIRECTION('',(0.,1.));
#2323 = ( GEOMETRIC_REPRESENTATION_CONTEXT(2) 
PARAMETRIC_REPRESENTATION_CONTEXT() REPRESENTATION_CONTEXT('2D SPACE',''
  ) );
#2324 = ADVANCED_FACE('',(#2325),#2339,.T.);
#2325 = FACE_BOUND('',#2326,.T.);
#2326 = EDGE_LOOP('',(#2327,#2357,#2380,#2403));
#2327 = ORIENTED_EDGE('',*,*,#2328,.F.);
#2328 = EDGE_CURVE('',#2329,#2331,#2333,.T.);
#2329 = VERTEX_POINT('',#2330);
#2330 = CARTESIAN_POINT('',(-25.53858213111,47.60912180436,62.25));
#2331 = VERTEX_POINT('',#2332);
#2332 = CARTESIAN_POINT('',(-25.53858213111,47.60912180436,87.75));
#2333 = SURFACE_CURVE('',#2334,(#2338,#2350),.PCURVE_S1.);
#2334 = LINE('',#2335,#2336);
#2335 = CARTESIAN_POINT('',(-25.53858213111,47.60912180436,62.25));
#2336 = VECTOR('',#2337,1.);
#2337 = DIRECTION('',(0.,0.,1.));
#2338 = PCURVE('',#2339,#2344);
#2339 = PLANE('',#2340);
#2340 = AXIS2_PLACEMENT_3D('',#2341,#2342,#2343);
#2341 = CARTESIAN_POINT('',(-25.53858213111,47.60912180436,62.25));
#2342 = DIRECTION('',(-0.5,0.866025403784,0.));
#2343 = DIRECTION('',(0.,0.,1.));
#2344 = DEFINITIONAL_REPRESENTATION('',(#2345),#2349);
#2345 = LINE('',#2346,#2347);
#2346 = CARTESIAN_POINT('',(0.,0.));
#2347 = VECTOR('',#2348,1.);
#2348 = DIRECTION('',(1.,0.));
#2349 = ( GEOMETRIC_REPRESENTATION_CONTEXT(2) 
PARAMETRIC_REPRESENTATION_CONTEXT() REPRESENTATION_CONTEXT('2D SPACE',''
  ) );
#2350 = PCURVE('',#2231,#2351);
#2351 = DEFINITIONAL_REPRESENTATION('',(#2352),#2356);
#2352 = LINE('',#2353,#2354);
#2353 = CARTESIAN_POINT('',(0.,24.));
#2354 = VECTOR('',#2355,1.);
#2355 = DIRECTION('',(1.,0.));
#2356 = ( GEOMETRIC_REPRESENTATION_CONTEXT(2) 
PARAMETRIC_REPRESENTATION_CONTEXT() REPRESENTATION_CONTEXT('2D SPACE',''
  ) );
#2357 = ORIENTED_EDGE('',*,*,#2358,.T.);
#2358 = EDGE_CURVE('',#2329,#2359,#2361,.T.);
#2359 = VERTEX_POINT('',#2360);
#2360 = CARTESIAN_POINT('',(-28.46141786888,45.92162180436,62.25));
#2361 = SURFACE_CURVE('',#2362,(#2366,#2373),.PCURVE_S1.);
#2362 = LINE('',#2363,#2364);
#2363 = CARTESIAN_POINT('',(-25.53858213111,47.60912180436,62.25));
#2364 = VECTOR('',#2365,1.);
#2365 = DIRECTION('',(-0.866025403784,-0.5,0.));
#2366 = PCURVE('',#2339,#2367);
#2367 = DEFINITIONAL_REPRESENTATION('',(#2368),#2372);
#2368 = LINE('',#2369,#2370);
#2369 = CARTESIAN_POINT('',(0.,0.));
#2370 = VECTOR('',#2371,1.);
#2371 = DIRECTION('',(0.,-1.));
#2372 = ( GEOMETRIC_REPRESENTATION_CONTEXT(2) 
PARAMETRIC_REPRESENTATION_CONTEXT() REPRESENTATION_CONTEXT('2D SPACE',''
  ) );
#2373 = PCURVE('',#2259,#2374);
#2374 = DEFINITIONAL_REPRESENTATION('',(#2375),#2379);
#2375 = LINE('',#2376,#2377);
#2376 = CARTESIAN_POINT('',(24.,1.7763568394E-15));
#2377 = VECTOR('',#2378,1.);
#2378 = DIRECTION('',(0.,1.));
#2379 = ( GEOMETRIC_REPRESENTATION_CONTEXT(2) 
PARAMETRIC_REPRESENTATION_CONTEXT() REPRESENTATION_CONTEXT('2D SPACE',''
  ) );
#2380 = ORIENTED_EDGE('',*,*,#2381,.T.);
#2381 = EDGE_CURVE('',#2359,#2382,#2384,.T.);
#2382 = VERTEX_POINT('',#2383);
#2383 = CARTESIAN_POINT('',(-28.46141786888,45.92162180436,87.75));
#2384 = SURFACE_CURVE('',#2385,(#2389,#2396),.PCURVE_S1.);
#2385 = LINE('',#2386,#2387);
#2386 = CARTESIAN_POINT('',(-28.46141786888,45.92162180436,62.25));
#2387 = VECTOR('',#2388,1.);
#2388 = DIRECTION('',(0.,0.,1.));
#2389 = PCURVE('',#2339,#2390);
#2390 = DEFINITIONAL_REPRESENTATION('',(#2391),#2395);
#2391 = LINE('',#2392,#2393);
#2392 = CARTESIAN_POINT('',(0.,-3.375));
#2393 = VECTOR('',#2394,1.);
#2394 = DIRECTION('',(1.,0.));
#2395 = ( GEOMETRIC_REPRESENTATION_CONTEXT(2) 
PARAMETRIC_REPRESENTATION_CONTEXT() REPRESENTATION_CONTEXT('2D SPACE',''
  ) );
#2396 = PCURVE('',#2287,#2397);
#2397 = DEFINITIONAL_REPRESENTATION('',(#2398),#2402);
#2398 = LINE('',#2399,#2400);
#2399 = CARTESIAN_POINT('',(0.,24.));
#2400 = VECTOR('',#2401,1.);
#2401 = DIRECTION('',(1.,0.));
#2402 = ( GEOMETRIC_REPRESENTATION_CONTEXT(2) 
PARAMETRIC_REPRESENTATION_CONTEXT() REPRESENTATION_CONTEXT('2D SPACE',''
  ) );
#2403 = ORIENTED_EDGE('',*,*,#2404,.F.);
#2404 = EDGE_CURVE('',#2331,#2382,#2405,.T.);
#2405 = SURFACE_CURVE('',#2406,(#2410,#2417),.PCURVE_S1.);
#2406 = LINE('',#2407,#2408);
#2407 = CARTESIAN_POINT('',(-25.53858213111,47.60912180436,87.75));
#2408 = VECTOR('',#2409,1.);
#2409 = DIRECTION('',(-0.866025403784,-0.5,0.));
#2410 = PCURVE('',#2339,#2411);
#2411 = DEFINITIONAL_REPRESENTATION('',(#2412),#2416);
#2412 = LINE('',#2413,#2414);
#2413 = CARTESIAN_POINT('',(25.5,0.));
#2414 = VECTOR('',#2415,1.);
#2415 = DIRECTION('',(0.,-1.));
#2416 = ( GEOMETRIC_REPRESENTATION_CONTEXT(2) 
PARAMETRIC_REPRESENTATION_CONTEXT() REPRESENTATION_CONTEXT('2D SPACE',''
  ) );
#2417 = PCURVE('',#2313,#2418);
#2418 = DEFINITIONAL_REPRESENTATION('',(#2419),#2423);
#2419 = LINE('',#2420,#2421);
#2420 = CARTESIAN_POINT('',(24.,1.7763568394E-15));
#2421 = VECTOR('',#2422,1.);
#2422 = DIRECTION('',(0.,1.));
#2423 = ( GEOMETRIC_REPRESENTATION_CONTEXT(2) 
PARAMETRIC_REPRESENTATION_CONTEXT() REPRESENTATION_CONTEXT('2D SPACE',''
  ) );
#2424 = ADVANCED_FACE('',(#2425),#2231,.F.);
#2425 = FACE_BOUND('',#2426,.F.);
#2426 = EDGE_LOOP('',(#2427,#2448,#2449,#2470));
#2427 = ORIENTED_EDGE('',*,*,#2428,.F.);
#2428 = EDGE_CURVE('',#2209,#2329,#2429,.T.);
#2429 = SURFACE_CURVE('',#2430,(#2434,#2441),.PCURVE_S1.);
#2430 = LINE('',#2431,#2432);
#2431 = CARTESIAN_POINT('',(-13.53858213111,26.824512113533,62.25));
#2432 = VECTOR('',#2433,1.);
#2433 = DIRECTION('',(-0.5,0.866025403784,0.));
#2434 = PCURVE('',#2231,#2435);
#2435 = DEFINITIONAL_REPRESENTATION('',(#2436),#2440);
#2436 = LINE('',#2437,#2438);
#2437 = CARTESIAN_POINT('',(0.,0.));
#2438 = VECTOR('',#2439,1.);
#2439 = DIRECTION('',(0.,1.));
#2440 = ( GEOMETRIC_REPRESENTATION_CONTEXT(2) 
PARAMETRIC_REPRESENTATION_CONTEXT() REPRESENTATION_CONTEXT('2D SPACE',''
  ) );
#2441 = PCURVE('',#2259,#2442);
#2442 = DEFINITIONAL_REPRESENTATION('',(#2443),#2447);
#2443 = LINE('',#2444,#2445);
#2444 = CARTESIAN_POINT('',(0.,0.));
#2445 = VECTOR('',#2446,1.);
#2446 = DIRECTION('',(1.,0.));
#2447 = ( GEOMETRIC_REPRESENTATION_CONTEXT(2) 
PARAMETRIC_REPRESENTATION_CONTEXT() REPRESENTATION_CONTEXT('2D SPACE',''
  ) );
#2448 = ORIENTED_EDGE('',*,*,#2208,.T.);
#2449 = ORIENTED_EDGE('',*,*,#2450,.T.);
#2450 = EDGE_CURVE('',#2211,#2331,#2451,.T.);
#2451 = SURFACE_CURVE('',#2452,(#2456,#2463),.PCURVE_S1.);
#2452 = LINE('',#2453,#2454);
#2453 = CARTESIAN_POINT('',(-13.53858213111,26.824512113533,87.75));
#2454 = VECTOR('',#2455,1.);
#2455 = DIRECTION('',(-0.5,0.866025403784,0.));
#2456 = PCURVE('',#2231,#2457);
#2457 = DEFINITIONAL_REPRESENTATION('',(#2458),#2462);
#2458 = LINE('',#2459,#2460);
#2459 = CARTESIAN_POINT('',(25.5,0.));
#2460 = VECTOR('',#2461,1.);
#2461 = DIRECTION('',(0.,1.));
#2462 = ( GEOMETRIC_REPRESENTATION_CONTEXT(2) 
PARAMETRIC_REPRESENTATION_CONTEXT() REPRESENTATION_CONTEXT('2D SPACE',''
  ) );
#2463 = PCURVE('',#2313,#2464);
#2464 = DEFINITIONAL_REPRESENTATION('',(#2465),#2469);
#2465 = LINE('',#2466,#2467);
#2466 = CARTESIAN_POINT('',(0.,0.));
#2467 = VECTOR('',#2468,1.);
#2468 = DIRECTION('',(1.,0.));
#2469 = ( GEOMETRIC_REPRESENTATION_CONTEXT(2) 
PARAMETRIC_REPRESENTATION_CONTEXT() REPRESENTATION_CONTEXT('2D SPACE',''
  ) );
#2470 = ORIENTED_EDGE('',*,*,#2328,.F.);
#2471 = ADVANCED_FACE('',(#2472),#2287,.T.);
#2472 = FACE_BOUND('',#2473,.T.);
#2473 = EDGE_LOOP('',(#2474,#2495,#2496,#2517));
#2474 = ORIENTED_EDGE('',*,*,#2475,.F.);
#2475 = EDGE_CURVE('',#2244,#2359,#2476,.T.);
#2476 = SURFACE_CURVE('',#2477,(#2481,#2488),.PCURVE_S1.);
#2477 = LINE('',#2478,#2479);
#2478 = CARTESIAN_POINT('',(-16.46141786888,25.137012113533,62.25));
#2479 = VECTOR('',#2480,1.);
#2480 = DIRECTION('',(-0.5,0.866025403784,0.));
#2481 = PCURVE('',#2287,#2482);
#2482 = DEFINITIONAL_REPRESENTATION('',(#2483),#2487);
#2483 = LINE('',#2484,#2485);
#2484 = CARTESIAN_POINT('',(0.,0.));
#2485 = VECTOR('',#2486,1.);
#2486 = DIRECTION('',(0.,1.));
#2487 = ( GEOMETRIC_REPRESENTATION_CONTEXT(2) 
PARAMETRIC_REPRESENTATION_CONTEXT() REPRESENTATION_CONTEXT('2D SPACE',''
  ) );
#2488 = PCURVE('',#2259,#2489);
#2489 = DEFINITIONAL_REPRESENTATION('',(#2490),#2494);
#2490 = LINE('',#2491,#2492);
#2491 = CARTESIAN_POINT('',(-6.661338147751E-16,3.375));
#2492 = VECTOR('',#2493,1.);
#2493 = DIRECTION('',(1.,0.));
#2494 = ( GEOMETRIC_REPRESENTATION_CONTEXT(2) 
PARAMETRIC_REPRESENTATION_CONTEXT() REPRESENTATION_CONTEXT('2D SPACE',''
  ) );
#2495 = ORIENTED_EDGE('',*,*,#2271,.T.);
#2496 = ORIENTED_EDGE('',*,*,#2497,.T.);
#2497 = EDGE_CURVE('',#2272,#2382,#2498,.T.);
#2498 = SURFACE_CURVE('',#2499,(#2503,#2510),.PCURVE_S1.);
#2499 = LINE('',#2500,#2501);
#2500 = CARTESIAN_POINT('',(-16.46141786888,25.137012113533,87.75));
#2501 = VECTOR('',#2502,1.);
#2502 = DIRECTION('',(-0.5,0.866025403784,0.));
#2503 = PCURVE('',#2287,#2504);
#2504 = DEFINITIONAL_REPRESENTATION('',(#2505),#2509);
#2505 = LINE('',#2506,#2507);
#2506 = CARTESIAN_POINT('',(25.5,0.));
#2507 = VECTOR('',#2508,1.);
#2508 = DIRECTION('',(0.,1.));
#2509 = ( GEOMETRIC_REPRESENTATION_CONTEXT(2) 
PARAMETRIC_REPRESENTATION_CONTEXT() REPRESENTATION_CONTEXT('2D SPACE',''
  ) );
#2510 = PCURVE('',#2313,#2511);
#2511 = DEFINITIONAL_REPRESENTATION('',(#2512),#2516);
#2512 = LINE('',#2513,#2514);
#2513 = CARTESIAN_POINT('',(-6.661338147751E-16,3.375));
#2514 = VECTOR('',#2515,1.);
#2515 = DIRECTION('',(1.,0.));
#2516 = ( GEOMETRIC_REPRESENTATION_CONTEXT(2) 
PARAMETRIC_REPRESENTATION_CONTEXT() REPRESENTATION_CONTEXT('2D SPACE',''
  ) );
#2517 = ORIENTED_EDGE('',*,*,#2381,.F.);
#2518 = ADVANCED_FACE('',(#2519),#2259,.F.);
#2519 = FACE_BOUND('',#2520,.F.);
#2520 = EDGE_LOOP('',(#2521,#2522,#2523,#2524));
#2521 = ORIENTED_EDGE('',*,*,#2243,.F.);
#2522 = ORIENTED_EDGE('',*,*,#2428,.T.);
#2523 = ORIENTED_EDGE('',*,*,#2358,.T.);
#2524 = ORIENTED_EDGE('',*,*,#2475,.F.);
#2525 = ADVANCED_FACE('',(#2526),#2313,.T.);
#2526 = FACE_BOUND('',#2527,.T.);
#2527 = EDGE_LOOP('',(#2528,#2529,#2530,#2531));
#2528 = ORIENTED_EDGE('',*,*,#2299,.F.);
#2529 = ORIENTED_EDGE('',*,*,#2450,.T.);
#2530 = ORIENTED_EDGE('',*,*,#2404,.T.);
#2531 = ORIENTED_EDGE('',*,*,#2497,.F.);
#2532 = MANIFOLD_SOLID_BREP('',#2533);
#2533 = CLOSED_SHELL('',(#2534,#2654,#2754,#2801,#2848,#2855));
#2534 = ADVANCED_FACE('',(#2535),#2549,.F.);
#2535 = FACE_BOUND('',#2536,.F.);
#2536 = EDGE_LOOP('',(#2537,#2572,#2600,#2628));
#2537 = ORIENTED_EDGE('',*,*,#2538,.F.);
#2538 = EDGE_CURVE('',#2539,#2541,#2543,.T.);
#2539 = VERTEX_POINT('',#2540);
#2540 = CARTESIAN_POINT('',(-30.,1.6875,62.25));
#2541 = VERTEX_POINT('',#2542);
#2542 = CARTESIAN_POINT('',(-30.,1.6875,87.75));
#2543 = SURFACE_CURVE('',#2544,(#2548,#2560),.PCURVE_S1.);
#2544 = LINE('',#2545,#2546);
#2545 = CARTESIAN_POINT('',(-30.,1.6875,62.25));
#2546 = VECTOR('',#2547,1.);
#2547 = DIRECTION('',(0.,0.,1.));
#2548 = PCURVE('',#2549,#2554);
#2549 = PLANE('',#2550);
#2550 = AXIS2_PLACEMENT_3D('',#2551,#2552,#2553);
#2551 = CARTESIAN_POINT('',(-30.,1.6875,62.25));
#2552 = DIRECTION('',(-1.,1.224646799147E-16,0.));
#2553 = DIRECTION('',(0.,0.,1.));
#2554 = DEFINITIONAL_REPRESENTATION('',(#2555),#2559);
#2555 = LINE('',#2556,#2557);
#2556 = CARTESIAN_POINT('',(0.,0.));
#2557 = VECTOR('',#2558,1.);
#2558 = DIRECTION('',(1.,0.));
#2559 = ( GEOMETRIC_REPRESENTATION_CONTEXT(2) 
PARAMETRIC_REPRESENTATION_CONTEXT() REPRESENTATION_CONTEXT('2D SPACE',''
  ) );
#2560 = PCURVE('',#2561,#2566);
#2561 = PLANE('',#2562);
#2562 = AXIS2_PLACEMENT_3D('',#2563,#2564,#2565);
#2563 = CARTESIAN_POINT('',(-30.,1.6875,62.25));
#2564 = DIRECTION('',(-1.224646799147E-16,-1.,0.));
#2565 = DIRECTION('',(0.,0.,1.));
#2566 = DEFINITIONAL_REPRESENTATION('',(#2567),#2571);
#2567 = LINE('',#2568,#2569);
#2568 = CARTESIAN_POINT('',(0.,0.));
#2569 = VECTOR('',#2570,1.);
#2570 = DIRECTION('',(1.,0.));
#2571 = ( GEOMETRIC_REPRESENTATION_CONTEXT(2) 
PARAMETRIC_REPRESENTATION_CONTEXT() REPRESENTATION_CONTEXT('2D SPACE',''
  ) );
#2572 = ORIENTED_EDGE('',*,*,#2573,.T.);
#2573 = EDGE_CURVE('',#2539,#2574,#2576,.T.);
#2574 = VERTEX_POINT('',#2575);
#2575 = CARTESIAN_POINT('',(-30.,-1.6875,62.25));
#2576 = SURFACE_CURVE('',#2577,(#2581,#2588),.PCURVE_S1.);
#2577 = LINE('',#2578,#2579);
#2578 = CARTESIAN_POINT('',(-30.,1.6875,62.25));
#2579 = VECTOR('',#2580,1.);
#2580 = DIRECTION('',(-1.224646799147E-16,-1.,0.));
#2581 = PCURVE('',#2549,#2582);
#2582 = DEFINITIONAL_REPRESENTATION('',(#2583),#2587);
#2583 = LINE('',#2584,#2585);
#2584 = CARTESIAN_POINT('',(0.,0.));
#2585 = VECTOR('',#2586,1.);
#2586 = DIRECTION('',(0.,-1.));
#2587 = ( GEOMETRIC_REPRESENTATION_CONTEXT(2) 
PARAMETRIC_REPRESENTATION_CONTEXT() REPRESENTATION_CONTEXT('2D SPACE',''
  ) );
#2588 = PCURVE('',#2589,#2594);
#2589 = PLANE('',#2590);
#2590 = AXIS2_PLACEMENT_3D('',#2591,#2592,#2593);
#2591 = CARTESIAN_POINT('',(-30.,1.6875,62.25));
#2592 = DIRECTION('',(0.,0.,1.));
#2593 = DIRECTION('',(-1.,1.224646799147E-16,0.));
#2594 = DEFINITIONAL_REPRESENTATION('',(#2595),#2599);
#2595 = LINE('',#2596,#2597);
#2596 = CARTESIAN_POINT('',(0.,0.));
#2597 = VECTOR('',#2598,1.);
#2598 = DIRECTION('',(0.,1.));
#2599 = ( GEOMETRIC_REPRESENTATION_CONTEXT(2) 
PARAMETRIC_REPRESENTATION_CONTEXT() REPRESENTATION_CONTEXT('2D SPACE',''
  ) );
#2600 = ORIENTED_EDGE('',*,*,#2601,.T.);
#2601 = EDGE_CURVE('',#2574,#2602,#2604,.T.);
#2602 = VERTEX_POINT('',#2603);
#2603 = CARTESIAN_POINT('',(-30.,-1.6875,87.75));
#2604 = SURFACE_CURVE('',#2605,(#2609,#2616),.PCURVE_S1.);
#2605 = LINE('',#2606,#2607);
#2606 = CARTESIAN_POINT('',(-30.,-1.6875,62.25));
#2607 = VECTOR('',#2608,1.);
#2608 = DIRECTION('',(0.,0.,1.));
#2609 = PCURVE('',#2549,#2610);
#2610 = DEFINITIONAL_REPRESENTATION('',(#2611),#2615);
#2611 = LINE('',#2612,#2613);
#2612 = CARTESIAN_POINT('',(0.,-3.375));
#2613 = VECTOR('',#2614,1.);
#2614 = DIRECTION('',(1.,0.));
#2615 = ( GEOMETRIC_REPRESENTATION_CONTEXT(2) 
PARAMETRIC_REPRESENTATION_CONTEXT() REPRESENTATION_CONTEXT('2D SPACE',''
  ) );
#2616 = PCURVE('',#2617,#2622);
#2617 = PLANE('',#2618);
#2618 = AXIS2_PLACEMENT_3D('',#2619,#2620,#2621);
#2619 = CARTESIAN_POINT('',(-30.,-1.6875,62.25));
#2620 = DIRECTION('',(-1.224646799147E-16,-1.,0.));
#2621 = DIRECTION('',(0.,0.,1.));
#2622 = DEFINITIONAL_REPRESENTATION('',(#2623),#2627);
#2623 = LINE('',#2624,#2625);
#2624 = CARTESIAN_POINT('',(0.,0.));
#2625 = VECTOR('',#2626,1.);
#2626 = DIRECTION('',(1.,0.));
#2627 = ( GEOMETRIC_REPRESENTATION_CONTEXT(2) 
PARAMETRIC_REPRESENTATION_CONTEXT() REPRESENTATION_CONTEXT('2D SPACE',''
  ) );
#2628 = ORIENTED_EDGE('',*,*,#2629,.F.);
#2629 = EDGE_CURVE('',#2541,#2602,#2630,.T.);
#2630 = SURFACE_CURVE('',#2631,(#2635,#2642),.PCURVE_S1.);
#2631 = LINE('',#2632,#2633);
#2632 = CARTESIAN_POINT('',(-30.,1.6875,87.75));
#2633 = VECTOR('',#2634,1.);
#2634 = DIRECTION('',(-1.224646799147E-16,-1.,0.));
#2635 = PCURVE('',#2549,#2636);
#2636 = DEFINITIONAL_REPRESENTATION('',(#2637),#2641);
#2637 = LINE('',#2638,#2639);
#2638 = CARTESIAN_POINT('',(25.5,0.));
#2639 = VECTOR('',#2640,1.);
#2640 = DIRECTION('',(0.,-1.));
#2641 = ( GEOMETRIC_REPRESENTATION_CONTEXT(2) 
PARAMETRIC_REPRESENTATION_CONTEXT() REPRESENTATION_CONTEXT('2D SPACE',''
  ) );
#2642 = PCURVE('',#2643,#2648);
#2643 = PLANE('',#2644);
#2644 = AXIS2_PLACEMENT_3D('',#2645,#2646,#2647);
#2645 = CARTESIAN_POINT('',(-30.,1.6875,87.75));
#2646 = DIRECTION('',(0.,0.,1.));
#2647 = DIRECTION('',(-1.,1.224646799147E-16,0.));
#2648 = DEFINITIONAL_REPRESENTATION('',(#2649),#2653);
#2649 = LINE('',#2650,#2651);
#2650 = CARTESIAN_POINT('',(0.,0.));
#2651 = VECTOR('',#2652,1.);
#2652 = DIRECTION('',(0.,1.));
#2653 = ( GEOMETRIC_REPRESENTATION_CONTEXT(2) 
PARAMETRIC_REPRESENTATION_CONTEXT() REPRESENTATION_CONTEXT('2D SPACE',''
  ) );
#2654 = ADVANCED_FACE('',(#2655),#2669,.T.);
#2655 = FACE_BOUND('',#2656,.T.);
#2656 = EDGE_LOOP('',(#2657,#2687,#2710,#2733));
#2657 = ORIENTED_EDGE('',*,*,#2658,.F.);
#2658 = EDGE_CURVE('',#2659,#2661,#2663,.T.);
#2659 = VERTEX_POINT('',#2660);
#2660 = CARTESIAN_POINT('',(-54.,1.6875,62.25));
#2661 = VERTEX_POINT('',#2662);
#2662 = CARTESIAN_POINT('',(-54.,1.6875,87.75));
#2663 = SURFACE_CURVE('',#2664,(#2668,#2680),.PCURVE_S1.);
#2664 = LINE('',#2665,#2666);
#2665 = CARTESIAN_POINT('',(-54.,1.6875,62.25));
#2666 = VECTOR('',#2667,1.);
#2667 = DIRECTION('',(0.,0.,1.));
#2668 = PCURVE('',#2669,#2674);
#2669 = PLANE('',#2670);
#2670 = AXIS2_PLACEMENT_3D('',#2671,#2672,#2673);
#2671 = CARTESIAN_POINT('',(-54.,1.6875,62.25));
#2672 = DIRECTION('',(-1.,1.224646799147E-16,0.));
#2673 = DIRECTION('',(0.,0.,1.));
#2674 = DEFINITIONAL_REPRESENTATION('',(#2675),#2679);
#2675 = LINE('',#2676,#2677);
#2676 = CARTESIAN_POINT('',(0.,0.));
#2677 = VECTOR('',#2678,1.);
#2678 = DIRECTION('',(1.,0.));
#2679 = ( GEOMETRIC_REPRESENTATION_CONTEXT(2) 
PARAMETRIC_REPRESENTATION_CONTEXT() REPRESENTATION_CONTEXT('2D SPACE',''
  ) );
#2680 = PCURVE('',#2561,#2681);
#2681 = DEFINITIONAL_REPRESENTATION('',(#2682),#2686);
#2682 = LINE('',#2683,#2684);
#2683 = CARTESIAN_POINT('',(0.,24.));
#2684 = VECTOR('',#2685,1.);
#2685 = DIRECTION('',(1.,0.));
#2686 = ( GEOMETRIC_REPRESENTATION_CONTEXT(2) 
PARAMETRIC_REPRESENTATION_CONTEXT() REPRESENTATION_CONTEXT('2D SPACE',''
  ) );
#2687 = ORIENTED_EDGE('',*,*,#2688,.T.);
#2688 = EDGE_CURVE('',#2659,#2689,#2691,.T.);
#2689 = VERTEX_POINT('',#2690);
#2690 = CARTESIAN_POINT('',(-54.,-1.6875,62.25));
#2691 = SURFACE_CURVE('',#2692,(#2696,#2703),.PCURVE_S1.);
#2692 = LINE('',#2693,#2694);
#2693 = CARTESIAN_POINT('',(-54.,1.6875,62.25));
#2694 = VECTOR('',#2695,1.);
#2695 = DIRECTION('',(-1.224646799147E-16,-1.,0.));
#2696 = PCURVE('',#2669,#2697);
#2697 = DEFINITIONAL_REPRESENTATION('',(#2698),#2702);
#2698 = LINE('',#2699,#2700);
#2699 = CARTESIAN_POINT('',(0.,0.));
#2700 = VECTOR('',#2701,1.);
#2701 = DIRECTION('',(0.,-1.));
#2702 = ( GEOMETRIC_REPRESENTATION_CONTEXT(2) 
PARAMETRIC_REPRESENTATION_CONTEXT() REPRESENTATION_CONTEXT('2D SPACE',''
  ) );
#2703 = PCURVE('',#2589,#2704);
#2704 = DEFINITIONAL_REPRESENTATION('',(#2705),#2709);
#2705 = LINE('',#2706,#2707);
#2706 = CARTESIAN_POINT('',(24.,5.257245392824E-17));
#2707 = VECTOR('',#2708,1.);
#2708 = DIRECTION('',(0.,1.));
#2709 = ( GEOMETRIC_REPRESENTATION_CONTEXT(2) 
PARAMETRIC_REPRESENTATION_CONTEXT() REPRESENTATION_CONTEXT('2D SPACE',''
  ) );
#2710 = ORIENTED_EDGE('',*,*,#2711,.T.);
#2711 = EDGE_CURVE('',#2689,#2712,#2714,.T.);
#2712 = VERTEX_POINT('',#2713);
#2713 = CARTESIAN_POINT('',(-54.,-1.6875,87.75));
#2714 = SURFACE_CURVE('',#2715,(#2719,#2726),.PCURVE_S1.);
#2715 = LINE('',#2716,#2717);
#2716 = CARTESIAN_POINT('',(-54.,-1.6875,62.25));
#2717 = VECTOR('',#2718,1.);
#2718 = DIRECTION('',(0.,0.,1.));
#2719 = PCURVE('',#2669,#2720);
#2720 = DEFINITIONAL_REPRESENTATION('',(#2721),#2725);
#2721 = LINE('',#2722,#2723);
#2722 = CARTESIAN_POINT('',(0.,-3.375));
#2723 = VECTOR('',#2724,1.);
#2724 = DIRECTION('',(1.,0.));
#2725 = ( GEOMETRIC_REPRESENTATION_CONTEXT(2) 
PARAMETRIC_REPRESENTATION_CONTEXT() REPRESENTATION_CONTEXT('2D SPACE',''
  ) );
#2726 = PCURVE('',#2617,#2727);
#2727 = DEFINITIONAL_REPRESENTATION('',(#2728),#2732);
#2728 = LINE('',#2729,#2730);
#2729 = CARTESIAN_POINT('',(0.,24.));
#2730 = VECTOR('',#2731,1.);
#2731 = DIRECTION('',(1.,0.));
#2732 = ( GEOMETRIC_REPRESENTATION_CONTEXT(2) 
PARAMETRIC_REPRESENTATION_CONTEXT() REPRESENTATION_CONTEXT('2D SPACE',''
  ) );
#2733 = ORIENTED_EDGE('',*,*,#2734,.F.);
#2734 = EDGE_CURVE('',#2661,#2712,#2735,.T.);
#2735 = SURFACE_CURVE('',#2736,(#2740,#2747),.PCURVE_S1.);
#2736 = LINE('',#2737,#2738);
#2737 = CARTESIAN_POINT('',(-54.,1.6875,87.75));
#2738 = VECTOR('',#2739,1.);
#2739 = DIRECTION('',(-1.224646799147E-16,-1.,0.));
#2740 = PCURVE('',#2669,#2741);
#2741 = DEFINITIONAL_REPRESENTATION('',(#2742),#2746);
#2742 = LINE('',#2743,#2744);
#2743 = CARTESIAN_POINT('',(25.5,0.));
#2744 = VECTOR('',#2745,1.);
#2745 = DIRECTION('',(0.,-1.));
#2746 = ( GEOMETRIC_REPRESENTATION_CONTEXT(2) 
PARAMETRIC_REPRESENTATION_CONTEXT() REPRESENTATION_CONTEXT('2D SPACE',''
  ) );
#2747 = PCURVE('',#2643,#2748);
#2748 = DEFINITIONAL_REPRESENTATION('',(#2749),#2753);
#2749 = LINE('',#2750,#2751);
#2750 = CARTESIAN_POINT('',(24.,5.257245392824E-17));
#2751 = VECTOR('',#2752,1.);
#2752 = DIRECTION('',(0.,1.));
#2753 = ( GEOMETRIC_REPRESENTATION_CONTEXT(2) 
PARAMETRIC_REPRESENTATION_CONTEXT() REPRESENTATION_CONTEXT('2D SPACE',''
  ) );
#2754 = ADVANCED_FACE('',(#2755),#2561,.F.);
#2755 = FACE_BOUND('',#2756,.F.);
#2756 = EDGE_LOOP('',(#2757,#2778,#2779,#2800));
#2757 = ORIENTED_EDGE('',*,*,#2758,.F.);
#2758 = EDGE_CURVE('',#2539,#2659,#2759,.T.);
#2759 = SURFACE_CURVE('',#2760,(#2764,#2771),.PCURVE_S1.);
#2760 = LINE('',#2761,#2762);
#2761 = CARTESIAN_POINT('',(-30.,1.6875,62.25));
#2762 = VECTOR('',#2763,1.);
#2763 = DIRECTION('',(-1.,1.224646799147E-16,0.));
#2764 = PCURVE('',#2561,#2765);
#2765 = DEFINITIONAL_REPRESENTATION('',(#2766),#2770);
#2766 = LINE('',#2767,#2768);
#2767 = CARTESIAN_POINT('',(0.,0.));
#2768 = VECTOR('',#2769,1.);
#2769 = DIRECTION('',(0.,1.));
#2770 = ( GEOMETRIC_REPRESENTATION_CONTEXT(2) 
PARAMETRIC_REPRESENTATION_CONTEXT() REPRESENTATION_CONTEXT('2D SPACE',''
  ) );
#2771 = PCURVE('',#2589,#2772);
#2772 = DEFINITIONAL_REPRESENTATION('',(#2773),#2777);
#2773 = LINE('',#2774,#2775);
#2774 = CARTESIAN_POINT('',(0.,0.));
#2775 = VECTOR('',#2776,1.);
#2776 = DIRECTION('',(1.,0.));
#2777 = ( GEOMETRIC_REPRESENTATION_CONTEXT(2) 
PARAMETRIC_REPRESENTATION_CONTEXT() REPRESENTATION_CONTEXT('2D SPACE',''
  ) );
#2778 = ORIENTED_EDGE('',*,*,#2538,.T.);
#2779 = ORIENTED_EDGE('',*,*,#2780,.T.);
#2780 = EDGE_CURVE('',#2541,#2661,#2781,.T.);
#2781 = SURFACE_CURVE('',#2782,(#2786,#2793),.PCURVE_S1.);
#2782 = LINE('',#2783,#2784);
#2783 = CARTESIAN_POINT('',(-30.,1.6875,87.75));
#2784 = VECTOR('',#2785,1.);
#2785 = DIRECTION('',(-1.,1.224646799147E-16,0.));
#2786 = PCURVE('',#2561,#2787);
#2787 = DEFINITIONAL_REPRESENTATION('',(#2788),#2792);
#2788 = LINE('',#2789,#2790);
#2789 = CARTESIAN_POINT('',(25.5,0.));
#2790 = VECTOR('',#2791,1.);
#2791 = DIRECTION('',(0.,1.));
#2792 = ( GEOMETRIC_REPRESENTATION_CONTEXT(2) 
PARAMETRIC_REPRESENTATION_CONTEXT() REPRESENTATION_CONTEXT('2D SPACE',''
  ) );
#2793 = PCURVE('',#2643,#2794);
#2794 = DEFINITIONAL_REPRESENTATION('',(#2795),#2799);
#2795 = LINE('',#2796,#2797);
#2796 = CARTESIAN_POINT('',(0.,0.));
#2797 = VECTOR('',#2798,1.);
#2798 = DIRECTION('',(1.,0.));
#2799 = ( GEOMETRIC_REPRESENTATION_CONTEXT(2) 
PARAMETRIC_REPRESENTATION_CONTEXT() REPRESENTATION_CONTEXT('2D SPACE',''
  ) );
#2800 = ORIENTED_EDGE('',*,*,#2658,.F.);
#2801 = ADVANCED_FACE('',(#2802),#2617,.T.);
#2802 = FACE_BOUND('',#2803,.T.);
#2803 = EDGE_LOOP('',(#2804,#2825,#2826,#2847));
#2804 = ORIENTED_EDGE('',*,*,#2805,.F.);
#2805 = EDGE_CURVE('',#2574,#2689,#2806,.T.);
#2806 = SURFACE_CURVE('',#2807,(#2811,#2818),.PCURVE_S1.);
#2807 = LINE('',#2808,#2809);
#2808 = CARTESIAN_POINT('',(-30.,-1.6875,62.25));
#2809 = VECTOR('',#2810,1.);
#2810 = DIRECTION('',(-1.,1.224646799147E-16,0.));
#2811 = PCURVE('',#2617,#2812);
#2812 = DEFINITIONAL_REPRESENTATION('',(#2813),#2817);
#2813 = LINE('',#2814,#2815);
#2814 = CARTESIAN_POINT('',(0.,0.));
#2815 = VECTOR('',#2816,1.);
#2816 = DIRECTION('',(0.,1.));
#2817 = ( GEOMETRIC_REPRESENTATION_CONTEXT(2) 
PARAMETRIC_REPRESENTATION_CONTEXT() REPRESENTATION_CONTEXT('2D SPACE',''
  ) );
#2818 = PCURVE('',#2589,#2819);
#2819 = DEFINITIONAL_REPRESENTATION('',(#2820),#2824);
#2820 = LINE('',#2821,#2822);
#2821 = CARTESIAN_POINT('',(-4.133182947122E-16,3.375));
#2822 = VECTOR('',#2823,1.);
#2823 = DIRECTION('',(1.,0.));
#2824 = ( GEOMETRIC_REPRESENTATION_CONTEXT(2) 
PARAMETRIC_REPRESENTATION_CONTEXT() REPRESENTATION_CONTEXT('2D SPACE',''
  ) );
#2825 = ORIENTED_EDGE('',*,*,#2601,.T.);
#2826 = ORIENTED_EDGE('',*,*,#2827,.T.);
#2827 = EDGE_CURVE('',#2602,#2712,#2828,.T.);
#2828 = SURFACE_CURVE('',#2829,(#2833,#2840),.PCURVE_S1.);
#2829 = LINE('',#2830,#2831);
#2830 = CARTESIAN_POINT('',(-30.,-1.6875,87.75));
#2831 = VECTOR('',#2832,1.);
#2832 = DIRECTION('',(-1.,1.224646799147E-16,0.));
#2833 = PCURVE('',#2617,#2834);
#2834 = DEFINITIONAL_REPRESENTATION('',(#2835),#2839);
#2835 = LINE('',#2836,#2837);
#2836 = CARTESIAN_POINT('',(25.5,0.));
#2837 = VECTOR('',#2838,1.);
#2838 = DIRECTION('',(0.,1.));
#2839 = ( GEOMETRIC_REPRESENTATION_CONTEXT(2) 
PARAMETRIC_REPRESENTATION_CONTEXT() REPRESENTATION_CONTEXT('2D SPACE',''
  ) );
#2840 = PCURVE('',#2643,#2841);
#2841 = DEFINITIONAL_REPRESENTATION('',(#2842),#2846);
#2842 = LINE('',#2843,#2844);
#2843 = CARTESIAN_POINT('',(-4.133182947122E-16,3.375));
#2844 = VECTOR('',#2845,1.);
#2845 = DIRECTION('',(1.,0.));
#2846 = ( GEOMETRIC_REPRESENTATION_CONTEXT(2) 
PARAMETRIC_REPRESENTATION_CONTEXT() REPRESENTATION_CONTEXT('2D SPACE',''
  ) );
#2847 = ORIENTED_EDGE('',*,*,#2711,.F.);
#2848 = ADVANCED_FACE('',(#2849),#2589,.F.);
#2849 = FACE_BOUND('',#2850,.F.);
#2850 = EDGE_LOOP('',(#2851,#2852,#2853,#2854));
#2851 = ORIENTED_EDGE('',*,*,#2573,.F.);
#2852 = ORIENTED_EDGE('',*,*,#2758,.T.);
#2853 = ORIENTED_EDGE('',*,*,#2688,.T.);
#2854 = ORIENTED_EDGE('',*,*,#2805,.F.);
#2855 = ADVANCED_FACE('',(#2856),#2643,.T.);
#2856 = FACE_BOUND('',#2857,.T.);
#2857 = EDGE_LOOP('',(#2858,#2859,#2860,#2861));
#2858 = ORIENTED_EDGE('',*,*,#2629,.F.);
#2859 = ORIENTED_EDGE('',*,*,#2780,.T.);
#2860 = ORIENTED_EDGE('',*,*,#2734,.T.);
#2861 = ORIENTED_EDGE('',*,*,#2827,.F.);
#2862 = MANIFOLD_SOLID_BREP('',#2863);
#2863 = CLOSED_SHELL('',(#2864,#2984,#3084,#3131,#3178,#3185));
#2864 = ADVANCED_FACE('',(#2865),#2879,.F.);
#2865 = FACE_BOUND('',#2866,.F.);
#2866 = EDGE_LOOP('',(#2867,#2902,#2930,#2958));
#2867 = ORIENTED_EDGE('',*,*,#2868,.F.);
#2868 = EDGE_CURVE('',#2869,#2871,#2873,.T.);
#2869 = VERTEX_POINT('',#2870);
#2870 = CARTESIAN_POINT('',(-16.46141786888,-25.13701211353,62.25));
#2871 = VERTEX_POINT('',#2872);
#2872 = CARTESIAN_POINT('',(-16.46141786888,-25.13701211353,87.75));
#2873 = SURFACE_CURVE('',#2874,(#2878,#2890),.PCURVE_S1.);
#2874 = LINE('',#2875,#2876);
#2875 = CARTESIAN_POINT('',(-16.46141786888,-25.13701211353,62.25));
#2876 = VECTOR('',#2877,1.);
#2877 = DIRECTION('',(0.,0.,1.));
#2878 = PCURVE('',#2879,#2884);
#2879 = PLANE('',#2880);
#2880 = AXIS2_PLACEMENT_3D('',#2881,#2882,#2883);
#2881 = CARTESIAN_POINT('',(-16.46141786888,-25.13701211353,62.25));
#2882 = DIRECTION('',(-0.5,-0.866025403784,0.));
#2883 = DIRECTION('',(0.,0.,1.));
#2884 = DEFINITIONAL_REPRESENTATION('',(#2885),#2889);
#2885 = LINE('',#2886,#2887);
#2886 = CARTESIAN_POINT('',(0.,0.));
#2887 = VECTOR('',#2888,1.);
#2888 = DIRECTION('',(1.,0.));
#2889 = ( GEOMETRIC_REPRESENTATION_CONTEXT(2) 
PARAMETRIC_REPRESENTATION_CONTEXT() REPRESENTATION_CONTEXT('2D SPACE',''
  ) );
#2890 = PCURVE('',#2891,#2896);
#2891 = PLANE('',#2892);
#2892 = AXIS2_PLACEMENT_3D('',#2893,#2894,#2895);
#2893 = CARTESIAN_POINT('',(-16.46141786888,-25.13701211353,62.25));
#2894 = DIRECTION('',(0.866025403784,-0.5,0.));
#2895 = DIRECTION('',(0.,0.,1.));
#2896 = DEFINITIONAL_REPRESENTATION('',(#2897),#2901);
#2897 = LINE('',#2898,#2899);
#2898 = CARTESIAN_POINT('',(0.,0.));
#2899 = VECTOR('',#2900,1.);
#2900 = DIRECTION('',(1.,0.));
#2901 = ( GEOMETRIC_REPRESENTATION_CONTEXT(2) 
PARAMETRIC_REPRESENTATION_CONTEXT() REPRESENTATION_CONTEXT('2D SPACE',''
  ) );
#2902 = ORIENTED_EDGE('',*,*,#2903,.T.);
#2903 = EDGE_CURVE('',#2869,#2904,#2906,.T.);
#2904 = VERTEX_POINT('',#2905);
#2905 = CARTESIAN_POINT('',(-13.53858213111,-26.82451211353,62.25));
#2906 = SURFACE_CURVE('',#2907,(#2911,#2918),.PCURVE_S1.);
#2907 = LINE('',#2908,#2909);
#2908 = CARTESIAN_POINT('',(-16.46141786888,-25.13701211353,62.25));
#2909 = VECTOR('',#2910,1.);
#2910 = DIRECTION('',(0.866025403784,-0.5,0.));
#2911 = PCURVE('',#2879,#2912);
#2912 = DEFINITIONAL_REPRESENTATION('',(#2913),#2917);
#2913 = LINE('',#2914,#2915);
#2914 = CARTESIAN_POINT('',(0.,0.));
#2915 = VECTOR('',#2916,1.);
#2916 = DIRECTION('',(0.,-1.));
#2917 = ( GEOMETRIC_REPRESENTATION_CONTEXT(2) 
PARAMETRIC_REPRESENTATION_CONTEXT() REPRESENTATION_CONTEXT('2D SPACE',''
  ) );
#2918 = PCURVE('',#2919,#2924);
#2919 = PLANE('',#2920);
#2920 = AXIS2_PLACEMENT_3D('',#2921,#2922,#2923);
#2921 = CARTESIAN_POINT('',(-16.46141786888,-25.13701211353,62.25));
#2922 = DIRECTION('',(0.,0.,1.));
#2923 = DIRECTION('',(-0.5,-0.866025403784,0.));
#2924 = DEFINITIONAL_REPRESENTATION('',(#2925),#2929);
#2925 = LINE('',#2926,#2927);
#2926 = CARTESIAN_POINT('',(0.,0.));
#2927 = VECTOR('',#2928,1.);
#2928 = DIRECTION('',(0.,1.));
#2929 = ( GEOMETRIC_REPRESENTATION_CONTEXT(2) 
PARAMETRIC_REPRESENTATION_CONTEXT() REPRESENTATION_CONTEXT('2D SPACE',''
  ) );
#2930 = ORIENTED_EDGE('',*,*,#2931,.T.);
#2931 = EDGE_CURVE('',#2904,#2932,#2934,.T.);
#2932 = VERTEX_POINT('',#2933);
#2933 = CARTESIAN_POINT('',(-13.53858213111,-26.82451211353,87.75));
#2934 = SURFACE_CURVE('',#2935,(#2939,#2946),.PCURVE_S1.);
#2935 = LINE('',#2936,#2937);
#2936 = CARTESIAN_POINT('',(-13.53858213111,-26.82451211353,62.25));
#2937 = VECTOR('',#2938,1.);
#2938 = DIRECTION('',(0.,0.,1.));
#2939 = PCURVE('',#2879,#2940);
#2940 = DEFINITIONAL_REPRESENTATION('',(#2941),#2945);
#2941 = LINE('',#2942,#2943);
#2942 = CARTESIAN_POINT('',(0.,-3.375));
#2943 = VECTOR('',#2944,1.);
#2944 = DIRECTION('',(1.,0.));
#2945 = ( GEOMETRIC_REPRESENTATION_CONTEXT(2) 
PARAMETRIC_REPRESENTATION_CONTEXT() REPRESENTATION_CONTEXT('2D SPACE',''
  ) );
#2946 = PCURVE('',#2947,#2952);
#2947 = PLANE('',#2948);
#2948 = AXIS2_PLACEMENT_3D('',#2949,#2950,#2951);
#2949 = CARTESIAN_POINT('',(-13.53858213111,-26.82451211353,62.25));
#2950 = DIRECTION('',(0.866025403784,-0.5,0.));
#2951 = DIRECTION('',(0.,0.,1.));
#2952 = DEFINITIONAL_REPRESENTATION('',(#2953),#2957);
#2953 = LINE('',#2954,#2955);
#2954 = CARTESIAN_POINT('',(0.,0.));
#2955 = VECTOR('',#2956,1.);
#2956 = DIRECTION('',(1.,0.));
#2957 = ( GEOMETRIC_REPRESENTATION_CONTEXT(2) 
PARAMETRIC_REPRESENTATION_CONTEXT() REPRESENTATION_CONTEXT('2D SPACE',''
  ) );
#2958 = ORIENTED_EDGE('',*,*,#2959,.F.);
#2959 = EDGE_CURVE('',#2871,#2932,#2960,.T.);
#2960 = SURFACE_CURVE('',#2961,(#2965,#2972),.PCURVE_S1.);
#2961 = LINE('',#2962,#2963);
#2962 = CARTESIAN_POINT('',(-16.46141786888,-25.13701211353,87.75));
#2963 = VECTOR('',#2964,1.);
#2964 = DIRECTION('',(0.866025403784,-0.5,0.));
#2965 = PCURVE('',#2879,#2966);
#2966 = DEFINITIONAL_REPRESENTATION('',(#2967),#2971);
#2967 = LINE('',#2968,#2969);
#2968 = CARTESIAN_POINT('',(25.5,0.));
#2969 = VECTOR('',#2970,1.);
#2970 = DIRECTION('',(0.,-1.));
#2971 = ( GEOMETRIC_REPRESENTATION_CONTEXT(2) 
PARAMETRIC_REPRESENTATION_CONTEXT() REPRESENTATION_CONTEXT('2D SPACE',''
  ) );
#2972 = PCURVE('',#2973,#2978);
#2973 = PLANE('',#2974);
#2974 = AXIS2_PLACEMENT_3D('',#2975,#2976,#2977);
#2975 = CARTESIAN_POINT('',(-16.46141786888,-25.13701211353,87.75));
#2976 = DIRECTION('',(0.,0.,1.));
#2977 = DIRECTION('',(-0.5,-0.866025403784,0.));
#2978 = DEFINITIONAL_REPRESENTATION('',(#2979),#2983);
#2979 = LINE('',#2980,#2981);
#2980 = CARTESIAN_POINT('',(0.,0.));
#2981 = VECTOR('',#2982,1.);
#2982 = DIRECTION('',(0.,1.));
#2983 = ( GEOMETRIC_REPRESENTATION_CONTEXT(2) 
PARAMETRIC_REPRESENTATION_CONTEXT() REPRESENTATION_CONTEXT('2D SPACE',''
  ) );
#2984 = ADVANCED_FACE('',(#2985),#2999,.T.);
#2985 = FACE_BOUND('',#2986,.T.);
#2986 = EDGE_LOOP('',(#2987,#3017,#3040,#3063));
#2987 = ORIENTED_EDGE('',*,*,#2988,.F.);
#2988 = EDGE_CURVE('',#2989,#2991,#2993,.T.);
#2989 = VERTEX_POINT('',#2990);
#2990 = CARTESIAN_POINT('',(-28.46141786888,-45.92162180436,62.25));
#2991 = VERTEX_POINT('',#2992);
#2992 = CARTESIAN_POINT('',(-28.46141786888,-45.92162180436,87.75));
#2993 = SURFACE_CURVE('',#2994,(#2998,#3010),.PCURVE_S1.);
#2994 = LINE('',#2995,#2996);
#2995 = CARTESIAN_POINT('',(-28.46141786888,-45.92162180436,62.25));
#2996 = VECTOR('',#2997,1.);
#2997 = DIRECTION('',(0.,0.,1.));
#2998 = PCURVE('',#2999,#3004);
#2999 = PLANE('',#3000);
#3000 = AXIS2_PLACEMENT_3D('',#3001,#3002,#3003);
#3001 = CARTESIAN_POINT('',(-28.46141786888,-45.92162180436,62.25));
#3002 = DIRECTION('',(-0.5,-0.866025403784,0.));
#3003 = DIRECTION('',(0.,0.,1.));
#3004 = DEFINITIONAL_REPRESENTATION('',(#3005),#3009);
#3005 = LINE('',#3006,#3007);
#3006 = CARTESIAN_POINT('',(0.,0.));
#3007 = VECTOR('',#3008,1.);
#3008 = DIRECTION('',(1.,0.));
#3009 = ( GEOMETRIC_REPRESENTATION_CONTEXT(2) 
PARAMETRIC_REPRESENTATION_CONTEXT() REPRESENTATION_CONTEXT('2D SPACE',''
  ) );
#3010 = PCURVE('',#2891,#3011);
#3011 = DEFINITIONAL_REPRESENTATION('',(#3012),#3016);
#3012 = LINE('',#3013,#3014);
#3013 = CARTESIAN_POINT('',(0.,24.));
#3014 = VECTOR('',#3015,1.);
#3015 = DIRECTION('',(1.,0.));
#3016 = ( GEOMETRIC_REPRESENTATION_CONTEXT(2) 
PARAMETRIC_REPRESENTATION_CONTEXT() REPRESENTATION_CONTEXT('2D SPACE',''
  ) );
#3017 = ORIENTED_EDGE('',*,*,#3018,.T.);
#3018 = EDGE_CURVE('',#2989,#3019,#3021,.T.);
#3019 = VERTEX_POINT('',#3020);
#3020 = CARTESIAN_POINT('',(-25.53858213111,-47.60912180436,62.25));
#3021 = SURFACE_CURVE('',#3022,(#3026,#3033),.PCURVE_S1.);
#3022 = LINE('',#3023,#3024);
#3023 = CARTESIAN_POINT('',(-28.46141786888,-45.92162180436,62.25));
#3024 = VECTOR('',#3025,1.);
#3025 = DIRECTION('',(0.866025403784,-0.5,0.));
#3026 = PCURVE('',#2999,#3027);
#3027 = DEFINITIONAL_REPRESENTATION('',(#3028),#3032);
#3028 = LINE('',#3029,#3030);
#3029 = CARTESIAN_POINT('',(0.,0.));
#3030 = VECTOR('',#3031,1.);
#3031 = DIRECTION('',(0.,-1.));
#3032 = ( GEOMETRIC_REPRESENTATION_CONTEXT(2) 
PARAMETRIC_REPRESENTATION_CONTEXT() REPRESENTATION_CONTEXT('2D SPACE',''
  ) );
#3033 = PCURVE('',#2919,#3034);
#3034 = DEFINITIONAL_REPRESENTATION('',(#3035),#3039);
#3035 = LINE('',#3036,#3037);
#3036 = CARTESIAN_POINT('',(24.,0.));
#3037 = VECTOR('',#3038,1.);
#3038 = DIRECTION('',(0.,1.));
#3039 = ( GEOMETRIC_REPRESENTATION_CONTEXT(2) 
PARAMETRIC_REPRESENTATION_CONTEXT() REPRESENTATION_CONTEXT('2D SPACE',''
  ) );
#3040 = ORIENTED_EDGE('',*,*,#3041,.T.);
#3041 = EDGE_CURVE('',#3019,#3042,#3044,.T.);
#3042 = VERTEX_POINT('',#3043);
#3043 = CARTESIAN_POINT('',(-25.53858213111,-47.60912180436,87.75));
#3044 = SURFACE_CURVE('',#3045,(#3049,#3056),.PCURVE_S1.);
#3045 = LINE('',#3046,#3047);
#3046 = CARTESIAN_POINT('',(-25.53858213111,-47.60912180436,62.25));
#3047 = VECTOR('',#3048,1.);
#3048 = DIRECTION('',(0.,0.,1.));
#3049 = PCURVE('',#2999,#3050);
#3050 = DEFINITIONAL_REPRESENTATION('',(#3051),#3055);
#3051 = LINE('',#3052,#3053);
#3052 = CARTESIAN_POINT('',(0.,-3.375));
#3053 = VECTOR('',#3054,1.);
#3054 = DIRECTION('',(1.,0.));
#3055 = ( GEOMETRIC_REPRESENTATION_CONTEXT(2) 
PARAMETRIC_REPRESENTATION_CONTEXT() REPRESENTATION_CONTEXT('2D SPACE',''
  ) );
#3056 = PCURVE('',#2947,#3057);
#3057 = DEFINITIONAL_REPRESENTATION('',(#3058),#3062);
#3058 = LINE('',#3059,#3060);
#3059 = CARTESIAN_POINT('',(0.,24.));
#3060 = VECTOR('',#3061,1.);
#3061 = DIRECTION('',(1.,0.));
#3062 = ( GEOMETRIC_REPRESENTATION_CONTEXT(2) 
PARAMETRIC_REPRESENTATION_CONTEXT() REPRESENTATION_CONTEXT('2D SPACE',''
  ) );
#3063 = ORIENTED_EDGE('',*,*,#3064,.F.);
#3064 = EDGE_CURVE('',#2991,#3042,#3065,.T.);
#3065 = SURFACE_CURVE('',#3066,(#3070,#3077),.PCURVE_S1.);
#3066 = LINE('',#3067,#3068);
#3067 = CARTESIAN_POINT('',(-28.46141786888,-45.92162180436,87.75));
#3068 = VECTOR('',#3069,1.);
#3069 = DIRECTION('',(0.866025403784,-0.5,0.));
#3070 = PCURVE('',#2999,#3071);
#3071 = DEFINITIONAL_REPRESENTATION('',(#3072),#3076);
#3072 = LINE('',#3073,#3074);
#3073 = CARTESIAN_POINT('',(25.5,0.));
#3074 = VECTOR('',#3075,1.);
#3075 = DIRECTION('',(0.,-1.));
#3076 = ( GEOMETRIC_REPRESENTATION_CONTEXT(2) 
PARAMETRIC_REPRESENTATION_CONTEXT() REPRESENTATION_CONTEXT('2D SPACE',''
  ) );
#3077 = PCURVE('',#2973,#3078);
#3078 = DEFINITIONAL_REPRESENTATION('',(#3079),#3083);
#3079 = LINE('',#3080,#3081);
#3080 = CARTESIAN_POINT('',(24.,0.));
#3081 = VECTOR('',#3082,1.);
#3082 = DIRECTION('',(0.,1.));
#3083 = ( GEOMETRIC_REPRESENTATION_CONTEXT(2) 
PARAMETRIC_REPRESENTATION_CONTEXT() REPRESENTATION_CONTEXT('2D SPACE',''
  ) );
#3084 = ADVANCED_FACE('',(#3085),#2891,.F.);
#3085 = FACE_BOUND('',#3086,.F.);
#3086 = EDGE_LOOP('',(#3087,#3108,#3109,#3130));
#3087 = ORIENTED_EDGE('',*,*,#3088,.F.);
#3088 = EDGE_CURVE('',#2869,#2989,#3089,.T.);
#3089 = SURFACE_CURVE('',#3090,(#3094,#3101),.PCURVE_S1.);
#3090 = LINE('',#3091,#3092);
#3091 = CARTESIAN_POINT('',(-16.46141786888,-25.13701211353,62.25));
#3092 = VECTOR('',#3093,1.);
#3093 = DIRECTION('',(-0.5,-0.866025403784,0.));
#3094 = PCURVE('',#2891,#3095);
#3095 = DEFINITIONAL_REPRESENTATION('',(#3096),#3100);
#3096 = LINE('',#3097,#3098);
#3097 = CARTESIAN_POINT('',(0.,0.));
#3098 = VECTOR('',#3099,1.);
#3099 = DIRECTION('',(0.,1.));
#3100 = ( GEOMETRIC_REPRESENTATION_CONTEXT(2) 
PARAMETRIC_REPRESENTATION_CONTEXT() REPRESENTATION_CONTEXT('2D SPACE',''
  ) );
#3101 = PCURVE('',#2919,#3102);
#3102 = DEFINITIONAL_REPRESENTATION('',(#3103),#3107);
#3103 = LINE('',#3104,#3105);
#3104 = CARTESIAN_POINT('',(0.,0.));
#3105 = VECTOR('',#3106,1.);
#3106 = DIRECTION('',(1.,0.));
#3107 = ( GEOMETRIC_REPRESENTATION_CONTEXT(2) 
PARAMETRIC_REPRESENTATION_CONTEXT() REPRESENTATION_CONTEXT('2D SPACE',''
  ) );
#3108 = ORIENTED_EDGE('',*,*,#2868,.T.);
#3109 = ORIENTED_EDGE('',*,*,#3110,.T.);
#3110 = EDGE_CURVE('',#2871,#2991,#3111,.T.);
#3111 = SURFACE_CURVE('',#3112,(#3116,#3123),.PCURVE_S1.);
#3112 = LINE('',#3113,#3114);
#3113 = CARTESIAN_POINT('',(-16.46141786888,-25.13701211353,87.75));
#3114 = VECTOR('',#3115,1.);
#3115 = DIRECTION('',(-0.5,-0.866025403784,0.));
#3116 = PCURVE('',#2891,#3117);
#3117 = DEFINITIONAL_REPRESENTATION('',(#3118),#3122);
#3118 = LINE('',#3119,#3120);
#3119 = CARTESIAN_POINT('',(25.5,0.));
#3120 = VECTOR('',#3121,1.);
#3121 = DIRECTION('',(0.,1.));
#3122 = ( GEOMETRIC_REPRESENTATION_CONTEXT(2) 
PARAMETRIC_REPRESENTATION_CONTEXT() REPRESENTATION_CONTEXT('2D SPACE',''
  ) );
#3123 = PCURVE('',#2973,#3124);
#3124 = DEFINITIONAL_REPRESENTATION('',(#3125),#3129);
#3125 = LINE('',#3126,#3127);
#3126 = CARTESIAN_POINT('',(0.,0.));
#3127 = VECTOR('',#3128,1.);
#3128 = DIRECTION('',(1.,0.));
#3129 = ( GEOMETRIC_REPRESENTATION_CONTEXT(2) 
PARAMETRIC_REPRESENTATION_CONTEXT() REPRESENTATION_CONTEXT('2D SPACE',''
  ) );
#3130 = ORIENTED_EDGE('',*,*,#2988,.F.);
#3131 = ADVANCED_FACE('',(#3132),#2947,.T.);
#3132 = FACE_BOUND('',#3133,.T.);
#3133 = EDGE_LOOP('',(#3134,#3155,#3156,#3177));
#3134 = ORIENTED_EDGE('',*,*,#3135,.F.);
#3135 = EDGE_CURVE('',#2904,#3019,#3136,.T.);
#3136 = SURFACE_CURVE('',#3137,(#3141,#3148),.PCURVE_S1.);
#3137 = LINE('',#3138,#3139);
#3138 = CARTESIAN_POINT('',(-13.53858213111,-26.82451211353,62.25));
#3139 = VECTOR('',#3140,1.);
#3140 = DIRECTION('',(-0.5,-0.866025403784,0.));
#3141 = PCURVE('',#2947,#3142);
#3142 = DEFINITIONAL_REPRESENTATION('',(#3143),#3147);
#3143 = LINE('',#3144,#3145);
#3144 = CARTESIAN_POINT('',(0.,0.));
#3145 = VECTOR('',#3146,1.);
#3146 = DIRECTION('',(0.,1.));
#3147 = ( GEOMETRIC_REPRESENTATION_CONTEXT(2) 
PARAMETRIC_REPRESENTATION_CONTEXT() REPRESENTATION_CONTEXT('2D SPACE',''
  ) );
#3148 = PCURVE('',#2919,#3149);
#3149 = DEFINITIONAL_REPRESENTATION('',(#3150),#3154);
#3150 = LINE('',#3151,#3152);
#3151 = CARTESIAN_POINT('',(-1.7763568394E-15,3.375));
#3152 = VECTOR('',#3153,1.);
#3153 = DIRECTION('',(1.,0.));
#3154 = ( GEOMETRIC_REPRESENTATION_CONTEXT(2) 
PARAMETRIC_REPRESENTATION_CONTEXT() REPRESENTATION_CONTEXT('2D SPACE',''
  ) );
#3155 = ORIENTED_EDGE('',*,*,#2931,.T.);
#3156 = ORIENTED_EDGE('',*,*,#3157,.T.);
#3157 = EDGE_CURVE('',#2932,#3042,#3158,.T.);
#3158 = SURFACE_CURVE('',#3159,(#3163,#3170),.PCURVE_S1.);
#3159 = LINE('',#3160,#3161);
#3160 = CARTESIAN_POINT('',(-13.53858213111,-26.82451211353,87.75));
#3161 = VECTOR('',#3162,1.);
#3162 = DIRECTION('',(-0.5,-0.866025403784,0.));
#3163 = PCURVE('',#2947,#3164);
#3164 = DEFINITIONAL_REPRESENTATION('',(#3165),#3169);
#3165 = LINE('',#3166,#3167);
#3166 = CARTESIAN_POINT('',(25.5,0.));
#3167 = VECTOR('',#3168,1.);
#3168 = DIRECTION('',(0.,1.));
#3169 = ( GEOMETRIC_REPRESENTATION_CONTEXT(2) 
PARAMETRIC_REPRESENTATION_CONTEXT() REPRESENTATION_CONTEXT('2D SPACE',''
  ) );
#3170 = PCURVE('',#2973,#3171);
#3171 = DEFINITIONAL_REPRESENTATION('',(#3172),#3176);
#3172 = LINE('',#3173,#3174);
#3173 = CARTESIAN_POINT('',(-1.7763568394E-15,3.375));
#3174 = VECTOR('',#3175,1.);
#3175 = DIRECTION('',(1.,0.));
#3176 = ( GEOMETRIC_REPRESENTATION_CONTEXT(2) 
PARAMETRIC_REPRESENTATION_CONTEXT() REPRESENTATION_CONTEXT('2D SPACE',''
  ) );
#3177 = ORIENTED_EDGE('',*,*,#3041,.F.);
#3178 = ADVANCED_FACE('',(#3179),#2919,.F.);
#3179 = FACE_BOUND('',#3180,.F.);
#3180 = EDGE_LOOP('',(#3181,#3182,#3183,#3184));
#3181 = ORIENTED_EDGE('',*,*,#2903,.F.);
#3182 = ORIENTED_EDGE('',*,*,#3088,.T.);
#3183 = ORIENTED_EDGE('',*,*,#3018,.T.);
#3184 = ORIENTED_EDGE('',*,*,#3135,.F.);
#3185 = ADVANCED_FACE('',(#3186),#2973,.T.);
#3186 = FACE_BOUND('',#3187,.T.);
#3187 = EDGE_LOOP('',(#3188,#3189,#3190,#3191));
#3188 = ORIENTED_EDGE('',*,*,#2959,.F.);
#3189 = ORIENTED_EDGE('',*,*,#3110,.T.);
#3190 = ORIENTED_EDGE('',*,*,#3064,.T.);
#3191 = ORIENTED_EDGE('',*,*,#3157,.F.);
#3192 = MANIFOLD_SOLID_BREP('',#3193);
#3193 = CLOSED_SHELL('',(#3194,#3314,#3414,#3461,#3508,#3515));
#3194 = ADVANCED_FACE('',(#3195),#3209,.F.);
#3195 = FACE_BOUND('',#3196,.F.);
#3196 = EDGE_LOOP('',(#3197,#3232,#3260,#3288));
#3197 = ORIENTED_EDGE('',*,*,#3198,.F.);
#3198 = EDGE_CURVE('',#3199,#3201,#3203,.T.);
#3199 = VERTEX_POINT('',#3200);
#3200 = CARTESIAN_POINT('',(13.538582131114,-26.82451211353,62.25));
#3201 = VERTEX_POINT('',#3202);
#3202 = CARTESIAN_POINT('',(13.538582131114,-26.82451211353,87.75));
#3203 = SURFACE_CURVE('',#3204,(#3208,#3220),.PCURVE_S1.);
#3204 = LINE('',#3205,#3206);
#3205 = CARTESIAN_POINT('',(13.538582131114,-26.82451211353,62.25));
#3206 = VECTOR('',#3207,1.);
#3207 = DIRECTION('',(0.,0.,1.));
#3208 = PCURVE('',#3209,#3214);
#3209 = PLANE('',#3210);
#3210 = AXIS2_PLACEMENT_3D('',#3211,#3212,#3213);
#3211 = CARTESIAN_POINT('',(13.538582131114,-26.82451211353,62.25));
#3212 = DIRECTION('',(0.5,-0.866025403784,0.));
#3213 = DIRECTION('',(0.,0.,1.));
#3214 = DEFINITIONAL_REPRESENTATION('',(#3215),#3219);
#3215 = LINE('',#3216,#3217);
#3216 = CARTESIAN_POINT('',(0.,0.));
#3217 = VECTOR('',#3218,1.);
#3218 = DIRECTION('',(1.,0.));
#3219 = ( GEOMETRIC_REPRESENTATION_CONTEXT(2) 
PARAMETRIC_REPRESENTATION_CONTEXT() REPRESENTATION_CONTEXT('2D SPACE',''
  ) );
#3220 = PCURVE('',#3221,#3226);
#3221 = PLANE('',#3222);
#3222 = AXIS2_PLACEMENT_3D('',#3223,#3224,#3225);
#3223 = CARTESIAN_POINT('',(13.538582131114,-26.82451211353,62.25));
#3224 = DIRECTION('',(0.866025403784,0.5,0.));
#3225 = DIRECTION('',(0.,0.,1.));
#3226 = DEFINITIONAL_REPRESENTATION('',(#3227),#3231);
#3227 = LINE('',#3228,#3229);
#3228 = CARTESIAN_POINT('',(0.,0.));
#3229 = VECTOR('',#3230,1.);
#3230 = DIRECTION('',(1.,0.));
#3231 = ( GEOMETRIC_REPRESENTATION_CONTEXT(2) 
PARAMETRIC_REPRESENTATION_CONTEXT() REPRESENTATION_CONTEXT('2D SPACE',''
  ) );
#3232 = ORIENTED_EDGE('',*,*,#3233,.T.);
#3233 = EDGE_CURVE('',#3199,#3234,#3236,.T.);
#3234 = VERTEX_POINT('',#3235);
#3235 = CARTESIAN_POINT('',(16.461417868886,-25.13701211353,62.25));
#3236 = SURFACE_CURVE('',#3237,(#3241,#3248),.PCURVE_S1.);
#3237 = LINE('',#3238,#3239);
#3238 = CARTESIAN_POINT('',(13.538582131114,-26.82451211353,62.25));
#3239 = VECTOR('',#3240,1.);
#3240 = DIRECTION('',(0.866025403784,0.5,0.));
#3241 = PCURVE('',#3209,#3242);
#3242 = DEFINITIONAL_REPRESENTATION('',(#3243),#3247);
#3243 = LINE('',#3244,#3245);
#3244 = CARTESIAN_POINT('',(0.,0.));
#3245 = VECTOR('',#3246,1.);
#3246 = DIRECTION('',(0.,-1.));
#3247 = ( GEOMETRIC_REPRESENTATION_CONTEXT(2) 
PARAMETRIC_REPRESENTATION_CONTEXT() REPRESENTATION_CONTEXT('2D SPACE',''
  ) );
#3248 = PCURVE('',#3249,#3254);
#3249 = PLANE('',#3250);
#3250 = AXIS2_PLACEMENT_3D('',#3251,#3252,#3253);
#3251 = CARTESIAN_POINT('',(13.538582131114,-26.82451211353,62.25));
#3252 = DIRECTION('',(0.,0.,1.));
#3253 = DIRECTION('',(0.5,-0.866025403784,0.));
#3254 = DEFINITIONAL_REPRESENTATION('',(#3255),#3259);
#3255 = LINE('',#3256,#3257);
#3256 = CARTESIAN_POINT('',(0.,0.));
#3257 = VECTOR('',#3258,1.);
#3258 = DIRECTION('',(0.,1.));
#3259 = ( GEOMETRIC_REPRESENTATION_CONTEXT(2) 
PARAMETRIC_REPRESENTATION_CONTEXT() REPRESENTATION_CONTEXT('2D SPACE',''
  ) );
#3260 = ORIENTED_EDGE('',*,*,#3261,.T.);
#3261 = EDGE_CURVE('',#3234,#3262,#3264,.T.);
#3262 = VERTEX_POINT('',#3263);
#3263 = CARTESIAN_POINT('',(16.461417868886,-25.13701211353,87.75));
#3264 = SURFACE_CURVE('',#3265,(#3269,#3276),.PCURVE_S1.);
#3265 = LINE('',#3266,#3267);
#3266 = CARTESIAN_POINT('',(16.461417868886,-25.13701211353,62.25));
#3267 = VECTOR('',#3268,1.);
#3268 = DIRECTION('',(0.,0.,1.));
#3269 = PCURVE('',#3209,#3270);
#3270 = DEFINITIONAL_REPRESENTATION('',(#3271),#3275);
#3271 = LINE('',#3272,#3273);
#3272 = CARTESIAN_POINT('',(0.,-3.375));
#3273 = VECTOR('',#3274,1.);
#3274 = DIRECTION('',(1.,0.));
#3275 = ( GEOMETRIC_REPRESENTATION_CONTEXT(2) 
PARAMETRIC_REPRESENTATION_CONTEXT() REPRESENTATION_CONTEXT('2D SPACE',''
  ) );
#3276 = PCURVE('',#3277,#3282);
#3277 = PLANE('',#3278);
#3278 = AXIS2_PLACEMENT_3D('',#3279,#3280,#3281);
#3279 = CARTESIAN_POINT('',(16.461417868886,-25.13701211353,62.25));
#3280 = DIRECTION('',(0.866025403784,0.5,0.));
#3281 = DIRECTION('',(0.,0.,1.));
#3282 = DEFINITIONAL_REPRESENTATION('',(#3283),#3287);
#3283 = LINE('',#3284,#3285);
#3284 = CARTESIAN_POINT('',(0.,0.));
#3285 = VECTOR('',#3286,1.);
#3286 = DIRECTION('',(1.,0.));
#3287 = ( GEOMETRIC_REPRESENTATION_CONTEXT(2) 
PARAMETRIC_REPRESENTATION_CONTEXT() REPRESENTATION_CONTEXT('2D SPACE',''
  ) );
#3288 = ORIENTED_EDGE('',*,*,#3289,.F.);
#3289 = EDGE_CURVE('',#3201,#3262,#3290,.T.);
#3290 = SURFACE_CURVE('',#3291,(#3295,#3302),.PCURVE_S1.);
#3291 = LINE('',#3292,#3293);
#3292 = CARTESIAN_POINT('',(13.538582131114,-26.82451211353,87.75));
#3293 = VECTOR('',#3294,1.);
#3294 = DIRECTION('',(0.866025403784,0.5,0.));
#3295 = PCURVE('',#3209,#3296);
#3296 = DEFINITIONAL_REPRESENTATION('',(#3297),#3301);
#3297 = LINE('',#3298,#3299);
#3298 = CARTESIAN_POINT('',(25.5,0.));
#3299 = VECTOR('',#3300,1.);
#3300 = DIRECTION('',(0.,-1.));
#3301 = ( GEOMETRIC_REPRESENTATION_CONTEXT(2) 
PARAMETRIC_REPRESENTATION_CONTEXT() REPRESENTATION_CONTEXT('2D SPACE',''
  ) );
#3302 = PCURVE('',#3303,#3308);
#3303 = PLANE('',#3304);
#3304 = AXIS2_PLACEMENT_3D('',#3305,#3306,#3307);
#3305 = CARTESIAN_POINT('',(13.538582131114,-26.82451211353,87.75));
#3306 = DIRECTION('',(0.,0.,1.));
#3307 = DIRECTION('',(0.5,-0.866025403784,0.));
#3308 = DEFINITIONAL_REPRESENTATION('',(#3309),#3313);
#3309 = LINE('',#3310,#3311);
#3310 = CARTESIAN_POINT('',(0.,0.));
#3311 = VECTOR('',#3312,1.);
#3312 = DIRECTION('',(0.,1.));
#3313 = ( GEOMETRIC_REPRESENTATION_CONTEXT(2) 
PARAMETRIC_REPRESENTATION_CONTEXT() REPRESENTATION_CONTEXT('2D SPACE',''
  ) );
#3314 = ADVANCED_FACE('',(#3315),#3329,.T.);
#3315 = FACE_BOUND('',#3316,.T.);
#3316 = EDGE_LOOP('',(#3317,#3347,#3370,#3393));
#3317 = ORIENTED_EDGE('',*,*,#3318,.F.);
#3318 = EDGE_CURVE('',#3319,#3321,#3323,.T.);
#3319 = VERTEX_POINT('',#3320);
#3320 = CARTESIAN_POINT('',(25.538582131114,-47.60912180436,62.25));
#3321 = VERTEX_POINT('',#3322);
#3322 = CARTESIAN_POINT('',(25.538582131114,-47.60912180436,87.75));
#3323 = SURFACE_CURVE('',#3324,(#3328,#3340),.PCURVE_S1.);
#3324 = LINE('',#3325,#3326);
#3325 = CARTESIAN_POINT('',(25.538582131114,-47.60912180436,62.25));
#3326 = VECTOR('',#3327,1.);
#3327 = DIRECTION('',(0.,0.,1.));
#3328 = PCURVE('',#3329,#3334);
#3329 = PLANE('',#3330);
#3330 = AXIS2_PLACEMENT_3D('',#3331,#3332,#3333);
#3331 = CARTESIAN_POINT('',(25.538582131114,-47.60912180436,62.25));
#3332 = DIRECTION('',(0.5,-0.866025403784,0.));
#3333 = DIRECTION('',(0.,0.,1.));
#3334 = DEFINITIONAL_REPRESENTATION('',(#3335),#3339);
#3335 = LINE('',#3336,#3337);
#3336 = CARTESIAN_POINT('',(0.,0.));
#3337 = VECTOR('',#3338,1.);
#3338 = DIRECTION('',(1.,0.));
#3339 = ( GEOMETRIC_REPRESENTATION_CONTEXT(2) 
PARAMETRIC_REPRESENTATION_CONTEXT() REPRESENTATION_CONTEXT('2D SPACE',''
  ) );
#3340 = PCURVE('',#3221,#3341);
#3341 = DEFINITIONAL_REPRESENTATION('',(#3342),#3346);
#3342 = LINE('',#3343,#3344);
#3343 = CARTESIAN_POINT('',(0.,24.));
#3344 = VECTOR('',#3345,1.);
#3345 = DIRECTION('',(1.,0.));
#3346 = ( GEOMETRIC_REPRESENTATION_CONTEXT(2) 
PARAMETRIC_REPRESENTATION_CONTEXT() REPRESENTATION_CONTEXT('2D SPACE',''
  ) );
#3347 = ORIENTED_EDGE('',*,*,#3348,.T.);
#3348 = EDGE_CURVE('',#3319,#3349,#3351,.T.);
#3349 = VERTEX_POINT('',#3350);
#3350 = CARTESIAN_POINT('',(28.461417868886,-45.92162180436,62.25));
#3351 = SURFACE_CURVE('',#3352,(#3356,#3363),.PCURVE_S1.);
#3352 = LINE('',#3353,#3354);
#3353 = CARTESIAN_POINT('',(25.538582131114,-47.60912180436,62.25));
#3354 = VECTOR('',#3355,1.);
#3355 = DIRECTION('',(0.866025403784,0.5,0.));
#3356 = PCURVE('',#3329,#3357);
#3357 = DEFINITIONAL_REPRESENTATION('',(#3358),#3362);
#3358 = LINE('',#3359,#3360);
#3359 = CARTESIAN_POINT('',(0.,0.));
#3360 = VECTOR('',#3361,1.);
#3361 = DIRECTION('',(0.,-1.));
#3362 = ( GEOMETRIC_REPRESENTATION_CONTEXT(2) 
PARAMETRIC_REPRESENTATION_CONTEXT() REPRESENTATION_CONTEXT('2D SPACE',''
  ) );
#3363 = PCURVE('',#3249,#3364);
#3364 = DEFINITIONAL_REPRESENTATION('',(#3365),#3369);
#3365 = LINE('',#3366,#3367);
#3366 = CARTESIAN_POINT('',(24.,1.7763568394E-15));
#3367 = VECTOR('',#3368,1.);
#3368 = DIRECTION('',(0.,1.));
#3369 = ( GEOMETRIC_REPRESENTATION_CONTEXT(2) 
PARAMETRIC_REPRESENTATION_CONTEXT() REPRESENTATION_CONTEXT('2D SPACE',''
  ) );
#3370 = ORIENTED_EDGE('',*,*,#3371,.T.);
#3371 = EDGE_CURVE('',#3349,#3372,#3374,.T.);
#3372 = VERTEX_POINT('',#3373);
#3373 = CARTESIAN_POINT('',(28.461417868886,-45.92162180436,87.75));
#3374 = SURFACE_CURVE('',#3375,(#3379,#3386),.PCURVE_S1.);
#3375 = LINE('',#3376,#3377);
#3376 = CARTESIAN_POINT('',(28.461417868886,-45.92162180436,62.25));
#3377 = VECTOR('',#3378,1.);
#3378 = DIRECTION('',(0.,0.,1.));
#3379 = PCURVE('',#3329,#3380);
#3380 = DEFINITIONAL_REPRESENTATION('',(#3381),#3385);
#3381 = LINE('',#3382,#3383);
#3382 = CARTESIAN_POINT('',(0.,-3.375));
#3383 = VECTOR('',#3384,1.);
#3384 = DIRECTION('',(1.,0.));
#3385 = ( GEOMETRIC_REPRESENTATION_CONTEXT(2) 
PARAMETRIC_REPRESENTATION_CONTEXT() REPRESENTATION_CONTEXT('2D SPACE',''
  ) );
#3386 = PCURVE('',#3277,#3387);
#3387 = DEFINITIONAL_REPRESENTATION('',(#3388),#3392);
#3388 = LINE('',#3389,#3390);
#3389 = CARTESIAN_POINT('',(0.,24.));
#3390 = VECTOR('',#3391,1.);
#3391 = DIRECTION('',(1.,0.));
#3392 = ( GEOMETRIC_REPRESENTATION_CONTEXT(2) 
PARAMETRIC_REPRESENTATION_CONTEXT() REPRESENTATION_CONTEXT('2D SPACE',''
  ) );
#3393 = ORIENTED_EDGE('',*,*,#3394,.F.);
#3394 = EDGE_CURVE('',#3321,#3372,#3395,.T.);
#3395 = SURFACE_CURVE('',#3396,(#3400,#3407),.PCURVE_S1.);
#3396 = LINE('',#3397,#3398);
#3397 = CARTESIAN_POINT('',(25.538582131114,-47.60912180436,87.75));
#3398 = VECTOR('',#3399,1.);
#3399 = DIRECTION('',(0.866025403784,0.5,0.));
#3400 = PCURVE('',#3329,#3401);
#3401 = DEFINITIONAL_REPRESENTATION('',(#3402),#3406);
#3402 = LINE('',#3403,#3404);
#3403 = CARTESIAN_POINT('',(25.5,0.));
#3404 = VECTOR('',#3405,1.);
#3405 = DIRECTION('',(0.,-1.));
#3406 = ( GEOMETRIC_REPRESENTATION_CONTEXT(2) 
PARAMETRIC_REPRESENTATION_CONTEXT() REPRESENTATION_CONTEXT('2D SPACE',''
  ) );
#3407 = PCURVE('',#3303,#3408);
#3408 = DEFINITIONAL_REPRESENTATION('',(#3409),#3413);
#3409 = LINE('',#3410,#3411);
#3410 = CARTESIAN_POINT('',(24.,1.7763568394E-15));
#3411 = VECTOR('',#3412,1.);
#3412 = DIRECTION('',(0.,1.));
#3413 = ( GEOMETRIC_REPRESENTATION_CONTEXT(2) 
PARAMETRIC_REPRESENTATION_CONTEXT() REPRESENTATION_CONTEXT('2D SPACE',''
  ) );
#3414 = ADVANCED_FACE('',(#3415),#3221,.F.);
#3415 = FACE_BOUND('',#3416,.F.);
#3416 = EDGE_LOOP('',(#3417,#3438,#3439,#3460));
#3417 = ORIENTED_EDGE('',*,*,#3418,.F.);
#3418 = EDGE_CURVE('',#3199,#3319,#3419,.T.);
#3419 = SURFACE_CURVE('',#3420,(#3424,#3431),.PCURVE_S1.);
#3420 = LINE('',#3421,#3422);
#3421 = CARTESIAN_POINT('',(13.538582131114,-26.82451211353,62.25));
#3422 = VECTOR('',#3423,1.);
#3423 = DIRECTION('',(0.5,-0.866025403784,0.));
#3424 = PCURVE('',#3221,#3425);
#3425 = DEFINITIONAL_REPRESENTATION('',(#3426),#3430);
#3426 = LINE('',#3427,#3428);
#3427 = CARTESIAN_POINT('',(0.,0.));
#3428 = VECTOR('',#3429,1.);
#3429 = DIRECTION('',(0.,1.));
#3430 = ( GEOMETRIC_REPRESENTATION_CONTEXT(2) 
PARAMETRIC_REPRESENTATION_CONTEXT() REPRESENTATION_CONTEXT('2D SPACE',''
  ) );
#3431 = PCURVE('',#3249,#3432);
#3432 = DEFINITIONAL_REPRESENTATION('',(#3433),#3437);
#3433 = LINE('',#3434,#3435);
#3434 = CARTESIAN_POINT('',(0.,0.));
#3435 = VECTOR('',#3436,1.);
#3436 = DIRECTION('',(1.,0.));
#3437 = ( GEOMETRIC_REPRESENTATION_CONTEXT(2) 
PARAMETRIC_REPRESENTATION_CONTEXT() REPRESENTATION_CONTEXT('2D SPACE',''
  ) );
#3438 = ORIENTED_EDGE('',*,*,#3198,.T.);
#3439 = ORIENTED_EDGE('',*,*,#3440,.T.);
#3440 = EDGE_CURVE('',#3201,#3321,#3441,.T.);
#3441 = SURFACE_CURVE('',#3442,(#3446,#3453),.PCURVE_S1.);
#3442 = LINE('',#3443,#3444);
#3443 = CARTESIAN_POINT('',(13.538582131114,-26.82451211353,87.75));
#3444 = VECTOR('',#3445,1.);
#3445 = DIRECTION('',(0.5,-0.866025403784,0.));
#3446 = PCURVE('',#3221,#3447);
#3447 = DEFINITIONAL_REPRESENTATION('',(#3448),#3452);
#3448 = LINE('',#3449,#3450);
#3449 = CARTESIAN_POINT('',(25.5,0.));
#3450 = VECTOR('',#3451,1.);
#3451 = DIRECTION('',(0.,1.));
#3452 = ( GEOMETRIC_REPRESENTATION_CONTEXT(2) 
PARAMETRIC_REPRESENTATION_CONTEXT() REPRESENTATION_CONTEXT('2D SPACE',''
  ) );
#3453 = PCURVE('',#3303,#3454);
#3454 = DEFINITIONAL_REPRESENTATION('',(#3455),#3459);
#3455 = LINE('',#3456,#3457);
#3456 = CARTESIAN_POINT('',(0.,0.));
#3457 = VECTOR('',#3458,1.);
#3458 = DIRECTION('',(1.,0.));
#3459 = ( GEOMETRIC_REPRESENTATION_CONTEXT(2) 
PARAMETRIC_REPRESENTATION_CONTEXT() REPRESENTATION_CONTEXT('2D SPACE',''
  ) );
#3460 = ORIENTED_EDGE('',*,*,#3318,.F.);
#3461 = ADVANCED_FACE('',(#3462),#3277,.T.);
#3462 = FACE_BOUND('',#3463,.T.);
#3463 = EDGE_LOOP('',(#3464,#3485,#3486,#3507));
#3464 = ORIENTED_EDGE('',*,*,#3465,.F.);
#3465 = EDGE_CURVE('',#3234,#3349,#3466,.T.);
#3466 = SURFACE_CURVE('',#3467,(#3471,#3478),.PCURVE_S1.);
#3467 = LINE('',#3468,#3469);
#3468 = CARTESIAN_POINT('',(16.461417868886,-25.13701211353,62.25));
#3469 = VECTOR('',#3470,1.);
#3470 = DIRECTION('',(0.5,-0.866025403784,0.));
#3471 = PCURVE('',#3277,#3472);
#3472 = DEFINITIONAL_REPRESENTATION('',(#3473),#3477);
#3473 = LINE('',#3474,#3475);
#3474 = CARTESIAN_POINT('',(0.,0.));
#3475 = VECTOR('',#3476,1.);
#3476 = DIRECTION('',(0.,1.));
#3477 = ( GEOMETRIC_REPRESENTATION_CONTEXT(2) 
PARAMETRIC_REPRESENTATION_CONTEXT() REPRESENTATION_CONTEXT('2D SPACE',''
  ) );
#3478 = PCURVE('',#3249,#3479);
#3479 = DEFINITIONAL_REPRESENTATION('',(#3480),#3484);
#3480 = LINE('',#3481,#3482);
#3481 = CARTESIAN_POINT('',(4.440892098501E-16,3.375));
#3482 = VECTOR('',#3483,1.);
#3483 = DIRECTION('',(1.,0.));
#3484 = ( GEOMETRIC_REPRESENTATION_CONTEXT(2) 
PARAMETRIC_REPRESENTATION_CONTEXT() REPRESENTATION_CONTEXT('2D SPACE',''
  ) );
#3485 = ORIENTED_EDGE('',*,*,#3261,.T.);
#3486 = ORIENTED_EDGE('',*,*,#3487,.T.);
#3487 = EDGE_CURVE('',#3262,#3372,#3488,.T.);
#3488 = SURFACE_CURVE('',#3489,(#3493,#3500),.PCURVE_S1.);
#3489 = LINE('',#3490,#3491);
#3490 = CARTESIAN_POINT('',(16.461417868886,-25.13701211353,87.75));
#3491 = VECTOR('',#3492,1.);
#3492 = DIRECTION('',(0.5,-0.866025403784,0.));
#3493 = PCURVE('',#3277,#3494);
#3494 = DEFINITIONAL_REPRESENTATION('',(#3495),#3499);
#3495 = LINE('',#3496,#3497);
#3496 = CARTESIAN_POINT('',(25.5,0.));
#3497 = VECTOR('',#3498,1.);
#3498 = DIRECTION('',(0.,1.));
#3499 = ( GEOMETRIC_REPRESENTATION_CONTEXT(2) 
PARAMETRIC_REPRESENTATION_CONTEXT() REPRESENTATION_CONTEXT('2D SPACE',''
  ) );
#3500 = PCURVE('',#3303,#3501);
#3501 = DEFINITIONAL_REPRESENTATION('',(#3502),#3506);
#3502 = LINE('',#3503,#3504);
#3503 = CARTESIAN_POINT('',(4.440892098501E-16,3.375));
#3504 = VECTOR('',#3505,1.);
#3505 = DIRECTION('',(1.,0.));
#3506 = ( GEOMETRIC_REPRESENTATION_CONTEXT(2) 
PARAMETRIC_REPRESENTATION_CONTEXT() REPRESENTATION_CONTEXT('2D SPACE',''
  ) );
#3507 = ORIENTED_EDGE('',*,*,#3371,.F.);
#3508 = ADVANCED_FACE('',(#3509),#3249,.F.);
#3509 = FACE_BOUND('',#3510,.F.);
#3510 = EDGE_LOOP('',(#3511,#3512,#3513,#3514));
#3511 = ORIENTED_EDGE('',*,*,#3233,.F.);
#3512 = ORIENTED_EDGE('',*,*,#3418,.T.);
#3513 = ORIENTED_EDGE('',*,*,#3348,.T.);
#3514 = ORIENTED_EDGE('',*,*,#3465,.F.);
#3515 = ADVANCED_FACE('',(#3516),#3303,.T.);
#3516 = FACE_BOUND('',#3517,.T.);
#3517 = EDGE_LOOP('',(#3518,#3519,#3520,#3521));
#3518 = ORIENTED_EDGE('',*,*,#3289,.F.);
#3519 = ORIENTED_EDGE('',*,*,#3440,.T.);
#3520 = ORIENTED_EDGE('',*,*,#3394,.T.);
#3521 = ORIENTED_EDGE('',*,*,#3487,.F.);
#3522 = ( GEOMETRIC_REPRESENTATION_CONTEXT(3) 
GLOBAL_UNCERTAINTY_ASSIGNED_CONTEXT((#3526)) 
GLOBAL_UNIT_ASSIGNED_CONTEXT((#3523,#3524,#3525)) REPRESENTATION_CONTEXT
('Context #1','3D Context with UNIT and UNCERTAINTY') );
#3523 = ( LENGTH_UNIT() NAMED_UNIT(*) SI_UNIT(.MILLI.,.METRE.) );
#3524 = ( NAMED_UNIT(*) PLANE_ANGLE_UNIT() SI_UNIT($,.RADIAN.) );
#3525 = ( NAMED_UNIT(*) SI_UNIT($,.STERADIAN.) SOLID_ANGLE_UNIT() );
#3526 = UNCERTAINTY_MEASURE_WITH_UNIT(LENGTH_MEASURE(1.E-07),#3523,
  'distance_accuracy_value','confusion accuracy');
#3527 = CONTEXT_DEPENDENT_SHAPE_REPRESENTATION(#3528,#3530);
#3528 = ( REPRESENTATION_RELATIONSHIP('','',#1443,#10) 
REPRESENTATION_RELATIONSHIP_WITH_TRANSFORMATION(#3529) 
SHAPE_REPRESENTATION_RELATIONSHIP() );
#3529 = ITEM_DEFINED_TRANSFORMATION('','',#11,#31);
#3530 = PRODUCT_DEFINITION_SHAPE('Placement','Placement of an item',
  #3531);
#3531 = NEXT_ASSEMBLY_USAGE_OCCURRENCE('5','Impeller_Lower','',#5,#1438,
  $);
#3532 = PRODUCT_RELATED_PRODUCT_CATEGORY('part',$,(#1440));
#3533 = SHAPE_DEFINITION_REPRESENTATION(#3534,#3540);
#3534 = PRODUCT_DEFINITION_SHAPE('','',#3535);
#3535 = PRODUCT_DEFINITION('design','',#3536,#3539);
#3536 = PRODUCT_DEFINITION_FORMATION('','',#3537);
#3537 = PRODUCT('Impeller_Upper','Impeller_Upper','',(#3538));
#3538 = PRODUCT_CONTEXT('',#2,'mechanical');
#3539 = PRODUCT_DEFINITION_CONTEXT('part definition',#2,'design');
#3540 = SHAPE_REPRESENTATION('',(#11,#3541,#3871,#3969,#4299,#4629,#4959
    ,#5289),#5619);
#3541 = MANIFOLD_SOLID_BREP('',#3542);
#3542 = CLOSED_SHELL('',(#3543,#3663,#3739,#3788,#3837,#3864));
#3543 = ADVANCED_FACE('',(#3544),#3558,.F.);
#3544 = FACE_BOUND('',#3545,.F.);
#3545 = EDGE_LOOP('',(#3546,#3581,#3609,#3637));
#3546 = ORIENTED_EDGE('',*,*,#3547,.F.);
#3547 = EDGE_CURVE('',#3548,#3550,#3552,.T.);
#3548 = VERTEX_POINT('',#3549);
#3549 = CARTESIAN_POINT('',(30.,-1.6875,174.25));
#3550 = VERTEX_POINT('',#3551);
#3551 = CARTESIAN_POINT('',(30.,-1.6875,199.75));
#3552 = SURFACE_CURVE('',#3553,(#3557,#3569),.PCURVE_S1.);
#3553 = LINE('',#3554,#3555);
#3554 = CARTESIAN_POINT('',(30.,-1.6875,174.25));
#3555 = VECTOR('',#3556,1.);
#3556 = DIRECTION('',(0.,0.,1.));
#3557 = PCURVE('',#3558,#3563);
#3558 = PLANE('',#3559);
#3559 = AXIS2_PLACEMENT_3D('',#3560,#3561,#3562);
#3560 = CARTESIAN_POINT('',(30.,-1.6875,174.25));
#3561 = DIRECTION('',(1.,0.,0.));
#3562 = DIRECTION('',(0.,0.,1.));
#3563 = DEFINITIONAL_REPRESENTATION('',(#3564),#3568);
#3564 = LINE('',#3565,#3566);
#3565 = CARTESIAN_POINT('',(0.,0.));
#3566 = VECTOR('',#3567,1.);
#3567 = DIRECTION('',(1.,0.));
#3568 = ( GEOMETRIC_REPRESENTATION_CONTEXT(2) 
PARAMETRIC_REPRESENTATION_CONTEXT() REPRESENTATION_CONTEXT('2D SPACE',''
  ) );
#3569 = PCURVE('',#3570,#3575);
#3570 = PLANE('',#3571);
#3571 = AXIS2_PLACEMENT_3D('',#3572,#3573,#3574);
#3572 = CARTESIAN_POINT('',(30.,-1.6875,174.25));
#3573 = DIRECTION('',(0.,1.,0.));
#3574 = DIRECTION('',(0.,0.,1.));
#3575 = DEFINITIONAL_REPRESENTATION('',(#3576),#3580);
#3576 = LINE('',#3577,#3578);
#3577 = CARTESIAN_POINT('',(0.,0.));
#3578 = VECTOR('',#3579,1.);
#3579 = DIRECTION('',(1.,0.));
#3580 = ( GEOMETRIC_REPRESENTATION_CONTEXT(2) 
PARAMETRIC_REPRESENTATION_CONTEXT() REPRESENTATION_CONTEXT('2D SPACE',''
  ) );
#3581 = ORIENTED_EDGE('',*,*,#3582,.T.);
#3582 = EDGE_CURVE('',#3548,#3583,#3585,.T.);
#3583 = VERTEX_POINT('',#3584);
#3584 = CARTESIAN_POINT('',(30.,1.6875,174.25));
#3585 = SURFACE_CURVE('',#3586,(#3590,#3597),.PCURVE_S1.);
#3586 = LINE('',#3587,#3588);
#3587 = CARTESIAN_POINT('',(30.,-1.6875,174.25));
#3588 = VECTOR('',#3589,1.);
#3589 = DIRECTION('',(0.,1.,0.));
#3590 = PCURVE('',#3558,#3591);
#3591 = DEFINITIONAL_REPRESENTATION('',(#3592),#3596);
#3592 = LINE('',#3593,#3594);
#3593 = CARTESIAN_POINT('',(0.,0.));
#3594 = VECTOR('',#3595,1.);
#3595 = DIRECTION('',(0.,-1.));
#3596 = ( GEOMETRIC_REPRESENTATION_CONTEXT(2) 
PARAMETRIC_REPRESENTATION_CONTEXT() REPRESENTATION_CONTEXT('2D SPACE',''
  ) );
#3597 = PCURVE('',#3598,#3603);
#3598 = PLANE('',#3599);
#3599 = AXIS2_PLACEMENT_3D('',#3600,#3601,#3602);
#3600 = CARTESIAN_POINT('',(30.,-1.6875,174.25));
#3601 = DIRECTION('',(0.,0.,1.));
#3602 = DIRECTION('',(1.,0.,0.));
#3603 = DEFINITIONAL_REPRESENTATION('',(#3604),#3608);
#3604 = LINE('',#3605,#3606);
#3605 = CARTESIAN_POINT('',(0.,0.));
#3606 = VECTOR('',#3607,1.);
#3607 = DIRECTION('',(0.,1.));
#3608 = ( GEOMETRIC_REPRESENTATION_CONTEXT(2) 
PARAMETRIC_REPRESENTATION_CONTEXT() REPRESENTATION_CONTEXT('2D SPACE',''
  ) );
#3609 = ORIENTED_EDGE('',*,*,#3610,.T.);
#3610 = EDGE_CURVE('',#3583,#3611,#3613,.T.);
#3611 = VERTEX_POINT('',#3612);
#3612 = CARTESIAN_POINT('',(30.,1.6875,199.75));
#3613 = SURFACE_CURVE('',#3614,(#3618,#3625),.PCURVE_S1.);
#3614 = LINE('',#3615,#3616);
#3615 = CARTESIAN_POINT('',(30.,1.6875,174.25));
#3616 = VECTOR('',#3617,1.);
#3617 = DIRECTION('',(0.,0.,1.));
#3618 = PCURVE('',#3558,#3619);
#3619 = DEFINITIONAL_REPRESENTATION('',(#3620),#3624);
#3620 = LINE('',#3621,#3622);
#3621 = CARTESIAN_POINT('',(0.,-3.375));
#3622 = VECTOR('',#3623,1.);
#3623 = DIRECTION('',(1.,0.));
#3624 = ( GEOMETRIC_REPRESENTATION_CONTEXT(2) 
PARAMETRIC_REPRESENTATION_CONTEXT() REPRESENTATION_CONTEXT('2D SPACE',''
  ) );
#3625 = PCURVE('',#3626,#3631);
#3626 = PLANE('',#3627);
#3627 = AXIS2_PLACEMENT_3D('',#3628,#3629,#3630);
#3628 = CARTESIAN_POINT('',(30.,1.6875,174.25));
#3629 = DIRECTION('',(0.,1.,0.));
#3630 = DIRECTION('',(0.,0.,1.));
#3631 = DEFINITIONAL_REPRESENTATION('',(#3632),#3636);
#3632 = LINE('',#3633,#3634);
#3633 = CARTESIAN_POINT('',(0.,0.));
#3634 = VECTOR('',#3635,1.);
#3635 = DIRECTION('',(1.,0.));
#3636 = ( GEOMETRIC_REPRESENTATION_CONTEXT(2) 
PARAMETRIC_REPRESENTATION_CONTEXT() REPRESENTATION_CONTEXT('2D SPACE',''
  ) );
#3637 = ORIENTED_EDGE('',*,*,#3638,.F.);
#3638 = EDGE_CURVE('',#3550,#3611,#3639,.T.);
#3639 = SURFACE_CURVE('',#3640,(#3644,#3651),.PCURVE_S1.);
#3640 = LINE('',#3641,#3642);
#3641 = CARTESIAN_POINT('',(30.,-1.6875,199.75));
#3642 = VECTOR('',#3643,1.);
#3643 = DIRECTION('',(0.,1.,0.));
#3644 = PCURVE('',#3558,#3645);
#3645 = DEFINITIONAL_REPRESENTATION('',(#3646),#3650);
#3646 = LINE('',#3647,#3648);
#3647 = CARTESIAN_POINT('',(25.5,0.));
#3648 = VECTOR('',#3649,1.);
#3649 = DIRECTION('',(0.,-1.));
#3650 = ( GEOMETRIC_REPRESENTATION_CONTEXT(2) 
PARAMETRIC_REPRESENTATION_CONTEXT() REPRESENTATION_CONTEXT('2D SPACE',''
  ) );
#3651 = PCURVE('',#3652,#3657);
#3652 = PLANE('',#3653);
#3653 = AXIS2_PLACEMENT_3D('',#3654,#3655,#3656);
#3654 = CARTESIAN_POINT('',(30.,-1.6875,199.75));
#3655 = DIRECTION('',(0.,0.,1.));
#3656 = DIRECTION('',(1.,0.,0.));
#3657 = DEFINITIONAL_REPRESENTATION('',(#3658),#3662);
#3658 = LINE('',#3659,#3660);
#3659 = CARTESIAN_POINT('',(0.,0.));
#3660 = VECTOR('',#3661,1.);
#3661 = DIRECTION('',(0.,1.));
#3662 = ( GEOMETRIC_REPRESENTATION_CONTEXT(2) 
PARAMETRIC_REPRESENTATION_CONTEXT() REPRESENTATION_CONTEXT('2D SPACE',''
  ) );
#3663 = ADVANCED_FACE('',(#3664),#3570,.F.);
#3664 = FACE_BOUND('',#3665,.F.);
#3665 = EDGE_LOOP('',(#3666,#3689,#3690,#3713));
#3666 = ORIENTED_EDGE('',*,*,#3667,.F.);
#3667 = EDGE_CURVE('',#3548,#3668,#3670,.T.);
#3668 = VERTEX_POINT('',#3669);
#3669 = CARTESIAN_POINT('',(54.,-1.6875,174.25));
#3670 = SURFACE_CURVE('',#3671,(#3675,#3682),.PCURVE_S1.);
#3671 = LINE('',#3672,#3673);
#3672 = CARTESIAN_POINT('',(30.,-1.6875,174.25));
#3673 = VECTOR('',#3674,1.);
#3674 = DIRECTION('',(1.,0.,0.));
#3675 = PCURVE('',#3570,#3676);
#3676 = DEFINITIONAL_REPRESENTATION('',(#3677),#3681);
#3677 = LINE('',#3678,#3679);
#3678 = CARTESIAN_POINT('',(0.,0.));
#3679 = VECTOR('',#3680,1.);
#3680 = DIRECTION('',(0.,1.));
#3681 = ( GEOMETRIC_REPRESENTATION_CONTEXT(2) 
PARAMETRIC_REPRESENTATION_CONTEXT() REPRESENTATION_CONTEXT('2D SPACE',''
  ) );
#3682 = PCURVE('',#3598,#3683);
#3683 = DEFINITIONAL_REPRESENTATION('',(#3684),#3688);
#3684 = LINE('',#3685,#3686);
#3685 = CARTESIAN_POINT('',(0.,0.));
#3686 = VECTOR('',#3687,1.);
#3687 = DIRECTION('',(1.,0.));
#3688 = ( GEOMETRIC_REPRESENTATION_CONTEXT(2) 
PARAMETRIC_REPRESENTATION_CONTEXT() REPRESENTATION_CONTEXT('2D SPACE',''
  ) );
#3689 = ORIENTED_EDGE('',*,*,#3547,.T.);
#3690 = ORIENTED_EDGE('',*,*,#3691,.T.);
#3691 = EDGE_CURVE('',#3550,#3692,#3694,.T.);
#3692 = VERTEX_POINT('',#3693);
#3693 = CARTESIAN_POINT('',(54.,-1.6875,199.75));
#3694 = SURFACE_CURVE('',#3695,(#3699,#3706),.PCURVE_S1.);
#3695 = LINE('',#3696,#3697);
#3696 = CARTESIAN_POINT('',(30.,-1.6875,199.75));
#3697 = VECTOR('',#3698,1.);
#3698 = DIRECTION('',(1.,0.,0.));
#3699 = PCURVE('',#3570,#3700);
#3700 = DEFINITIONAL_REPRESENTATION('',(#3701),#3705);
#3701 = LINE('',#3702,#3703);
#3702 = CARTESIAN_POINT('',(25.5,0.));
#3703 = VECTOR('',#3704,1.);
#3704 = DIRECTION('',(0.,1.));
#3705 = ( GEOMETRIC_REPRESENTATION_CONTEXT(2) 
PARAMETRIC_REPRESENTATION_CONTEXT() REPRESENTATION_CONTEXT('2D SPACE',''
  ) );
#3706 = PCURVE('',#3652,#3707);
#3707 = DEFINITIONAL_REPRESENTATION('',(#3708),#3712);
#3708 = LINE('',#3709,#3710);
#3709 = CARTESIAN_POINT('',(0.,0.));
#3710 = VECTOR('',#3711,1.);
#3711 = DIRECTION('',(1.,0.));
#3712 = ( GEOMETRIC_REPRESENTATION_CONTEXT(2) 
PARAMETRIC_REPRESENTATION_CONTEXT() REPRESENTATION_CONTEXT('2D SPACE',''
  ) );
#3713 = ORIENTED_EDGE('',*,*,#3714,.F.);
#3714 = EDGE_CURVE('',#3668,#3692,#3715,.T.);
#3715 = SURFACE_CURVE('',#3716,(#3720,#3727),.PCURVE_S1.);
#3716 = LINE('',#3717,#3718);
#3717 = CARTESIAN_POINT('',(54.,-1.6875,174.25));
#3718 = VECTOR('',#3719,1.);
#3719 = DIRECTION('',(0.,0.,1.));
#3720 = PCURVE('',#3570,#3721);
#3721 = DEFINITIONAL_REPRESENTATION('',(#3722),#3726);
#3722 = LINE('',#3723,#3724);
#3723 = CARTESIAN_POINT('',(0.,24.));
#3724 = VECTOR('',#3725,1.);
#3725 = DIRECTION('',(1.,0.));
#3726 = ( GEOMETRIC_REPRESENTATION_CONTEXT(2) 
PARAMETRIC_REPRESENTATION_CONTEXT() REPRESENTATION_CONTEXT('2D SPACE',''
  ) );
#3727 = PCURVE('',#3728,#3733);
#3728 = PLANE('',#3729);
#3729 = AXIS2_PLACEMENT_3D('',#3730,#3731,#3732);
#3730 = CARTESIAN_POINT('',(54.,-1.6875,174.25));
#3731 = DIRECTION('',(1.,0.,0.));
#3732 = DIRECTION('',(0.,0.,1.));
#3733 = DEFINITIONAL_REPRESENTATION('',(#3734),#3738);
#3734 = LINE('',#3735,#3736);
#3735 = CARTESIAN_POINT('',(0.,0.));
#3736 = VECTOR('',#3737,1.);
#3737 = DIRECTION('',(1.,0.));
#3738 = ( GEOMETRIC_REPRESENTATION_CONTEXT(2) 
PARAMETRIC_REPRESENTATION_CONTEXT() REPRESENTATION_CONTEXT('2D SPACE',''
  ) );
#3739 = ADVANCED_FACE('',(#3740),#3652,.T.);
#3740 = FACE_BOUND('',#3741,.T.);
#3741 = EDGE_LOOP('',(#3742,#3743,#3744,#3767));
#3742 = ORIENTED_EDGE('',*,*,#3638,.F.);
#3743 = ORIENTED_EDGE('',*,*,#3691,.T.);
#3744 = ORIENTED_EDGE('',*,*,#3745,.T.);
#3745 = EDGE_CURVE('',#3692,#3746,#3748,.T.);
#3746 = VERTEX_POINT('',#3747);
#3747 = CARTESIAN_POINT('',(54.,1.6875,199.75));
#3748 = SURFACE_CURVE('',#3749,(#3753,#3760),.PCURVE_S1.);
#3749 = LINE('',#3750,#3751);
#3750 = CARTESIAN_POINT('',(54.,-1.6875,199.75));
#3751 = VECTOR('',#3752,1.);
#3752 = DIRECTION('',(0.,1.,0.));
#3753 = PCURVE('',#3652,#3754);
#3754 = DEFINITIONAL_REPRESENTATION('',(#3755),#3759);
#3755 = LINE('',#3756,#3757);
#3756 = CARTESIAN_POINT('',(24.,0.));
#3757 = VECTOR('',#3758,1.);
#3758 = DIRECTION('',(0.,1.));
#3759 = ( GEOMETRIC_REPRESENTATION_CONTEXT(2) 
PARAMETRIC_REPRESENTATION_CONTEXT() REPRESENTATION_CONTEXT('2D SPACE',''
  ) );
#3760 = PCURVE('',#3728,#3761);
#3761 = DEFINITIONAL_REPRESENTATION('',(#3762),#3766);
#3762 = LINE('',#3763,#3764);
#3763 = CARTESIAN_POINT('',(25.5,0.));
#3764 = VECTOR('',#3765,1.);
#3765 = DIRECTION('',(0.,-1.));
#3766 = ( GEOMETRIC_REPRESENTATION_CONTEXT(2) 
PARAMETRIC_REPRESENTATION_CONTEXT() REPRESENTATION_CONTEXT('2D SPACE',''
  ) );
#3767 = ORIENTED_EDGE('',*,*,#3768,.F.);
#3768 = EDGE_CURVE('',#3611,#3746,#3769,.T.);
#3769 = SURFACE_CURVE('',#3770,(#3774,#3781),.PCURVE_S1.);
#3770 = LINE('',#3771,#3772);
#3771 = CARTESIAN_POINT('',(30.,1.6875,199.75));
#3772 = VECTOR('',#3773,1.);
#3773 = DIRECTION('',(1.,0.,0.));
#3774 = PCURVE('',#3652,#3775);
#3775 = DEFINITIONAL_REPRESENTATION('',(#3776),#3780);
#3776 = LINE('',#3777,#3778);
#3777 = CARTESIAN_POINT('',(0.,3.375));
#3778 = VECTOR('',#3779,1.);
#3779 = DIRECTION('',(1.,0.));
#3780 = ( GEOMETRIC_REPRESENTATION_CONTEXT(2) 
PARAMETRIC_REPRESENTATION_CONTEXT() REPRESENTATION_CONTEXT('2D SPACE',''
  ) );
#3781 = PCURVE('',#3626,#3782);
#3782 = DEFINITIONAL_REPRESENTATION('',(#3783),#3787);
#3783 = LINE('',#3784,#3785);
#3784 = CARTESIAN_POINT('',(25.5,0.));
#3785 = VECTOR('',#3786,1.);
#3786 = DIRECTION('',(0.,1.));
#3787 = ( GEOMETRIC_REPRESENTATION_CONTEXT(2) 
PARAMETRIC_REPRESENTATION_CONTEXT() REPRESENTATION_CONTEXT('2D SPACE',''
  ) );
#3788 = ADVANCED_FACE('',(#3789),#3598,.F.);
#3789 = FACE_BOUND('',#3790,.F.);
#3790 = EDGE_LOOP('',(#3791,#3792,#3793,#3816));
#3791 = ORIENTED_EDGE('',*,*,#3582,.F.);
#3792 = ORIENTED_EDGE('',*,*,#3667,.T.);
#3793 = ORIENTED_EDGE('',*,*,#3794,.T.);
#3794 = EDGE_CURVE('',#3668,#3795,#3797,.T.);
#3795 = VERTEX_POINT('',#3796);
#3796 = CARTESIAN_POINT('',(54.,1.6875,174.25));
#3797 = SURFACE_CURVE('',#3798,(#3802,#3809),.PCURVE_S1.);
#3798 = LINE('',#3799,#3800);
#3799 = CARTESIAN_POINT('',(54.,-1.6875,174.25));
#3800 = VECTOR('',#3801,1.);
#3801 = DIRECTION('',(0.,1.,0.));
#3802 = PCURVE('',#3598,#3803);
#3803 = DEFINITIONAL_REPRESENTATION('',(#3804),#3808);
#3804 = LINE('',#3805,#3806);
#3805 = CARTESIAN_POINT('',(24.,0.));
#3806 = VECTOR('',#3807,1.);
#3807 = DIRECTION('',(0.,1.));
#3808 = ( GEOMETRIC_REPRESENTATION_CONTEXT(2) 
PARAMETRIC_REPRESENTATION_CONTEXT() REPRESENTATION_CONTEXT('2D SPACE',''
  ) );
#3809 = PCURVE('',#3728,#3810);
#3810 = DEFINITIONAL_REPRESENTATION('',(#3811),#3815);
#3811 = LINE('',#3812,#3813);
#3812 = CARTESIAN_POINT('',(0.,0.));
#3813 = VECTOR('',#3814,1.);
#3814 = DIRECTION('',(0.,-1.));
#3815 = ( GEOMETRIC_REPRESENTATION_CONTEXT(2) 
PARAMETRIC_REPRESENTATION_CONTEXT() REPRESENTATION_CONTEXT('2D SPACE',''
  ) );
#3816 = ORIENTED_EDGE('',*,*,#3817,.F.);
#3817 = EDGE_CURVE('',#3583,#3795,#3818,.T.);
#3818 = SURFACE_CURVE('',#3819,(#3823,#3830),.PCURVE_S1.);
#3819 = LINE('',#3820,#3821);
#3820 = CARTESIAN_POINT('',(30.,1.6875,174.25));
#3821 = VECTOR('',#3822,1.);
#3822 = DIRECTION('',(1.,0.,0.));
#3823 = PCURVE('',#3598,#3824);
#3824 = DEFINITIONAL_REPRESENTATION('',(#3825),#3829);
#3825 = LINE('',#3826,#3827);
#3826 = CARTESIAN_POINT('',(0.,3.375));
#3827 = VECTOR('',#3828,1.);
#3828 = DIRECTION('',(1.,0.));
#3829 = ( GEOMETRIC_REPRESENTATION_CONTEXT(2) 
PARAMETRIC_REPRESENTATION_CONTEXT() REPRESENTATION_CONTEXT('2D SPACE',''
  ) );
#3830 = PCURVE('',#3626,#3831);
#3831 = DEFINITIONAL_REPRESENTATION('',(#3832),#3836);
#3832 = LINE('',#3833,#3834);
#3833 = CARTESIAN_POINT('',(0.,0.));
#3834 = VECTOR('',#3835,1.);
#3835 = DIRECTION('',(0.,1.));
#3836 = ( GEOMETRIC_REPRESENTATION_CONTEXT(2) 
PARAMETRIC_REPRESENTATION_CONTEXT() REPRESENTATION_CONTEXT('2D SPACE',''
  ) );
#3837 = ADVANCED_FACE('',(#3838),#3626,.T.);
#3838 = FACE_BOUND('',#3839,.T.);
#3839 = EDGE_LOOP('',(#3840,#3841,#3842,#3843));
#3840 = ORIENTED_EDGE('',*,*,#3817,.F.);
#3841 = ORIENTED_EDGE('',*,*,#3610,.T.);
#3842 = ORIENTED_EDGE('',*,*,#3768,.T.);
#3843 = ORIENTED_EDGE('',*,*,#3844,.F.);
#3844 = EDGE_CURVE('',#3795,#3746,#3845,.T.);
#3845 = SURFACE_CURVE('',#3846,(#3850,#3857),.PCURVE_S1.);
#3846 = LINE('',#3847,#3848);
#3847 = CARTESIAN_POINT('',(54.,1.6875,174.25));
#3848 = VECTOR('',#3849,1.);
#3849 = DIRECTION('',(0.,0.,1.));
#3850 = PCURVE('',#3626,#3851);
#3851 = DEFINITIONAL_REPRESENTATION('',(#3852),#3856);
#3852 = LINE('',#3853,#3854);
#3853 = CARTESIAN_POINT('',(0.,24.));
#3854 = VECTOR('',#3855,1.);
#3855 = DIRECTION('',(1.,0.));
#3856 = ( GEOMETRIC_REPRESENTATION_CONTEXT(2) 
PARAMETRIC_REPRESENTATION_CONTEXT() REPRESENTATION_CONTEXT('2D SPACE',''
  ) );
#3857 = PCURVE('',#3728,#3858);
#3858 = DEFINITIONAL_REPRESENTATION('',(#3859),#3863);
#3859 = LINE('',#3860,#3861);
#3860 = CARTESIAN_POINT('',(0.,-3.375));
#3861 = VECTOR('',#3862,1.);
#3862 = DIRECTION('',(1.,0.));
#3863 = ( GEOMETRIC_REPRESENTATION_CONTEXT(2) 
PARAMETRIC_REPRESENTATION_CONTEXT() REPRESENTATION_CONTEXT('2D SPACE',''
  ) );
#3864 = ADVANCED_FACE('',(#3865),#3728,.T.);
#3865 = FACE_BOUND('',#3866,.T.);
#3866 = EDGE_LOOP('',(#3867,#3868,#3869,#3870));
#3867 = ORIENTED_EDGE('',*,*,#3714,.F.);
#3868 = ORIENTED_EDGE('',*,*,#3794,.T.);
#3869 = ORIENTED_EDGE('',*,*,#3844,.T.);
#3870 = ORIENTED_EDGE('',*,*,#3745,.F.);
#3871 = MANIFOLD_SOLID_BREP('',#3872);
#3872 = CLOSED_SHELL('',(#3873,#3961,#3965));
#3873 = ADVANCED_FACE('',(#3874),#3888,.T.);
#3874 = FACE_BOUND('',#3875,.F.);
#3875 = EDGE_LOOP('',(#3876,#3906,#3933,#3934));
#3876 = ORIENTED_EDGE('',*,*,#3877,.T.);
#3877 = EDGE_CURVE('',#3878,#3880,#3882,.T.);
#3878 = VERTEX_POINT('',#3879);
#3879 = CARTESIAN_POINT('',(30.,0.,185.5));
#3880 = VERTEX_POINT('',#3881);
#3881 = CARTESIAN_POINT('',(30.,0.,188.5));
#3882 = SEAM_CURVE('',#3883,(#3887,#3899),.PCURVE_S1.);
#3883 = LINE('',#3884,#3885);
#3884 = CARTESIAN_POINT('',(30.,0.,185.5));
#3885 = VECTOR('',#3886,1.);
#3886 = DIRECTION('',(0.,0.,1.));
#3887 = PCURVE('',#3888,#3893);
#3888 = CYLINDRICAL_SURFACE('',#3889,30.);
#3889 = AXIS2_PLACEMENT_3D('',#3890,#3891,#3892);
#3890 = CARTESIAN_POINT('',(0.,0.,185.5));
#3891 = DIRECTION('',(-0.,-0.,-1.));
#3892 = DIRECTION('',(1.,0.,0.));
#3893 = DEFINITIONAL_REPRESENTATION('',(#3894),#3898);
#3894 = LINE('',#3895,#3896);
#3895 = CARTESIAN_POINT('',(-0.,0.));
#3896 = VECTOR('',#3897,1.);
#3897 = DIRECTION('',(-0.,-1.));
#3898 = ( GEOMETRIC_REPRESENTATION_CONTEXT(2) 
PARAMETRIC_REPRESENTATION_CONTEXT() REPRESENTATION_CONTEXT('2D SPACE',''
  ) );
#3899 = PCURVE('',#3888,#3900);
#3900 = DEFINITIONAL_REPRESENTATION('',(#3901),#3905);
#3901 = LINE('',#3902,#3903);
#3902 = CARTESIAN_POINT('',(-6.28318530718,0.));
#3903 = VECTOR('',#3904,1.);
#3904 = DIRECTION('',(-0.,-1.));
#3905 = ( GEOMETRIC_REPRESENTATION_CONTEXT(2) 
PARAMETRIC_REPRESENTATION_CONTEXT() REPRESENTATION_CONTEXT('2D SPACE',''
  ) );
#3906 = ORIENTED_EDGE('',*,*,#3907,.T.);
#3907 = EDGE_CURVE('',#3880,#3880,#3908,.T.);
#3908 = SURFACE_CURVE('',#3909,(#3914,#3921),.PCURVE_S1.);
#3909 = CIRCLE('',#3910,30.);
#3910 = AXIS2_PLACEMENT_3D('',#3911,#3912,#3913);
#3911 = CARTESIAN_POINT('',(0.,0.,188.5));
#3912 = DIRECTION('',(0.,0.,1.));
#3913 = DIRECTION('',(1.,0.,0.));
#3914 = PCURVE('',#3888,#3915);
#3915 = DEFINITIONAL_REPRESENTATION('',(#3916),#3920);
#3916 = LINE('',#3917,#3918);
#3917 = CARTESIAN_POINT('',(-0.,-3.));
#3918 = VECTOR('',#3919,1.);
#3919 = DIRECTION('',(-1.,0.));
#3920 = ( GEOMETRIC_REPRESENTATION_CONTEXT(2) 
PARAMETRIC_REPRESENTATION_CONTEXT() REPRESENTATION_CONTEXT('2D SPACE',''
  ) );
#3921 = PCURVE('',#3922,#3927);
#3922 = PLANE('',#3923);
#3923 = AXIS2_PLACEMENT_3D('',#3924,#3925,#3926);
#3924 = CARTESIAN_POINT('',(-1.458602808042E-15,2.339560088947E-16,188.5
    ));
#3925 = DIRECTION('',(0.,0.,1.));
#3926 = DIRECTION('',(1.,0.,-0.));
#3927 = DEFINITIONAL_REPRESENTATION('',(#3928),#3932);
#3928 = CIRCLE('',#3929,30.);
#3929 = AXIS2_PLACEMENT_2D('',#3930,#3931);
#3930 = CARTESIAN_POINT('',(1.458602808042E-15,-2.339560088947E-16));
#3931 = DIRECTION('',(1.,0.));
#3932 = ( GEOMETRIC_REPRESENTATION_CONTEXT(2) 
PARAMETRIC_REPRESENTATION_CONTEXT() REPRESENTATION_CONTEXT('2D SPACE',''
  ) );
#3933 = ORIENTED_EDGE('',*,*,#3877,.F.);
#3934 = ORIENTED_EDGE('',*,*,#3935,.F.);
#3935 = EDGE_CURVE('',#3878,#3878,#3936,.T.);
#3936 = SURFACE_CURVE('',#3937,(#3942,#3949),.PCURVE_S1.);
#3937 = CIRCLE('',#3938,30.);
#3938 = AXIS2_PLACEMENT_3D('',#3939,#3940,#3941);
#3939 = CARTESIAN_POINT('',(0.,0.,185.5));
#3940 = DIRECTION('',(0.,0.,1.));
#3941 = DIRECTION('',(1.,0.,0.));
#3942 = PCURVE('',#3888,#3943);
#3943 = DEFINITIONAL_REPRESENTATION('',(#3944),#3948);
#3944 = LINE('',#3945,#3946);
#3945 = CARTESIAN_POINT('',(-0.,0.));
#3946 = VECTOR('',#3947,1.);
#3947 = DIRECTION('',(-1.,0.));
#3948 = ( GEOMETRIC_REPRESENTATION_CONTEXT(2) 
PARAMETRIC_REPRESENTATION_CONTEXT() REPRESENTATION_CONTEXT('2D SPACE',''
  ) );
#3949 = PCURVE('',#3950,#3955);
#3950 = PLANE('',#3951);
#3951 = AXIS2_PLACEMENT_3D('',#3952,#3953,#3954);
#3952 = CARTESIAN_POINT('',(-1.458602808042E-15,2.339560088947E-16,185.5
    ));
#3953 = DIRECTION('',(0.,0.,1.));
#3954 = DIRECTION('',(1.,0.,-0.));
#3955 = DEFINITIONAL_REPRESENTATION('',(#3956),#3960);
#3956 = CIRCLE('',#3957,30.);
#3957 = AXIS2_PLACEMENT_2D('',#3958,#3959);
#3958 = CARTESIAN_POINT('',(1.458602808042E-15,-2.339560088947E-16));
#3959 = DIRECTION('',(1.,0.));
#3960 = ( GEOMETRIC_REPRESENTATION_CONTEXT(2) 
PARAMETRIC_REPRESENTATION_CONTEXT() REPRESENTATION_CONTEXT('2D SPACE',''
  ) );
#3961 = ADVANCED_FACE('',(#3962),#3950,.F.);
#3962 = FACE_BOUND('',#3963,.F.);
#3963 = EDGE_LOOP('',(#3964));
#3964 = ORIENTED_EDGE('',*,*,#3935,.T.);
#3965 = ADVANCED_FACE('',(#3966),#3922,.T.);
#3966 = FACE_BOUND('',#3967,.T.);
#3967 = EDGE_LOOP('',(#3968));
#3968 = ORIENTED_EDGE('',*,*,#3907,.T.);
#3969 = MANIFOLD_SOLID_BREP('',#3970);
#3970 = CLOSED_SHELL('',(#3971,#4091,#4191,#4238,#4285,#4292));
#3971 = ADVANCED_FACE('',(#3972),#3986,.F.);
#3972 = FACE_BOUND('',#3973,.F.);
#3973 = EDGE_LOOP('',(#3974,#4009,#4037,#4065));
#3974 = ORIENTED_EDGE('',*,*,#3975,.F.);
#3975 = EDGE_CURVE('',#3976,#3978,#3980,.T.);
#3976 = VERTEX_POINT('',#3977);
#3977 = CARTESIAN_POINT('',(16.461417868886,25.137012113533,174.25));
#3978 = VERTEX_POINT('',#3979);
#3979 = CARTESIAN_POINT('',(16.461417868886,25.137012113533,199.75));
#3980 = SURFACE_CURVE('',#3981,(#3985,#3997),.PCURVE_S1.);
#3981 = LINE('',#3982,#3983);
#3982 = CARTESIAN_POINT('',(16.461417868886,25.137012113533,174.25));
#3983 = VECTOR('',#3984,1.);
#3984 = DIRECTION('',(0.,0.,1.));
#3985 = PCURVE('',#3986,#3991);
#3986 = PLANE('',#3987);
#3987 = AXIS2_PLACEMENT_3D('',#3988,#3989,#3990);
#3988 = CARTESIAN_POINT('',(16.461417868886,25.137012113533,174.25));
#3989 = DIRECTION('',(0.5,0.866025403784,0.));
#3990 = DIRECTION('',(0.,0.,1.));
#3991 = DEFINITIONAL_REPRESENTATION('',(#3992),#3996);
#3992 = LINE('',#3993,#3994);
#3993 = CARTESIAN_POINT('',(0.,0.));
#3994 = VECTOR('',#3995,1.);
#3995 = DIRECTION('',(1.,0.));
#3996 = ( GEOMETRIC_REPRESENTATION_CONTEXT(2) 
PARAMETRIC_REPRESENTATION_CONTEXT() REPRESENTATION_CONTEXT('2D SPACE',''
  ) );
#3997 = PCURVE('',#3998,#4003);
#3998 = PLANE('',#3999);
#3999 = AXIS2_PLACEMENT_3D('',#4000,#4001,#4002);
#4000 = CARTESIAN_POINT('',(16.461417868886,25.137012113533,174.25));
#4001 = DIRECTION('',(-0.866025403784,0.5,0.));
#4002 = DIRECTION('',(0.,0.,1.));
#4003 = DEFINITIONAL_REPRESENTATION('',(#4004),#4008);
#4004 = LINE('',#4005,#4006);
#4005 = CARTESIAN_POINT('',(0.,0.));
#4006 = VECTOR('',#4007,1.);
#4007 = DIRECTION('',(1.,0.));
#4008 = ( GEOMETRIC_REPRESENTATION_CONTEXT(2) 
PARAMETRIC_REPRESENTATION_CONTEXT() REPRESENTATION_CONTEXT('2D SPACE',''
  ) );
#4009 = ORIENTED_EDGE('',*,*,#4010,.T.);
#4010 = EDGE_CURVE('',#3976,#4011,#4013,.T.);
#4011 = VERTEX_POINT('',#4012);
#4012 = CARTESIAN_POINT('',(13.538582131114,26.824512113533,174.25));
#4013 = SURFACE_CURVE('',#4014,(#4018,#4025),.PCURVE_S1.);
#4014 = LINE('',#4015,#4016);
#4015 = CARTESIAN_POINT('',(16.461417868886,25.137012113533,174.25));
#4016 = VECTOR('',#4017,1.);
#4017 = DIRECTION('',(-0.866025403784,0.5,0.));
#4018 = PCURVE('',#3986,#4019);
#4019 = DEFINITIONAL_REPRESENTATION('',(#4020),#4024);
#4020 = LINE('',#4021,#4022);
#4021 = CARTESIAN_POINT('',(0.,0.));
#4022 = VECTOR('',#4023,1.);
#4023 = DIRECTION('',(0.,-1.));
#4024 = ( GEOMETRIC_REPRESENTATION_CONTEXT(2) 
PARAMETRIC_REPRESENTATION_CONTEXT() REPRESENTATION_CONTEXT('2D SPACE',''
  ) );
#4025 = PCURVE('',#4026,#4031);
#4026 = PLANE('',#4027);
#4027 = AXIS2_PLACEMENT_3D('',#4028,#4029,#4030);
#4028 = CARTESIAN_POINT('',(16.461417868886,25.137012113533,174.25));
#4029 = DIRECTION('',(0.,0.,1.));
#4030 = DIRECTION('',(0.5,0.866025403784,0.));
#4031 = DEFINITIONAL_REPRESENTATION('',(#4032),#4036);
#4032 = LINE('',#4033,#4034);
#4033 = CARTESIAN_POINT('',(0.,0.));
#4034 = VECTOR('',#4035,1.);
#4035 = DIRECTION('',(0.,1.));
#4036 = ( GEOMETRIC_REPRESENTATION_CONTEXT(2) 
PARAMETRIC_REPRESENTATION_CONTEXT() REPRESENTATION_CONTEXT('2D SPACE',''
  ) );
#4037 = ORIENTED_EDGE('',*,*,#4038,.T.);
#4038 = EDGE_CURVE('',#4011,#4039,#4041,.T.);
#4039 = VERTEX_POINT('',#4040);
#4040 = CARTESIAN_POINT('',(13.538582131114,26.824512113533,199.75));
#4041 = SURFACE_CURVE('',#4042,(#4046,#4053),.PCURVE_S1.);
#4042 = LINE('',#4043,#4044);
#4043 = CARTESIAN_POINT('',(13.538582131114,26.824512113533,174.25));
#4044 = VECTOR('',#4045,1.);
#4045 = DIRECTION('',(0.,0.,1.));
#4046 = PCURVE('',#3986,#4047);
#4047 = DEFINITIONAL_REPRESENTATION('',(#4048),#4052);
#4048 = LINE('',#4049,#4050);
#4049 = CARTESIAN_POINT('',(0.,-3.375));
#4050 = VECTOR('',#4051,1.);
#4051 = DIRECTION('',(1.,0.));
#4052 = ( GEOMETRIC_REPRESENTATION_CONTEXT(2) 
PARAMETRIC_REPRESENTATION_CONTEXT() REPRESENTATION_CONTEXT('2D SPACE',''
  ) );
#4053 = PCURVE('',#4054,#4059);
#4054 = PLANE('',#4055);
#4055 = AXIS2_PLACEMENT_3D('',#4056,#4057,#4058);
#4056 = CARTESIAN_POINT('',(13.538582131114,26.824512113533,174.25));
#4057 = DIRECTION('',(-0.866025403784,0.5,0.));
#4058 = DIRECTION('',(0.,0.,1.));
#4059 = DEFINITIONAL_REPRESENTATION('',(#4060),#4064);
#4060 = LINE('',#4061,#4062);
#4061 = CARTESIAN_POINT('',(0.,0.));
#4062 = VECTOR('',#4063,1.);
#4063 = DIRECTION('',(1.,0.));
#4064 = ( GEOMETRIC_REPRESENTATION_CONTEXT(2) 
PARAMETRIC_REPRESENTATION_CONTEXT() REPRESENTATION_CONTEXT('2D SPACE',''
  ) );
#4065 = ORIENTED_EDGE('',*,*,#4066,.F.);
#4066 = EDGE_CURVE('',#3978,#4039,#4067,.T.);
#4067 = SURFACE_CURVE('',#4068,(#4072,#4079),.PCURVE_S1.);
#4068 = LINE('',#4069,#4070);
#4069 = CARTESIAN_POINT('',(16.461417868886,25.137012113533,199.75));
#4070 = VECTOR('',#4071,1.);
#4071 = DIRECTION('',(-0.866025403784,0.5,0.));
#4072 = PCURVE('',#3986,#4073);
#4073 = DEFINITIONAL_REPRESENTATION('',(#4074),#4078);
#4074 = LINE('',#4075,#4076);
#4075 = CARTESIAN_POINT('',(25.5,0.));
#4076 = VECTOR('',#4077,1.);
#4077 = DIRECTION('',(0.,-1.));
#4078 = ( GEOMETRIC_REPRESENTATION_CONTEXT(2) 
PARAMETRIC_REPRESENTATION_CONTEXT() REPRESENTATION_CONTEXT('2D SPACE',''
  ) );
#4079 = PCURVE('',#4080,#4085);
#4080 = PLANE('',#4081);
#4081 = AXIS2_PLACEMENT_3D('',#4082,#4083,#4084);
#4082 = CARTESIAN_POINT('',(16.461417868886,25.137012113533,199.75));
#4083 = DIRECTION('',(0.,0.,1.));
#4084 = DIRECTION('',(0.5,0.866025403784,0.));
#4085 = DEFINITIONAL_REPRESENTATION('',(#4086),#4090);
#4086 = LINE('',#4087,#4088);
#4087 = CARTESIAN_POINT('',(0.,0.));
#4088 = VECTOR('',#4089,1.);
#4089 = DIRECTION('',(0.,1.));
#4090 = ( GEOMETRIC_REPRESENTATION_CONTEXT(2) 
PARAMETRIC_REPRESENTATION_CONTEXT() REPRESENTATION_CONTEXT('2D SPACE',''
  ) );
#4091 = ADVANCED_FACE('',(#4092),#4106,.T.);
#4092 = FACE_BOUND('',#4093,.T.);
#4093 = EDGE_LOOP('',(#4094,#4124,#4147,#4170));
#4094 = ORIENTED_EDGE('',*,*,#4095,.F.);
#4095 = EDGE_CURVE('',#4096,#4098,#4100,.T.);
#4096 = VERTEX_POINT('',#4097);
#4097 = CARTESIAN_POINT('',(28.461417868886,45.92162180436,174.25));
#4098 = VERTEX_POINT('',#4099);
#4099 = CARTESIAN_POINT('',(28.461417868886,45.92162180436,199.75));
#4100 = SURFACE_CURVE('',#4101,(#4105,#4117),.PCURVE_S1.);
#4101 = LINE('',#4102,#4103);
#4102 = CARTESIAN_POINT('',(28.461417868886,45.92162180436,174.25));
#4103 = VECTOR('',#4104,1.);
#4104 = DIRECTION('',(0.,0.,1.));
#4105 = PCURVE('',#4106,#4111);
#4106 = PLANE('',#4107);
#4107 = AXIS2_PLACEMENT_3D('',#4108,#4109,#4110);
#4108 = CARTESIAN_POINT('',(28.461417868886,45.92162180436,174.25));
#4109 = DIRECTION('',(0.5,0.866025403784,0.));
#4110 = DIRECTION('',(0.,0.,1.));
#4111 = DEFINITIONAL_REPRESENTATION('',(#4112),#4116);
#4112 = LINE('',#4113,#4114);
#4113 = CARTESIAN_POINT('',(0.,0.));
#4114 = VECTOR('',#4115,1.);
#4115 = DIRECTION('',(1.,0.));
#4116 = ( GEOMETRIC_REPRESENTATION_CONTEXT(2) 
PARAMETRIC_REPRESENTATION_CONTEXT() REPRESENTATION_CONTEXT('2D SPACE',''
  ) );
#4117 = PCURVE('',#3998,#4118);
#4118 = DEFINITIONAL_REPRESENTATION('',(#4119),#4123);
#4119 = LINE('',#4120,#4121);
#4120 = CARTESIAN_POINT('',(0.,24.));
#4121 = VECTOR('',#4122,1.);
#4122 = DIRECTION('',(1.,0.));
#4123 = ( GEOMETRIC_REPRESENTATION_CONTEXT(2) 
PARAMETRIC_REPRESENTATION_CONTEXT() REPRESENTATION_CONTEXT('2D SPACE',''
  ) );
#4124 = ORIENTED_EDGE('',*,*,#4125,.T.);
#4125 = EDGE_CURVE('',#4096,#4126,#4128,.T.);
#4126 = VERTEX_POINT('',#4127);
#4127 = CARTESIAN_POINT('',(25.538582131114,47.60912180436,174.25));
#4128 = SURFACE_CURVE('',#4129,(#4133,#4140),.PCURVE_S1.);
#4129 = LINE('',#4130,#4131);
#4130 = CARTESIAN_POINT('',(28.461417868886,45.92162180436,174.25));
#4131 = VECTOR('',#4132,1.);
#4132 = DIRECTION('',(-0.866025403784,0.5,0.));
#4133 = PCURVE('',#4106,#4134);
#4134 = DEFINITIONAL_REPRESENTATION('',(#4135),#4139);
#4135 = LINE('',#4136,#4137);
#4136 = CARTESIAN_POINT('',(0.,0.));
#4137 = VECTOR('',#4138,1.);
#4138 = DIRECTION('',(0.,-1.));
#4139 = ( GEOMETRIC_REPRESENTATION_CONTEXT(2) 
PARAMETRIC_REPRESENTATION_CONTEXT() REPRESENTATION_CONTEXT('2D SPACE',''
  ) );
#4140 = PCURVE('',#4026,#4141);
#4141 = DEFINITIONAL_REPRESENTATION('',(#4142),#4146);
#4142 = LINE('',#4143,#4144);
#4143 = CARTESIAN_POINT('',(24.,-1.7763568394E-15));
#4144 = VECTOR('',#4145,1.);
#4145 = DIRECTION('',(0.,1.));
#4146 = ( GEOMETRIC_REPRESENTATION_CONTEXT(2) 
PARAMETRIC_REPRESENTATION_CONTEXT() REPRESENTATION_CONTEXT('2D SPACE',''
  ) );
#4147 = ORIENTED_EDGE('',*,*,#4148,.T.);
#4148 = EDGE_CURVE('',#4126,#4149,#4151,.T.);
#4149 = VERTEX_POINT('',#4150);
#4150 = CARTESIAN_POINT('',(25.538582131114,47.60912180436,199.75));
#4151 = SURFACE_CURVE('',#4152,(#4156,#4163),.PCURVE_S1.);
#4152 = LINE('',#4153,#4154);
#4153 = CARTESIAN_POINT('',(25.538582131114,47.60912180436,174.25));
#4154 = VECTOR('',#4155,1.);
#4155 = DIRECTION('',(0.,0.,1.));
#4156 = PCURVE('',#4106,#4157);
#4157 = DEFINITIONAL_REPRESENTATION('',(#4158),#4162);
#4158 = LINE('',#4159,#4160);
#4159 = CARTESIAN_POINT('',(0.,-3.375));
#4160 = VECTOR('',#4161,1.);
#4161 = DIRECTION('',(1.,0.));
#4162 = ( GEOMETRIC_REPRESENTATION_CONTEXT(2) 
PARAMETRIC_REPRESENTATION_CONTEXT() REPRESENTATION_CONTEXT('2D SPACE',''
  ) );
#4163 = PCURVE('',#4054,#4164);
#4164 = DEFINITIONAL_REPRESENTATION('',(#4165),#4169);
#4165 = LINE('',#4166,#4167);
#4166 = CARTESIAN_POINT('',(0.,24.));
#4167 = VECTOR('',#4168,1.);
#4168 = DIRECTION('',(1.,0.));
#4169 = ( GEOMETRIC_REPRESENTATION_CONTEXT(2) 
PARAMETRIC_REPRESENTATION_CONTEXT() REPRESENTATION_CONTEXT('2D SPACE',''
  ) );
#4170 = ORIENTED_EDGE('',*,*,#4171,.F.);
#4171 = EDGE_CURVE('',#4098,#4149,#4172,.T.);
#4172 = SURFACE_CURVE('',#4173,(#4177,#4184),.PCURVE_S1.);
#4173 = LINE('',#4174,#4175);
#4174 = CARTESIAN_POINT('',(28.461417868886,45.92162180436,199.75));
#4175 = VECTOR('',#4176,1.);
#4176 = DIRECTION('',(-0.866025403784,0.5,0.));
#4177 = PCURVE('',#4106,#4178);
#4178 = DEFINITIONAL_REPRESENTATION('',(#4179),#4183);
#4179 = LINE('',#4180,#4181);
#4180 = CARTESIAN_POINT('',(25.5,0.));
#4181 = VECTOR('',#4182,1.);
#4182 = DIRECTION('',(0.,-1.));
#4183 = ( GEOMETRIC_REPRESENTATION_CONTEXT(2) 
PARAMETRIC_REPRESENTATION_CONTEXT() REPRESENTATION_CONTEXT('2D SPACE',''
  ) );
#4184 = PCURVE('',#4080,#4185);
#4185 = DEFINITIONAL_REPRESENTATION('',(#4186),#4190);
#4186 = LINE('',#4187,#4188);
#4187 = CARTESIAN_POINT('',(24.,-1.7763568394E-15));
#4188 = VECTOR('',#4189,1.);
#4189 = DIRECTION('',(0.,1.));
#4190 = ( GEOMETRIC_REPRESENTATION_CONTEXT(2) 
PARAMETRIC_REPRESENTATION_CONTEXT() REPRESENTATION_CONTEXT('2D SPACE',''
  ) );
#4191 = ADVANCED_FACE('',(#4192),#3998,.F.);
#4192 = FACE_BOUND('',#4193,.F.);
#4193 = EDGE_LOOP('',(#4194,#4215,#4216,#4237));
#4194 = ORIENTED_EDGE('',*,*,#4195,.F.);
#4195 = EDGE_CURVE('',#3976,#4096,#4196,.T.);
#4196 = SURFACE_CURVE('',#4197,(#4201,#4208),.PCURVE_S1.);
#4197 = LINE('',#4198,#4199);
#4198 = CARTESIAN_POINT('',(16.461417868886,25.137012113533,174.25));
#4199 = VECTOR('',#4200,1.);
#4200 = DIRECTION('',(0.5,0.866025403784,0.));
#4201 = PCURVE('',#3998,#4202);
#4202 = DEFINITIONAL_REPRESENTATION('',(#4203),#4207);
#4203 = LINE('',#4204,#4205);
#4204 = CARTESIAN_POINT('',(0.,0.));
#4205 = VECTOR('',#4206,1.);
#4206 = DIRECTION('',(0.,1.));
#4207 = ( GEOMETRIC_REPRESENTATION_CONTEXT(2) 
PARAMETRIC_REPRESENTATION_CONTEXT() REPRESENTATION_CONTEXT('2D SPACE',''
  ) );
#4208 = PCURVE('',#4026,#4209);
#4209 = DEFINITIONAL_REPRESENTATION('',(#4210),#4214);
#4210 = LINE('',#4211,#4212);
#4211 = CARTESIAN_POINT('',(0.,0.));
#4212 = VECTOR('',#4213,1.);
#4213 = DIRECTION('',(1.,0.));
#4214 = ( GEOMETRIC_REPRESENTATION_CONTEXT(2) 
PARAMETRIC_REPRESENTATION_CONTEXT() REPRESENTATION_CONTEXT('2D SPACE',''
  ) );
#4215 = ORIENTED_EDGE('',*,*,#3975,.T.);
#4216 = ORIENTED_EDGE('',*,*,#4217,.T.);
#4217 = EDGE_CURVE('',#3978,#4098,#4218,.T.);
#4218 = SURFACE_CURVE('',#4219,(#4223,#4230),.PCURVE_S1.);
#4219 = LINE('',#4220,#4221);
#4220 = CARTESIAN_POINT('',(16.461417868886,25.137012113533,199.75));
#4221 = VECTOR('',#4222,1.);
#4222 = DIRECTION('',(0.5,0.866025403784,0.));
#4223 = PCURVE('',#3998,#4224);
#4224 = DEFINITIONAL_REPRESENTATION('',(#4225),#4229);
#4225 = LINE('',#4226,#4227);
#4226 = CARTESIAN_POINT('',(25.5,0.));
#4227 = VECTOR('',#4228,1.);
#4228 = DIRECTION('',(0.,1.));
#4229 = ( GEOMETRIC_REPRESENTATION_CONTEXT(2) 
PARAMETRIC_REPRESENTATION_CONTEXT() REPRESENTATION_CONTEXT('2D SPACE',''
  ) );
#4230 = PCURVE('',#4080,#4231);
#4231 = DEFINITIONAL_REPRESENTATION('',(#4232),#4236);
#4232 = LINE('',#4233,#4234);
#4233 = CARTESIAN_POINT('',(0.,0.));
#4234 = VECTOR('',#4235,1.);
#4235 = DIRECTION('',(1.,0.));
#4236 = ( GEOMETRIC_REPRESENTATION_CONTEXT(2) 
PARAMETRIC_REPRESENTATION_CONTEXT() REPRESENTATION_CONTEXT('2D SPACE',''
  ) );
#4237 = ORIENTED_EDGE('',*,*,#4095,.F.);
#4238 = ADVANCED_FACE('',(#4239),#4054,.T.);
#4239 = FACE_BOUND('',#4240,.T.);
#4240 = EDGE_LOOP('',(#4241,#4262,#4263,#4284));
#4241 = ORIENTED_EDGE('',*,*,#4242,.F.);
#4242 = EDGE_CURVE('',#4011,#4126,#4243,.T.);
#4243 = SURFACE_CURVE('',#4244,(#4248,#4255),.PCURVE_S1.);
#4244 = LINE('',#4245,#4246);
#4245 = CARTESIAN_POINT('',(13.538582131114,26.824512113533,174.25));
#4246 = VECTOR('',#4247,1.);
#4247 = DIRECTION('',(0.5,0.866025403784,0.));
#4248 = PCURVE('',#4054,#4249);
#4249 = DEFINITIONAL_REPRESENTATION('',(#4250),#4254);
#4250 = LINE('',#4251,#4252);
#4251 = CARTESIAN_POINT('',(0.,0.));
#4252 = VECTOR('',#4253,1.);
#4253 = DIRECTION('',(0.,1.));
#4254 = ( GEOMETRIC_REPRESENTATION_CONTEXT(2) 
PARAMETRIC_REPRESENTATION_CONTEXT() REPRESENTATION_CONTEXT('2D SPACE',''
  ) );
#4255 = PCURVE('',#4026,#4256);
#4256 = DEFINITIONAL_REPRESENTATION('',(#4257),#4261);
#4257 = LINE('',#4258,#4259);
#4258 = CARTESIAN_POINT('',(-4.440892098501E-16,3.375));
#4259 = VECTOR('',#4260,1.);
#4260 = DIRECTION('',(1.,0.));
#4261 = ( GEOMETRIC_REPRESENTATION_CONTEXT(2) 
PARAMETRIC_REPRESENTATION_CONTEXT() REPRESENTATION_CONTEXT('2D SPACE',''
  ) );
#4262 = ORIENTED_EDGE('',*,*,#4038,.T.);
#4263 = ORIENTED_EDGE('',*,*,#4264,.T.);
#4264 = EDGE_CURVE('',#4039,#4149,#4265,.T.);
#4265 = SURFACE_CURVE('',#4266,(#4270,#4277),.PCURVE_S1.);
#4266 = LINE('',#4267,#4268);
#4267 = CARTESIAN_POINT('',(13.538582131114,26.824512113533,199.75));
#4268 = VECTOR('',#4269,1.);
#4269 = DIRECTION('',(0.5,0.866025403784,0.));
#4270 = PCURVE('',#4054,#4271);
#4271 = DEFINITIONAL_REPRESENTATION('',(#4272),#4276);
#4272 = LINE('',#4273,#4274);
#4273 = CARTESIAN_POINT('',(25.5,0.));
#4274 = VECTOR('',#4275,1.);
#4275 = DIRECTION('',(0.,1.));
#4276 = ( GEOMETRIC_REPRESENTATION_CONTEXT(2) 
PARAMETRIC_REPRESENTATION_CONTEXT() REPRESENTATION_CONTEXT('2D SPACE',''
  ) );
#4277 = PCURVE('',#4080,#4278);
#4278 = DEFINITIONAL_REPRESENTATION('',(#4279),#4283);
#4279 = LINE('',#4280,#4281);
#4280 = CARTESIAN_POINT('',(-4.440892098501E-16,3.375));
#4281 = VECTOR('',#4282,1.);
#4282 = DIRECTION('',(1.,0.));
#4283 = ( GEOMETRIC_REPRESENTATION_CONTEXT(2) 
PARAMETRIC_REPRESENTATION_CONTEXT() REPRESENTATION_CONTEXT('2D SPACE',''
  ) );
#4284 = ORIENTED_EDGE('',*,*,#4148,.F.);
#4285 = ADVANCED_FACE('',(#4286),#4026,.F.);
#4286 = FACE_BOUND('',#4287,.F.);
#4287 = EDGE_LOOP('',(#4288,#4289,#4290,#4291));
#4288 = ORIENTED_EDGE('',*,*,#4010,.F.);
#4289 = ORIENTED_EDGE('',*,*,#4195,.T.);
#4290 = ORIENTED_EDGE('',*,*,#4125,.T.);
#4291 = ORIENTED_EDGE('',*,*,#4242,.F.);
#4292 = ADVANCED_FACE('',(#4293),#4080,.T.);
#4293 = FACE_BOUND('',#4294,.T.);
#4294 = EDGE_LOOP('',(#4295,#4296,#4297,#4298));
#4295 = ORIENTED_EDGE('',*,*,#4066,.F.);
#4296 = ORIENTED_EDGE('',*,*,#4217,.T.);
#4297 = ORIENTED_EDGE('',*,*,#4171,.T.);
#4298 = ORIENTED_EDGE('',*,*,#4264,.F.);
#4299 = MANIFOLD_SOLID_BREP('',#4300);
#4300 = CLOSED_SHELL('',(#4301,#4421,#4521,#4568,#4615,#4622));
#4301 = ADVANCED_FACE('',(#4302),#4316,.F.);
#4302 = FACE_BOUND('',#4303,.F.);
#4303 = EDGE_LOOP('',(#4304,#4339,#4367,#4395));
#4304 = ORIENTED_EDGE('',*,*,#4305,.F.);
#4305 = EDGE_CURVE('',#4306,#4308,#4310,.T.);
#4306 = VERTEX_POINT('',#4307);
#4307 = CARTESIAN_POINT('',(-13.53858213111,26.824512113533,174.25));
#4308 = VERTEX_POINT('',#4309);
#4309 = CARTESIAN_POINT('',(-13.53858213111,26.824512113533,199.75));
#4310 = SURFACE_CURVE('',#4311,(#4315,#4327),.PCURVE_S1.);
#4311 = LINE('',#4312,#4313);
#4312 = CARTESIAN_POINT('',(-13.53858213111,26.824512113533,174.25));
#4313 = VECTOR('',#4314,1.);
#4314 = DIRECTION('',(0.,0.,1.));
#4315 = PCURVE('',#4316,#4321);
#4316 = PLANE('',#4317);
#4317 = AXIS2_PLACEMENT_3D('',#4318,#4319,#4320);
#4318 = CARTESIAN_POINT('',(-13.53858213111,26.824512113533,174.25));
#4319 = DIRECTION('',(-0.5,0.866025403784,0.));
#4320 = DIRECTION('',(0.,0.,1.));
#4321 = DEFINITIONAL_REPRESENTATION('',(#4322),#4326);
#4322 = LINE('',#4323,#4324);
#4323 = CARTESIAN_POINT('',(0.,0.));
#4324 = VECTOR('',#4325,1.);
#4325 = DIRECTION('',(1.,0.));
#4326 = ( GEOMETRIC_REPRESENTATION_CONTEXT(2) 
PARAMETRIC_REPRESENTATION_CONTEXT() REPRESENTATION_CONTEXT('2D SPACE',''
  ) );
#4327 = PCURVE('',#4328,#4333);
#4328 = PLANE('',#4329);
#4329 = AXIS2_PLACEMENT_3D('',#4330,#4331,#4332);
#4330 = CARTESIAN_POINT('',(-13.53858213111,26.824512113533,174.25));
#4331 = DIRECTION('',(-0.866025403784,-0.5,0.));
#4332 = DIRECTION('',(0.,0.,1.));
#4333 = DEFINITIONAL_REPRESENTATION('',(#4334),#4338);
#4334 = LINE('',#4335,#4336);
#4335 = CARTESIAN_POINT('',(0.,0.));
#4336 = VECTOR('',#4337,1.);
#4337 = DIRECTION('',(1.,0.));
#4338 = ( GEOMETRIC_REPRESENTATION_CONTEXT(2) 
PARAMETRIC_REPRESENTATION_CONTEXT() REPRESENTATION_CONTEXT('2D SPACE',''
  ) );
#4339 = ORIENTED_EDGE('',*,*,#4340,.T.);
#4340 = EDGE_CURVE('',#4306,#4341,#4343,.T.);
#4341 = VERTEX_POINT('',#4342);
#4342 = CARTESIAN_POINT('',(-16.46141786888,25.137012113533,174.25));
#4343 = SURFACE_CURVE('',#4344,(#4348,#4355),.PCURVE_S1.);
#4344 = LINE('',#4345,#4346);
#4345 = CARTESIAN_POINT('',(-13.53858213111,26.824512113533,174.25));
#4346 = VECTOR('',#4347,1.);
#4347 = DIRECTION('',(-0.866025403784,-0.5,0.));
#4348 = PCURVE('',#4316,#4349);
#4349 = DEFINITIONAL_REPRESENTATION('',(#4350),#4354);
#4350 = LINE('',#4351,#4352);
#4351 = CARTESIAN_POINT('',(0.,0.));
#4352 = VECTOR('',#4353,1.);
#4353 = DIRECTION('',(0.,-1.));
#4354 = ( GEOMETRIC_REPRESENTATION_CONTEXT(2) 
PARAMETRIC_REPRESENTATION_CONTEXT() REPRESENTATION_CONTEXT('2D SPACE',''
  ) );
#4355 = PCURVE('',#4356,#4361);
#4356 = PLANE('',#4357);
#4357 = AXIS2_PLACEMENT_3D('',#4358,#4359,#4360);
#4358 = CARTESIAN_POINT('',(-13.53858213111,26.824512113533,174.25));
#4359 = DIRECTION('',(0.,0.,1.));
#4360 = DIRECTION('',(-0.5,0.866025403784,0.));
#4361 = DEFINITIONAL_REPRESENTATION('',(#4362),#4366);
#4362 = LINE('',#4363,#4364);
#4363 = CARTESIAN_POINT('',(0.,0.));
#4364 = VECTOR('',#4365,1.);
#4365 = DIRECTION('',(0.,1.));
#4366 = ( GEOMETRIC_REPRESENTATION_CONTEXT(2) 
PARAMETRIC_REPRESENTATION_CONTEXT() REPRESENTATION_CONTEXT('2D SPACE',''
  ) );
#4367 = ORIENTED_EDGE('',*,*,#4368,.T.);
#4368 = EDGE_CURVE('',#4341,#4369,#4371,.T.);
#4369 = VERTEX_POINT('',#4370);
#4370 = CARTESIAN_POINT('',(-16.46141786888,25.137012113533,199.75));
#4371 = SURFACE_CURVE('',#4372,(#4376,#4383),.PCURVE_S1.);
#4372 = LINE('',#4373,#4374);
#4373 = CARTESIAN_POINT('',(-16.46141786888,25.137012113533,174.25));
#4374 = VECTOR('',#4375,1.);
#4375 = DIRECTION('',(0.,0.,1.));
#4376 = PCURVE('',#4316,#4377);
#4377 = DEFINITIONAL_REPRESENTATION('',(#4378),#4382);
#4378 = LINE('',#4379,#4380);
#4379 = CARTESIAN_POINT('',(0.,-3.375));
#4380 = VECTOR('',#4381,1.);
#4381 = DIRECTION('',(1.,0.));
#4382 = ( GEOMETRIC_REPRESENTATION_CONTEXT(2) 
PARAMETRIC_REPRESENTATION_CONTEXT() REPRESENTATION_CONTEXT('2D SPACE',''
  ) );
#4383 = PCURVE('',#4384,#4389);
#4384 = PLANE('',#4385);
#4385 = AXIS2_PLACEMENT_3D('',#4386,#4387,#4388);
#4386 = CARTESIAN_POINT('',(-16.46141786888,25.137012113533,174.25));
#4387 = DIRECTION('',(-0.866025403784,-0.5,0.));
#4388 = DIRECTION('',(0.,0.,1.));
#4389 = DEFINITIONAL_REPRESENTATION('',(#4390),#4394);
#4390 = LINE('',#4391,#4392);
#4391 = CARTESIAN_POINT('',(0.,0.));
#4392 = VECTOR('',#4393,1.);
#4393 = DIRECTION('',(1.,0.));
#4394 = ( GEOMETRIC_REPRESENTATION_CONTEXT(2) 
PARAMETRIC_REPRESENTATION_CONTEXT() REPRESENTATION_CONTEXT('2D SPACE',''
  ) );
#4395 = ORIENTED_EDGE('',*,*,#4396,.F.);
#4396 = EDGE_CURVE('',#4308,#4369,#4397,.T.);
#4397 = SURFACE_CURVE('',#4398,(#4402,#4409),.PCURVE_S1.);
#4398 = LINE('',#4399,#4400);
#4399 = CARTESIAN_POINT('',(-13.53858213111,26.824512113533,199.75));
#4400 = VECTOR('',#4401,1.);
#4401 = DIRECTION('',(-0.866025403784,-0.5,0.));
#4402 = PCURVE('',#4316,#4403);
#4403 = DEFINITIONAL_REPRESENTATION('',(#4404),#4408);
#4404 = LINE('',#4405,#4406);
#4405 = CARTESIAN_POINT('',(25.5,0.));
#4406 = VECTOR('',#4407,1.);
#4407 = DIRECTION('',(0.,-1.));
#4408 = ( GEOMETRIC_REPRESENTATION_CONTEXT(2) 
PARAMETRIC_REPRESENTATION_CONTEXT() REPRESENTATION_CONTEXT('2D SPACE',''
  ) );
#4409 = PCURVE('',#4410,#4415);
#4410 = PLANE('',#4411);
#4411 = AXIS2_PLACEMENT_3D('',#4412,#4413,#4414);
#4412 = CARTESIAN_POINT('',(-13.53858213111,26.824512113533,199.75));
#4413 = DIRECTION('',(0.,0.,1.));
#4414 = DIRECTION('',(-0.5,0.866025403784,0.));
#4415 = DEFINITIONAL_REPRESENTATION('',(#4416),#4420);
#4416 = LINE('',#4417,#4418);
#4417 = CARTESIAN_POINT('',(0.,0.));
#4418 = VECTOR('',#4419,1.);
#4419 = DIRECTION('',(0.,1.));
#4420 = ( GEOMETRIC_REPRESENTATION_CONTEXT(2) 
PARAMETRIC_REPRESENTATION_CONTEXT() REPRESENTATION_CONTEXT('2D SPACE',''
  ) );
#4421 = ADVANCED_FACE('',(#4422),#4436,.T.);
#4422 = FACE_BOUND('',#4423,.T.);
#4423 = EDGE_LOOP('',(#4424,#4454,#4477,#4500));
#4424 = ORIENTED_EDGE('',*,*,#4425,.F.);
#4425 = EDGE_CURVE('',#4426,#4428,#4430,.T.);
#4426 = VERTEX_POINT('',#4427);
#4427 = CARTESIAN_POINT('',(-25.53858213111,47.60912180436,174.25));
#4428 = VERTEX_POINT('',#4429);
#4429 = CARTESIAN_POINT('',(-25.53858213111,47.60912180436,199.75));
#4430 = SURFACE_CURVE('',#4431,(#4435,#4447),.PCURVE_S1.);
#4431 = LINE('',#4432,#4433);
#4432 = CARTESIAN_POINT('',(-25.53858213111,47.60912180436,174.25));
#4433 = VECTOR('',#4434,1.);
#4434 = DIRECTION('',(0.,0.,1.));
#4435 = PCURVE('',#4436,#4441);
#4436 = PLANE('',#4437);
#4437 = AXIS2_PLACEMENT_3D('',#4438,#4439,#4440);
#4438 = CARTESIAN_POINT('',(-25.53858213111,47.60912180436,174.25));
#4439 = DIRECTION('',(-0.5,0.866025403784,0.));
#4440 = DIRECTION('',(0.,0.,1.));
#4441 = DEFINITIONAL_REPRESENTATION('',(#4442),#4446);
#4442 = LINE('',#4443,#4444);
#4443 = CARTESIAN_POINT('',(0.,0.));
#4444 = VECTOR('',#4445,1.);
#4445 = DIRECTION('',(1.,0.));
#4446 = ( GEOMETRIC_REPRESENTATION_CONTEXT(2) 
PARAMETRIC_REPRESENTATION_CONTEXT() REPRESENTATION_CONTEXT('2D SPACE',''
  ) );
#4447 = PCURVE('',#4328,#4448);
#4448 = DEFINITIONAL_REPRESENTATION('',(#4449),#4453);
#4449 = LINE('',#4450,#4451);
#4450 = CARTESIAN_POINT('',(0.,24.));
#4451 = VECTOR('',#4452,1.);
#4452 = DIRECTION('',(1.,0.));
#4453 = ( GEOMETRIC_REPRESENTATION_CONTEXT(2) 
PARAMETRIC_REPRESENTATION_CONTEXT() REPRESENTATION_CONTEXT('2D SPACE',''
  ) );
#4454 = ORIENTED_EDGE('',*,*,#4455,.T.);
#4455 = EDGE_CURVE('',#4426,#4456,#4458,.T.);
#4456 = VERTEX_POINT('',#4457);
#4457 = CARTESIAN_POINT('',(-28.46141786888,45.92162180436,174.25));
#4458 = SURFACE_CURVE('',#4459,(#4463,#4470),.PCURVE_S1.);
#4459 = LINE('',#4460,#4461);
#4460 = CARTESIAN_POINT('',(-25.53858213111,47.60912180436,174.25));
#4461 = VECTOR('',#4462,1.);
#4462 = DIRECTION('',(-0.866025403784,-0.5,0.));
#4463 = PCURVE('',#4436,#4464);
#4464 = DEFINITIONAL_REPRESENTATION('',(#4465),#4469);
#4465 = LINE('',#4466,#4467);
#4466 = CARTESIAN_POINT('',(0.,0.));
#4467 = VECTOR('',#4468,1.);
#4468 = DIRECTION('',(0.,-1.));
#4469 = ( GEOMETRIC_REPRESENTATION_CONTEXT(2) 
PARAMETRIC_REPRESENTATION_CONTEXT() REPRESENTATION_CONTEXT('2D SPACE',''
  ) );
#4470 = PCURVE('',#4356,#4471);
#4471 = DEFINITIONAL_REPRESENTATION('',(#4472),#4476);
#4472 = LINE('',#4473,#4474);
#4473 = CARTESIAN_POINT('',(24.,1.7763568394E-15));
#4474 = VECTOR('',#4475,1.);
#4475 = DIRECTION('',(0.,1.));
#4476 = ( GEOMETRIC_REPRESENTATION_CONTEXT(2) 
PARAMETRIC_REPRESENTATION_CONTEXT() REPRESENTATION_CONTEXT('2D SPACE',''
  ) );
#4477 = ORIENTED_EDGE('',*,*,#4478,.T.);
#4478 = EDGE_CURVE('',#4456,#4479,#4481,.T.);
#4479 = VERTEX_POINT('',#4480);
#4480 = CARTESIAN_POINT('',(-28.46141786888,45.92162180436,199.75));
#4481 = SURFACE_CURVE('',#4482,(#4486,#4493),.PCURVE_S1.);
#4482 = LINE('',#4483,#4484);
#4483 = CARTESIAN_POINT('',(-28.46141786888,45.92162180436,174.25));
#4484 = VECTOR('',#4485,1.);
#4485 = DIRECTION('',(0.,0.,1.));
#4486 = PCURVE('',#4436,#4487);
#4487 = DEFINITIONAL_REPRESENTATION('',(#4488),#4492);
#4488 = LINE('',#4489,#4490);
#4489 = CARTESIAN_POINT('',(0.,-3.375));
#4490 = VECTOR('',#4491,1.);
#4491 = DIRECTION('',(1.,0.));
#4492 = ( GEOMETRIC_REPRESENTATION_CONTEXT(2) 
PARAMETRIC_REPRESENTATION_CONTEXT() REPRESENTATION_CONTEXT('2D SPACE',''
  ) );
#4493 = PCURVE('',#4384,#4494);
#4494 = DEFINITIONAL_REPRESENTATION('',(#4495),#4499);
#4495 = LINE('',#4496,#4497);
#4496 = CARTESIAN_POINT('',(0.,24.));
#4497 = VECTOR('',#4498,1.);
#4498 = DIRECTION('',(1.,0.));
#4499 = ( GEOMETRIC_REPRESENTATION_CONTEXT(2) 
PARAMETRIC_REPRESENTATION_CONTEXT() REPRESENTATION_CONTEXT('2D SPACE',''
  ) );
#4500 = ORIENTED_EDGE('',*,*,#4501,.F.);
#4501 = EDGE_CURVE('',#4428,#4479,#4502,.T.);
#4502 = SURFACE_CURVE('',#4503,(#4507,#4514),.PCURVE_S1.);
#4503 = LINE('',#4504,#4505);
#4504 = CARTESIAN_POINT('',(-25.53858213111,47.60912180436,199.75));
#4505 = VECTOR('',#4506,1.);
#4506 = DIRECTION('',(-0.866025403784,-0.5,0.));
#4507 = PCURVE('',#4436,#4508);
#4508 = DEFINITIONAL_REPRESENTATION('',(#4509),#4513);
#4509 = LINE('',#4510,#4511);
#4510 = CARTESIAN_POINT('',(25.5,0.));
#4511 = VECTOR('',#4512,1.);
#4512 = DIRECTION('',(0.,-1.));
#4513 = ( GEOMETRIC_REPRESENTATION_CONTEXT(2) 
PARAMETRIC_REPRESENTATION_CONTEXT() REPRESENTATION_CONTEXT('2D SPACE',''
  ) );
#4514 = PCURVE('',#4410,#4515);
#4515 = DEFINITIONAL_REPRESENTATION('',(#4516),#4520);
#4516 = LINE('',#4517,#4518);
#4517 = CARTESIAN_POINT('',(24.,1.7763568394E-15));
#4518 = VECTOR('',#4519,1.);
#4519 = DIRECTION('',(0.,1.));
#4520 = ( GEOMETRIC_REPRESENTATION_CONTEXT(2) 
PARAMETRIC_REPRESENTATION_CONTEXT() REPRESENTATION_CONTEXT('2D SPACE',''
  ) );
#4521 = ADVANCED_FACE('',(#4522),#4328,.F.);
#4522 = FACE_BOUND('',#4523,.F.);
#4523 = EDGE_LOOP('',(#4524,#4545,#4546,#4567));
#4524 = ORIENTED_EDGE('',*,*,#4525,.F.);
#4525 = EDGE_CURVE('',#4306,#4426,#4526,.T.);
#4526 = SURFACE_CURVE('',#4527,(#4531,#4538),.PCURVE_S1.);
#4527 = LINE('',#4528,#4529);
#4528 = CARTESIAN_POINT('',(-13.53858213111,26.824512113533,174.25));
#4529 = VECTOR('',#4530,1.);
#4530 = DIRECTION('',(-0.5,0.866025403784,0.));
#4531 = PCURVE('',#4328,#4532);
#4532 = DEFINITIONAL_REPRESENTATION('',(#4533),#4537);
#4533 = LINE('',#4534,#4535);
#4534 = CARTESIAN_POINT('',(0.,0.));
#4535 = VECTOR('',#4536,1.);
#4536 = DIRECTION('',(0.,1.));
#4537 = ( GEOMETRIC_REPRESENTATION_CONTEXT(2) 
PARAMETRIC_REPRESENTATION_CONTEXT() REPRESENTATION_CONTEXT('2D SPACE',''
  ) );
#4538 = PCURVE('',#4356,#4539);
#4539 = DEFINITIONAL_REPRESENTATION('',(#4540),#4544);
#4540 = LINE('',#4541,#4542);
#4541 = CARTESIAN_POINT('',(0.,0.));
#4542 = VECTOR('',#4543,1.);
#4543 = DIRECTION('',(1.,0.));
#4544 = ( GEOMETRIC_REPRESENTATION_CONTEXT(2) 
PARAMETRIC_REPRESENTATION_CONTEXT() REPRESENTATION_CONTEXT('2D SPACE',''
  ) );
#4545 = ORIENTED_EDGE('',*,*,#4305,.T.);
#4546 = ORIENTED_EDGE('',*,*,#4547,.T.);
#4547 = EDGE_CURVE('',#4308,#4428,#4548,.T.);
#4548 = SURFACE_CURVE('',#4549,(#4553,#4560),.PCURVE_S1.);
#4549 = LINE('',#4550,#4551);
#4550 = CARTESIAN_POINT('',(-13.53858213111,26.824512113533,199.75));
#4551 = VECTOR('',#4552,1.);
#4552 = DIRECTION('',(-0.5,0.866025403784,0.));
#4553 = PCURVE('',#4328,#4554);
#4554 = DEFINITIONAL_REPRESENTATION('',(#4555),#4559);
#4555 = LINE('',#4556,#4557);
#4556 = CARTESIAN_POINT('',(25.5,0.));
#4557 = VECTOR('',#4558,1.);
#4558 = DIRECTION('',(0.,1.));
#4559 = ( GEOMETRIC_REPRESENTATION_CONTEXT(2) 
PARAMETRIC_REPRESENTATION_CONTEXT() REPRESENTATION_CONTEXT('2D SPACE',''
  ) );
#4560 = PCURVE('',#4410,#4561);
#4561 = DEFINITIONAL_REPRESENTATION('',(#4562),#4566);
#4562 = LINE('',#4563,#4564);
#4563 = CARTESIAN_POINT('',(0.,0.));
#4564 = VECTOR('',#4565,1.);
#4565 = DIRECTION('',(1.,0.));
#4566 = ( GEOMETRIC_REPRESENTATION_CONTEXT(2) 
PARAMETRIC_REPRESENTATION_CONTEXT() REPRESENTATION_CONTEXT('2D SPACE',''
  ) );
#4567 = ORIENTED_EDGE('',*,*,#4425,.F.);
#4568 = ADVANCED_FACE('',(#4569),#4384,.T.);
#4569 = FACE_BOUND('',#4570,.T.);
#4570 = EDGE_LOOP('',(#4571,#4592,#4593,#4614));
#4571 = ORIENTED_EDGE('',*,*,#4572,.F.);
#4572 = EDGE_CURVE('',#4341,#4456,#4573,.T.);
#4573 = SURFACE_CURVE('',#4574,(#4578,#4585),.PCURVE_S1.);
#4574 = LINE('',#4575,#4576);
#4575 = CARTESIAN_POINT('',(-16.46141786888,25.137012113533,174.25));
#4576 = VECTOR('',#4577,1.);
#4577 = DIRECTION('',(-0.5,0.866025403784,0.));
#4578 = PCURVE('',#4384,#4579);
#4579 = DEFINITIONAL_REPRESENTATION('',(#4580),#4584);
#4580 = LINE('',#4581,#4582);
#4581 = CARTESIAN_POINT('',(0.,0.));
#4582 = VECTOR('',#4583,1.);
#4583 = DIRECTION('',(0.,1.));
#4584 = ( GEOMETRIC_REPRESENTATION_CONTEXT(2) 
PARAMETRIC_REPRESENTATION_CONTEXT() REPRESENTATION_CONTEXT('2D SPACE',''
  ) );
#4585 = PCURVE('',#4356,#4586);
#4586 = DEFINITIONAL_REPRESENTATION('',(#4587),#4591);
#4587 = LINE('',#4588,#4589);
#4588 = CARTESIAN_POINT('',(-6.661338147751E-16,3.375));
#4589 = VECTOR('',#4590,1.);
#4590 = DIRECTION('',(1.,0.));
#4591 = ( GEOMETRIC_REPRESENTATION_CONTEXT(2) 
PARAMETRIC_REPRESENTATION_CONTEXT() REPRESENTATION_CONTEXT('2D SPACE',''
  ) );
#4592 = ORIENTED_EDGE('',*,*,#4368,.T.);
#4593 = ORIENTED_EDGE('',*,*,#4594,.T.);
#4594 = EDGE_CURVE('',#4369,#4479,#4595,.T.);
#4595 = SURFACE_CURVE('',#4596,(#4600,#4607),.PCURVE_S1.);
#4596 = LINE('',#4597,#4598);
#4597 = CARTESIAN_POINT('',(-16.46141786888,25.137012113533,199.75));
#4598 = VECTOR('',#4599,1.);
#4599 = DIRECTION('',(-0.5,0.866025403784,0.));
#4600 = PCURVE('',#4384,#4601);
#4601 = DEFINITIONAL_REPRESENTATION('',(#4602),#4606);
#4602 = LINE('',#4603,#4604);
#4603 = CARTESIAN_POINT('',(25.5,0.));
#4604 = VECTOR('',#4605,1.);
#4605 = DIRECTION('',(0.,1.));
#4606 = ( GEOMETRIC_REPRESENTATION_CONTEXT(2) 
PARAMETRIC_REPRESENTATION_CONTEXT() REPRESENTATION_CONTEXT('2D SPACE',''
  ) );
#4607 = PCURVE('',#4410,#4608);
#4608 = DEFINITIONAL_REPRESENTATION('',(#4609),#4613);
#4609 = LINE('',#4610,#4611);
#4610 = CARTESIAN_POINT('',(-6.661338147751E-16,3.375));
#4611 = VECTOR('',#4612,1.);
#4612 = DIRECTION('',(1.,0.));
#4613 = ( GEOMETRIC_REPRESENTATION_CONTEXT(2) 
PARAMETRIC_REPRESENTATION_CONTEXT() REPRESENTATION_CONTEXT('2D SPACE',''
  ) );
#4614 = ORIENTED_EDGE('',*,*,#4478,.F.);
#4615 = ADVANCED_FACE('',(#4616),#4356,.F.);
#4616 = FACE_BOUND('',#4617,.F.);
#4617 = EDGE_LOOP('',(#4618,#4619,#4620,#4621));
#4618 = ORIENTED_EDGE('',*,*,#4340,.F.);
#4619 = ORIENTED_EDGE('',*,*,#4525,.T.);
#4620 = ORIENTED_EDGE('',*,*,#4455,.T.);
#4621 = ORIENTED_EDGE('',*,*,#4572,.F.);
#4622 = ADVANCED_FACE('',(#4623),#4410,.T.);
#4623 = FACE_BOUND('',#4624,.T.);
#4624 = EDGE_LOOP('',(#4625,#4626,#4627,#4628));
#4625 = ORIENTED_EDGE('',*,*,#4396,.F.);
#4626 = ORIENTED_EDGE('',*,*,#4547,.T.);
#4627 = ORIENTED_EDGE('',*,*,#4501,.T.);
#4628 = ORIENTED_EDGE('',*,*,#4594,.F.);
#4629 = MANIFOLD_SOLID_BREP('',#4630);
#4630 = CLOSED_SHELL('',(#4631,#4751,#4851,#4898,#4945,#4952));
#4631 = ADVANCED_FACE('',(#4632),#4646,.F.);
#4632 = FACE_BOUND('',#4633,.F.);
#4633 = EDGE_LOOP('',(#4634,#4669,#4697,#4725));
#4634 = ORIENTED_EDGE('',*,*,#4635,.F.);
#4635 = EDGE_CURVE('',#4636,#4638,#4640,.T.);
#4636 = VERTEX_POINT('',#4637);
#4637 = CARTESIAN_POINT('',(-30.,1.6875,174.25));
#4638 = VERTEX_POINT('',#4639);
#4639 = CARTESIAN_POINT('',(-30.,1.6875,199.75));
#4640 = SURFACE_CURVE('',#4641,(#4645,#4657),.PCURVE_S1.);
#4641 = LINE('',#4642,#4643);
#4642 = CARTESIAN_POINT('',(-30.,1.6875,174.25));
#4643 = VECTOR('',#4644,1.);
#4644 = DIRECTION('',(0.,0.,1.));
#4645 = PCURVE('',#4646,#4651);
#4646 = PLANE('',#4647);
#4647 = AXIS2_PLACEMENT_3D('',#4648,#4649,#4650);
#4648 = CARTESIAN_POINT('',(-30.,1.6875,174.25));
#4649 = DIRECTION('',(-1.,1.224646799147E-16,0.));
#4650 = DIRECTION('',(0.,0.,1.));
#4651 = DEFINITIONAL_REPRESENTATION('',(#4652),#4656);
#4652 = LINE('',#4653,#4654);
#4653 = CARTESIAN_POINT('',(0.,0.));
#4654 = VECTOR('',#4655,1.);
#4655 = DIRECTION('',(1.,0.));
#4656 = ( GEOMETRIC_REPRESENTATION_CONTEXT(2) 
PARAMETRIC_REPRESENTATION_CONTEXT() REPRESENTATION_CONTEXT('2D SPACE',''
  ) );
#4657 = PCURVE('',#4658,#4663);
#4658 = PLANE('',#4659);
#4659 = AXIS2_PLACEMENT_3D('',#4660,#4661,#4662);
#4660 = CARTESIAN_POINT('',(-30.,1.6875,174.25));
#4661 = DIRECTION('',(-1.224646799147E-16,-1.,0.));
#4662 = DIRECTION('',(0.,0.,1.));
#4663 = DEFINITIONAL_REPRESENTATION('',(#4664),#4668);
#4664 = LINE('',#4665,#4666);
#4665 = CARTESIAN_POINT('',(0.,0.));
#4666 = VECTOR('',#4667,1.);
#4667 = DIRECTION('',(1.,0.));
#4668 = ( GEOMETRIC_REPRESENTATION_CONTEXT(2) 
PARAMETRIC_REPRESENTATION_CONTEXT() REPRESENTATION_CONTEXT('2D SPACE',''
  ) );
#4669 = ORIENTED_EDGE('',*,*,#4670,.T.);
#4670 = EDGE_CURVE('',#4636,#4671,#4673,.T.);
#4671 = VERTEX_POINT('',#4672);
#4672 = CARTESIAN_POINT('',(-30.,-1.6875,174.25));
#4673 = SURFACE_CURVE('',#4674,(#4678,#4685),.PCURVE_S1.);
#4674 = LINE('',#4675,#4676);
#4675 = CARTESIAN_POINT('',(-30.,1.6875,174.25));
#4676 = VECTOR('',#4677,1.);
#4677 = DIRECTION('',(-1.224646799147E-16,-1.,0.));
#4678 = PCURVE('',#4646,#4679);
#4679 = DEFINITIONAL_REPRESENTATION('',(#4680),#4684);
#4680 = LINE('',#4681,#4682);
#4681 = CARTESIAN_POINT('',(0.,0.));
#4682 = VECTOR('',#4683,1.);
#4683 = DIRECTION('',(0.,-1.));
#4684 = ( GEOMETRIC_REPRESENTATION_CONTEXT(2) 
PARAMETRIC_REPRESENTATION_CONTEXT() REPRESENTATION_CONTEXT('2D SPACE',''
  ) );
#4685 = PCURVE('',#4686,#4691);
#4686 = PLANE('',#4687);
#4687 = AXIS2_PLACEMENT_3D('',#4688,#4689,#4690);
#4688 = CARTESIAN_POINT('',(-30.,1.6875,174.25));
#4689 = DIRECTION('',(0.,0.,1.));
#4690 = DIRECTION('',(-1.,1.224646799147E-16,0.));
#4691 = DEFINITIONAL_REPRESENTATION('',(#4692),#4696);
#4692 = LINE('',#4693,#4694);
#4693 = CARTESIAN_POINT('',(0.,0.));
#4694 = VECTOR('',#4695,1.);
#4695 = DIRECTION('',(0.,1.));
#4696 = ( GEOMETRIC_REPRESENTATION_CONTEXT(2) 
PARAMETRIC_REPRESENTATION_CONTEXT() REPRESENTATION_CONTEXT('2D SPACE',''
  ) );
#4697 = ORIENTED_EDGE('',*,*,#4698,.T.);
#4698 = EDGE_CURVE('',#4671,#4699,#4701,.T.);
#4699 = VERTEX_POINT('',#4700);
#4700 = CARTESIAN_POINT('',(-30.,-1.6875,199.75));
#4701 = SURFACE_CURVE('',#4702,(#4706,#4713),.PCURVE_S1.);
#4702 = LINE('',#4703,#4704);
#4703 = CARTESIAN_POINT('',(-30.,-1.6875,174.25));
#4704 = VECTOR('',#4705,1.);
#4705 = DIRECTION('',(0.,0.,1.));
#4706 = PCURVE('',#4646,#4707);
#4707 = DEFINITIONAL_REPRESENTATION('',(#4708),#4712);
#4708 = LINE('',#4709,#4710);
#4709 = CARTESIAN_POINT('',(0.,-3.375));
#4710 = VECTOR('',#4711,1.);
#4711 = DIRECTION('',(1.,0.));
#4712 = ( GEOMETRIC_REPRESENTATION_CONTEXT(2) 
PARAMETRIC_REPRESENTATION_CONTEXT() REPRESENTATION_CONTEXT('2D SPACE',''
  ) );
#4713 = PCURVE('',#4714,#4719);
#4714 = PLANE('',#4715);
#4715 = AXIS2_PLACEMENT_3D('',#4716,#4717,#4718);
#4716 = CARTESIAN_POINT('',(-30.,-1.6875,174.25));
#4717 = DIRECTION('',(-1.224646799147E-16,-1.,0.));
#4718 = DIRECTION('',(0.,0.,1.));
#4719 = DEFINITIONAL_REPRESENTATION('',(#4720),#4724);
#4720 = LINE('',#4721,#4722);
#4721 = CARTESIAN_POINT('',(0.,0.));
#4722 = VECTOR('',#4723,1.);
#4723 = DIRECTION('',(1.,0.));
#4724 = ( GEOMETRIC_REPRESENTATION_CONTEXT(2) 
PARAMETRIC_REPRESENTATION_CONTEXT() REPRESENTATION_CONTEXT('2D SPACE',''
  ) );
#4725 = ORIENTED_EDGE('',*,*,#4726,.F.);
#4726 = EDGE_CURVE('',#4638,#4699,#4727,.T.);
#4727 = SURFACE_CURVE('',#4728,(#4732,#4739),.PCURVE_S1.);
#4728 = LINE('',#4729,#4730);
#4729 = CARTESIAN_POINT('',(-30.,1.6875,199.75));
#4730 = VECTOR('',#4731,1.);
#4731 = DIRECTION('',(-1.224646799147E-16,-1.,0.));
#4732 = PCURVE('',#4646,#4733);
#4733 = DEFINITIONAL_REPRESENTATION('',(#4734),#4738);
#4734 = LINE('',#4735,#4736);
#4735 = CARTESIAN_POINT('',(25.5,0.));
#4736 = VECTOR('',#4737,1.);
#4737 = DIRECTION('',(0.,-1.));
#4738 = ( GEOMETRIC_REPRESENTATION_CONTEXT(2) 
PARAMETRIC_REPRESENTATION_CONTEXT() REPRESENTATION_CONTEXT('2D SPACE',''
  ) );
#4739 = PCURVE('',#4740,#4745);
#4740 = PLANE('',#4741);
#4741 = AXIS2_PLACEMENT_3D('',#4742,#4743,#4744);
#4742 = CARTESIAN_POINT('',(-30.,1.6875,199.75));
#4743 = DIRECTION('',(0.,0.,1.));
#4744 = DIRECTION('',(-1.,1.224646799147E-16,0.));
#4745 = DEFINITIONAL_REPRESENTATION('',(#4746),#4750);
#4746 = LINE('',#4747,#4748);
#4747 = CARTESIAN_POINT('',(0.,0.));
#4748 = VECTOR('',#4749,1.);
#4749 = DIRECTION('',(0.,1.));
#4750 = ( GEOMETRIC_REPRESENTATION_CONTEXT(2) 
PARAMETRIC_REPRESENTATION_CONTEXT() REPRESENTATION_CONTEXT('2D SPACE',''
  ) );
#4751 = ADVANCED_FACE('',(#4752),#4766,.T.);
#4752 = FACE_BOUND('',#4753,.T.);
#4753 = EDGE_LOOP('',(#4754,#4784,#4807,#4830));
#4754 = ORIENTED_EDGE('',*,*,#4755,.F.);
#4755 = EDGE_CURVE('',#4756,#4758,#4760,.T.);
#4756 = VERTEX_POINT('',#4757);
#4757 = CARTESIAN_POINT('',(-54.,1.6875,174.25));
#4758 = VERTEX_POINT('',#4759);
#4759 = CARTESIAN_POINT('',(-54.,1.6875,199.75));
#4760 = SURFACE_CURVE('',#4761,(#4765,#4777),.PCURVE_S1.);
#4761 = LINE('',#4762,#4763);
#4762 = CARTESIAN_POINT('',(-54.,1.6875,174.25));
#4763 = VECTOR('',#4764,1.);
#4764 = DIRECTION('',(0.,0.,1.));
#4765 = PCURVE('',#4766,#4771);
#4766 = PLANE('',#4767);
#4767 = AXIS2_PLACEMENT_3D('',#4768,#4769,#4770);
#4768 = CARTESIAN_POINT('',(-54.,1.6875,174.25));
#4769 = DIRECTION('',(-1.,1.224646799147E-16,0.));
#4770 = DIRECTION('',(0.,0.,1.));
#4771 = DEFINITIONAL_REPRESENTATION('',(#4772),#4776);
#4772 = LINE('',#4773,#4774);
#4773 = CARTESIAN_POINT('',(0.,0.));
#4774 = VECTOR('',#4775,1.);
#4775 = DIRECTION('',(1.,0.));
#4776 = ( GEOMETRIC_REPRESENTATION_CONTEXT(2) 
PARAMETRIC_REPRESENTATION_CONTEXT() REPRESENTATION_CONTEXT('2D SPACE',''
  ) );
#4777 = PCURVE('',#4658,#4778);
#4778 = DEFINITIONAL_REPRESENTATION('',(#4779),#4783);
#4779 = LINE('',#4780,#4781);
#4780 = CARTESIAN_POINT('',(0.,24.));
#4781 = VECTOR('',#4782,1.);
#4782 = DIRECTION('',(1.,0.));
#4783 = ( GEOMETRIC_REPRESENTATION_CONTEXT(2) 
PARAMETRIC_REPRESENTATION_CONTEXT() REPRESENTATION_CONTEXT('2D SPACE',''
  ) );
#4784 = ORIENTED_EDGE('',*,*,#4785,.T.);
#4785 = EDGE_CURVE('',#4756,#4786,#4788,.T.);
#4786 = VERTEX_POINT('',#4787);
#4787 = CARTESIAN_POINT('',(-54.,-1.6875,174.25));
#4788 = SURFACE_CURVE('',#4789,(#4793,#4800),.PCURVE_S1.);
#4789 = LINE('',#4790,#4791);
#4790 = CARTESIAN_POINT('',(-54.,1.6875,174.25));
#4791 = VECTOR('',#4792,1.);
#4792 = DIRECTION('',(-1.224646799147E-16,-1.,0.));
#4793 = PCURVE('',#4766,#4794);
#4794 = DEFINITIONAL_REPRESENTATION('',(#4795),#4799);
#4795 = LINE('',#4796,#4797);
#4796 = CARTESIAN_POINT('',(0.,0.));
#4797 = VECTOR('',#4798,1.);
#4798 = DIRECTION('',(0.,-1.));
#4799 = ( GEOMETRIC_REPRESENTATION_CONTEXT(2) 
PARAMETRIC_REPRESENTATION_CONTEXT() REPRESENTATION_CONTEXT('2D SPACE',''
  ) );
#4800 = PCURVE('',#4686,#4801);
#4801 = DEFINITIONAL_REPRESENTATION('',(#4802),#4806);
#4802 = LINE('',#4803,#4804);
#4803 = CARTESIAN_POINT('',(24.,5.257245392824E-17));
#4804 = VECTOR('',#4805,1.);
#4805 = DIRECTION('',(0.,1.));
#4806 = ( GEOMETRIC_REPRESENTATION_CONTEXT(2) 
PARAMETRIC_REPRESENTATION_CONTEXT() REPRESENTATION_CONTEXT('2D SPACE',''
  ) );
#4807 = ORIENTED_EDGE('',*,*,#4808,.T.);
#4808 = EDGE_CURVE('',#4786,#4809,#4811,.T.);
#4809 = VERTEX_POINT('',#4810);
#4810 = CARTESIAN_POINT('',(-54.,-1.6875,199.75));
#4811 = SURFACE_CURVE('',#4812,(#4816,#4823),.PCURVE_S1.);
#4812 = LINE('',#4813,#4814);
#4813 = CARTESIAN_POINT('',(-54.,-1.6875,174.25));
#4814 = VECTOR('',#4815,1.);
#4815 = DIRECTION('',(0.,0.,1.));
#4816 = PCURVE('',#4766,#4817);
#4817 = DEFINITIONAL_REPRESENTATION('',(#4818),#4822);
#4818 = LINE('',#4819,#4820);
#4819 = CARTESIAN_POINT('',(0.,-3.375));
#4820 = VECTOR('',#4821,1.);
#4821 = DIRECTION('',(1.,0.));
#4822 = ( GEOMETRIC_REPRESENTATION_CONTEXT(2) 
PARAMETRIC_REPRESENTATION_CONTEXT() REPRESENTATION_CONTEXT('2D SPACE',''
  ) );
#4823 = PCURVE('',#4714,#4824);
#4824 = DEFINITIONAL_REPRESENTATION('',(#4825),#4829);
#4825 = LINE('',#4826,#4827);
#4826 = CARTESIAN_POINT('',(0.,24.));
#4827 = VECTOR('',#4828,1.);
#4828 = DIRECTION('',(1.,0.));
#4829 = ( GEOMETRIC_REPRESENTATION_CONTEXT(2) 
PARAMETRIC_REPRESENTATION_CONTEXT() REPRESENTATION_CONTEXT('2D SPACE',''
  ) );
#4830 = ORIENTED_EDGE('',*,*,#4831,.F.);
#4831 = EDGE_CURVE('',#4758,#4809,#4832,.T.);
#4832 = SURFACE_CURVE('',#4833,(#4837,#4844),.PCURVE_S1.);
#4833 = LINE('',#4834,#4835);
#4834 = CARTESIAN_POINT('',(-54.,1.6875,199.75));
#4835 = VECTOR('',#4836,1.);
#4836 = DIRECTION('',(-1.224646799147E-16,-1.,0.));
#4837 = PCURVE('',#4766,#4838);
#4838 = DEFINITIONAL_REPRESENTATION('',(#4839),#4843);
#4839 = LINE('',#4840,#4841);
#4840 = CARTESIAN_POINT('',(25.5,0.));
#4841 = VECTOR('',#4842,1.);
#4842 = DIRECTION('',(0.,-1.));
#4843 = ( GEOMETRIC_REPRESENTATION_CONTEXT(2) 
PARAMETRIC_REPRESENTATION_CONTEXT() REPRESENTATION_CONTEXT('2D SPACE',''
  ) );
#4844 = PCURVE('',#4740,#4845);
#4845 = DEFINITIONAL_REPRESENTATION('',(#4846),#4850);
#4846 = LINE('',#4847,#4848);
#4847 = CARTESIAN_POINT('',(24.,5.257245392824E-17));
#4848 = VECTOR('',#4849,1.);
#4849 = DIRECTION('',(0.,1.));
#4850 = ( GEOMETRIC_REPRESENTATION_CONTEXT(2) 
PARAMETRIC_REPRESENTATION_CONTEXT() REPRESENTATION_CONTEXT('2D SPACE',''
  ) );
#4851 = ADVANCED_FACE('',(#4852),#4658,.F.);
#4852 = FACE_BOUND('',#4853,.F.);
#4853 = EDGE_LOOP('',(#4854,#4875,#4876,#4897));
#4854 = ORIENTED_EDGE('',*,*,#4855,.F.);
#4855 = EDGE_CURVE('',#4636,#4756,#4856,.T.);
#4856 = SURFACE_CURVE('',#4857,(#4861,#4868),.PCURVE_S1.);
#4857 = LINE('',#4858,#4859);
#4858 = CARTESIAN_POINT('',(-30.,1.6875,174.25));
#4859 = VECTOR('',#4860,1.);
#4860 = DIRECTION('',(-1.,1.224646799147E-16,0.));
#4861 = PCURVE('',#4658,#4862);
#4862 = DEFINITIONAL_REPRESENTATION('',(#4863),#4867);
#4863 = LINE('',#4864,#4865);
#4864 = CARTESIAN_POINT('',(0.,0.));
#4865 = VECTOR('',#4866,1.);
#4866 = DIRECTION('',(0.,1.));
#4867 = ( GEOMETRIC_REPRESENTATION_CONTEXT(2) 
PARAMETRIC_REPRESENTATION_CONTEXT() REPRESENTATION_CONTEXT('2D SPACE',''
  ) );
#4868 = PCURVE('',#4686,#4869);
#4869 = DEFINITIONAL_REPRESENTATION('',(#4870),#4874);
#4870 = LINE('',#4871,#4872);
#4871 = CARTESIAN_POINT('',(0.,0.));
#4872 = VECTOR('',#4873,1.);
#4873 = DIRECTION('',(1.,0.));
#4874 = ( GEOMETRIC_REPRESENTATION_CONTEXT(2) 
PARAMETRIC_REPRESENTATION_CONTEXT() REPRESENTATION_CONTEXT('2D SPACE',''
  ) );
#4875 = ORIENTED_EDGE('',*,*,#4635,.T.);
#4876 = ORIENTED_EDGE('',*,*,#4877,.T.);
#4877 = EDGE_CURVE('',#4638,#4758,#4878,.T.);
#4878 = SURFACE_CURVE('',#4879,(#4883,#4890),.PCURVE_S1.);
#4879 = LINE('',#4880,#4881);
#4880 = CARTESIAN_POINT('',(-30.,1.6875,199.75));
#4881 = VECTOR('',#4882,1.);
#4882 = DIRECTION('',(-1.,1.224646799147E-16,0.));
#4883 = PCURVE('',#4658,#4884);
#4884 = DEFINITIONAL_REPRESENTATION('',(#4885),#4889);
#4885 = LINE('',#4886,#4887);
#4886 = CARTESIAN_POINT('',(25.5,0.));
#4887 = VECTOR('',#4888,1.);
#4888 = DIRECTION('',(0.,1.));
#4889 = ( GEOMETRIC_REPRESENTATION_CONTEXT(2) 
PARAMETRIC_REPRESENTATION_CONTEXT() REPRESENTATION_CONTEXT('2D SPACE',''
  ) );
#4890 = PCURVE('',#4740,#4891);
#4891 = DEFINITIONAL_REPRESENTATION('',(#4892),#4896);
#4892 = LINE('',#4893,#4894);
#4893 = CARTESIAN_POINT('',(0.,0.));
#4894 = VECTOR('',#4895,1.);
#4895 = DIRECTION('',(1.,0.));
#4896 = ( GEOMETRIC_REPRESENTATION_CONTEXT(2) 
PARAMETRIC_REPRESENTATION_CONTEXT() REPRESENTATION_CONTEXT('2D SPACE',''
  ) );
#4897 = ORIENTED_EDGE('',*,*,#4755,.F.);
#4898 = ADVANCED_FACE('',(#4899),#4714,.T.);
#4899 = FACE_BOUND('',#4900,.T.);
#4900 = EDGE_LOOP('',(#4901,#4922,#4923,#4944));
#4901 = ORIENTED_EDGE('',*,*,#4902,.F.);
#4902 = EDGE_CURVE('',#4671,#4786,#4903,.T.);
#4903 = SURFACE_CURVE('',#4904,(#4908,#4915),.PCURVE_S1.);
#4904 = LINE('',#4905,#4906);
#4905 = CARTESIAN_POINT('',(-30.,-1.6875,174.25));
#4906 = VECTOR('',#4907,1.);
#4907 = DIRECTION('',(-1.,1.224646799147E-16,0.));
#4908 = PCURVE('',#4714,#4909);
#4909 = DEFINITIONAL_REPRESENTATION('',(#4910),#4914);
#4910 = LINE('',#4911,#4912);
#4911 = CARTESIAN_POINT('',(0.,0.));
#4912 = VECTOR('',#4913,1.);
#4913 = DIRECTION('',(0.,1.));
#4914 = ( GEOMETRIC_REPRESENTATION_CONTEXT(2) 
PARAMETRIC_REPRESENTATION_CONTEXT() REPRESENTATION_CONTEXT('2D SPACE',''
  ) );
#4915 = PCURVE('',#4686,#4916);
#4916 = DEFINITIONAL_REPRESENTATION('',(#4917),#4921);
#4917 = LINE('',#4918,#4919);
#4918 = CARTESIAN_POINT('',(-4.133182947122E-16,3.375));
#4919 = VECTOR('',#4920,1.);
#4920 = DIRECTION('',(1.,0.));
#4921 = ( GEOMETRIC_REPRESENTATION_CONTEXT(2) 
PARAMETRIC_REPRESENTATION_CONTEXT() REPRESENTATION_CONTEXT('2D SPACE',''
  ) );
#4922 = ORIENTED_EDGE('',*,*,#4698,.T.);
#4923 = ORIENTED_EDGE('',*,*,#4924,.T.);
#4924 = EDGE_CURVE('',#4699,#4809,#4925,.T.);
#4925 = SURFACE_CURVE('',#4926,(#4930,#4937),.PCURVE_S1.);
#4926 = LINE('',#4927,#4928);
#4927 = CARTESIAN_POINT('',(-30.,-1.6875,199.75));
#4928 = VECTOR('',#4929,1.);
#4929 = DIRECTION('',(-1.,1.224646799147E-16,0.));
#4930 = PCURVE('',#4714,#4931);
#4931 = DEFINITIONAL_REPRESENTATION('',(#4932),#4936);
#4932 = LINE('',#4933,#4934);
#4933 = CARTESIAN_POINT('',(25.5,0.));
#4934 = VECTOR('',#4935,1.);
#4935 = DIRECTION('',(0.,1.));
#4936 = ( GEOMETRIC_REPRESENTATION_CONTEXT(2) 
PARAMETRIC_REPRESENTATION_CONTEXT() REPRESENTATION_CONTEXT('2D SPACE',''
  ) );
#4937 = PCURVE('',#4740,#4938);
#4938 = DEFINITIONAL_REPRESENTATION('',(#4939),#4943);
#4939 = LINE('',#4940,#4941);
#4940 = CARTESIAN_POINT('',(-4.133182947122E-16,3.375));
#4941 = VECTOR('',#4942,1.);
#4942 = DIRECTION('',(1.,0.));
#4943 = ( GEOMETRIC_REPRESENTATION_CONTEXT(2) 
PARAMETRIC_REPRESENTATION_CONTEXT() REPRESENTATION_CONTEXT('2D SPACE',''
  ) );
#4944 = ORIENTED_EDGE('',*,*,#4808,.F.);
#4945 = ADVANCED_FACE('',(#4946),#4686,.F.);
#4946 = FACE_BOUND('',#4947,.F.);
#4947 = EDGE_LOOP('',(#4948,#4949,#4950,#4951));
#4948 = ORIENTED_EDGE('',*,*,#4670,.F.);
#4949 = ORIENTED_EDGE('',*,*,#4855,.T.);
#4950 = ORIENTED_EDGE('',*,*,#4785,.T.);
#4951 = ORIENTED_EDGE('',*,*,#4902,.F.);
#4952 = ADVANCED_FACE('',(#4953),#4740,.T.);
#4953 = FACE_BOUND('',#4954,.T.);
#4954 = EDGE_LOOP('',(#4955,#4956,#4957,#4958));
#4955 = ORIENTED_EDGE('',*,*,#4726,.F.);
#4956 = ORIENTED_EDGE('',*,*,#4877,.T.);
#4957 = ORIENTED_EDGE('',*,*,#4831,.T.);
#4958 = ORIENTED_EDGE('',*,*,#4924,.F.);
#4959 = MANIFOLD_SOLID_BREP('',#4960);
#4960 = CLOSED_SHELL('',(#4961,#5081,#5181,#5228,#5275,#5282));
#4961 = ADVANCED_FACE('',(#4962),#4976,.F.);
#4962 = FACE_BOUND('',#4963,.F.);
#4963 = EDGE_LOOP('',(#4964,#4999,#5027,#5055));
#4964 = ORIENTED_EDGE('',*,*,#4965,.F.);
#4965 = EDGE_CURVE('',#4966,#4968,#4970,.T.);
#4966 = VERTEX_POINT('',#4967);
#4967 = CARTESIAN_POINT('',(-16.46141786888,-25.13701211353,174.25));
#4968 = VERTEX_POINT('',#4969);
#4969 = CARTESIAN_POINT('',(-16.46141786888,-25.13701211353,199.75));
#4970 = SURFACE_CURVE('',#4971,(#4975,#4987),.PCURVE_S1.);
#4971 = LINE('',#4972,#4973);
#4972 = CARTESIAN_POINT('',(-16.46141786888,-25.13701211353,174.25));
#4973 = VECTOR('',#4974,1.);
#4974 = DIRECTION('',(0.,0.,1.));
#4975 = PCURVE('',#4976,#4981);
#4976 = PLANE('',#4977);
#4977 = AXIS2_PLACEMENT_3D('',#4978,#4979,#4980);
#4978 = CARTESIAN_POINT('',(-16.46141786888,-25.13701211353,174.25));
#4979 = DIRECTION('',(-0.5,-0.866025403784,0.));
#4980 = DIRECTION('',(0.,0.,1.));
#4981 = DEFINITIONAL_REPRESENTATION('',(#4982),#4986);
#4982 = LINE('',#4983,#4984);
#4983 = CARTESIAN_POINT('',(0.,0.));
#4984 = VECTOR('',#4985,1.);
#4985 = DIRECTION('',(1.,0.));
#4986 = ( GEOMETRIC_REPRESENTATION_CONTEXT(2) 
PARAMETRIC_REPRESENTATION_CONTEXT() REPRESENTATION_CONTEXT('2D SPACE',''
  ) );
#4987 = PCURVE('',#4988,#4993);
#4988 = PLANE('',#4989);
#4989 = AXIS2_PLACEMENT_3D('',#4990,#4991,#4992);
#4990 = CARTESIAN_POINT('',(-16.46141786888,-25.13701211353,174.25));
#4991 = DIRECTION('',(0.866025403784,-0.5,0.));
#4992 = DIRECTION('',(0.,0.,1.));
#4993 = DEFINITIONAL_REPRESENTATION('',(#4994),#4998);
#4994 = LINE('',#4995,#4996);
#4995 = CARTESIAN_POINT('',(0.,0.));
#4996 = VECTOR('',#4997,1.);
#4997 = DIRECTION('',(1.,0.));
#4998 = ( GEOMETRIC_REPRESENTATION_CONTEXT(2) 
PARAMETRIC_REPRESENTATION_CONTEXT() REPRESENTATION_CONTEXT('2D SPACE',''
  ) );
#4999 = ORIENTED_EDGE('',*,*,#5000,.T.);
#5000 = EDGE_CURVE('',#4966,#5001,#5003,.T.);
#5001 = VERTEX_POINT('',#5002);
#5002 = CARTESIAN_POINT('',(-13.53858213111,-26.82451211353,174.25));
#5003 = SURFACE_CURVE('',#5004,(#5008,#5015),.PCURVE_S1.);
#5004 = LINE('',#5005,#5006);
#5005 = CARTESIAN_POINT('',(-16.46141786888,-25.13701211353,174.25));
#5006 = VECTOR('',#5007,1.);
#5007 = DIRECTION('',(0.866025403784,-0.5,0.));
#5008 = PCURVE('',#4976,#5009);
#5009 = DEFINITIONAL_REPRESENTATION('',(#5010),#5014);
#5010 = LINE('',#5011,#5012);
#5011 = CARTESIAN_POINT('',(0.,0.));
#5012 = VECTOR('',#5013,1.);
#5013 = DIRECTION('',(0.,-1.));
#5014 = ( GEOMETRIC_REPRESENTATION_CONTEXT(2) 
PARAMETRIC_REPRESENTATION_CONTEXT() REPRESENTATION_CONTEXT('2D SPACE',''
  ) );
#5015 = PCURVE('',#5016,#5021);
#5016 = PLANE('',#5017);
#5017 = AXIS2_PLACEMENT_3D('',#5018,#5019,#5020);
#5018 = CARTESIAN_POINT('',(-16.46141786888,-25.13701211353,174.25));
#5019 = DIRECTION('',(0.,0.,1.));
#5020 = DIRECTION('',(-0.5,-0.866025403784,0.));
#5021 = DEFINITIONAL_REPRESENTATION('',(#5022),#5026);
#5022 = LINE('',#5023,#5024);
#5023 = CARTESIAN_POINT('',(0.,0.));
#5024 = VECTOR('',#5025,1.);
#5025 = DIRECTION('',(0.,1.));
#5026 = ( GEOMETRIC_REPRESENTATION_CONTEXT(2) 
PARAMETRIC_REPRESENTATION_CONTEXT() REPRESENTATION_CONTEXT('2D SPACE',''
  ) );
#5027 = ORIENTED_EDGE('',*,*,#5028,.T.);
#5028 = EDGE_CURVE('',#5001,#5029,#5031,.T.);
#5029 = VERTEX_POINT('',#5030);
#5030 = CARTESIAN_POINT('',(-13.53858213111,-26.82451211353,199.75));
#5031 = SURFACE_CURVE('',#5032,(#5036,#5043),.PCURVE_S1.);
#5032 = LINE('',#5033,#5034);
#5033 = CARTESIAN_POINT('',(-13.53858213111,-26.82451211353,174.25));
#5034 = VECTOR('',#5035,1.);
#5035 = DIRECTION('',(0.,0.,1.));
#5036 = PCURVE('',#4976,#5037);
#5037 = DEFINITIONAL_REPRESENTATION('',(#5038),#5042);
#5038 = LINE('',#5039,#5040);
#5039 = CARTESIAN_POINT('',(0.,-3.375));
#5040 = VECTOR('',#5041,1.);
#5041 = DIRECTION('',(1.,0.));
#5042 = ( GEOMETRIC_REPRESENTATION_CONTEXT(2) 
PARAMETRIC_REPRESENTATION_CONTEXT() REPRESENTATION_CONTEXT('2D SPACE',''
  ) );
#5043 = PCURVE('',#5044,#5049);
#5044 = PLANE('',#5045);
#5045 = AXIS2_PLACEMENT_3D('',#5046,#5047,#5048);
#5046 = CARTESIAN_POINT('',(-13.53858213111,-26.82451211353,174.25));
#5047 = DIRECTION('',(0.866025403784,-0.5,0.));
#5048 = DIRECTION('',(0.,0.,1.));
#5049 = DEFINITIONAL_REPRESENTATION('',(#5050),#5054);
#5050 = LINE('',#5051,#5052);
#5051 = CARTESIAN_POINT('',(0.,0.));
#5052 = VECTOR('',#5053,1.);
#5053 = DIRECTION('',(1.,0.));
#5054 = ( GEOMETRIC_REPRESENTATION_CONTEXT(2) 
PARAMETRIC_REPRESENTATION_CONTEXT() REPRESENTATION_CONTEXT('2D SPACE',''
  ) );
#5055 = ORIENTED_EDGE('',*,*,#5056,.F.);
#5056 = EDGE_CURVE('',#4968,#5029,#5057,.T.);
#5057 = SURFACE_CURVE('',#5058,(#5062,#5069),.PCURVE_S1.);
#5058 = LINE('',#5059,#5060);
#5059 = CARTESIAN_POINT('',(-16.46141786888,-25.13701211353,199.75));
#5060 = VECTOR('',#5061,1.);
#5061 = DIRECTION('',(0.866025403784,-0.5,0.));
#5062 = PCURVE('',#4976,#5063);
#5063 = DEFINITIONAL_REPRESENTATION('',(#5064),#5068);
#5064 = LINE('',#5065,#5066);
#5065 = CARTESIAN_POINT('',(25.5,0.));
#5066 = VECTOR('',#5067,1.);
#5067 = DIRECTION('',(0.,-1.));
#5068 = ( GEOMETRIC_REPRESENTATION_CONTEXT(2) 
PARAMETRIC_REPRESENTATION_CONTEXT() REPRESENTATION_CONTEXT('2D SPACE',''
  ) );
#5069 = PCURVE('',#5070,#5075);
#5070 = PLANE('',#5071);
#5071 = AXIS2_PLACEMENT_3D('',#5072,#5073,#5074);
#5072 = CARTESIAN_POINT('',(-16.46141786888,-25.13701211353,199.75));
#5073 = DIRECTION('',(0.,0.,1.));
#5074 = DIRECTION('',(-0.5,-0.866025403784,0.));
#5075 = DEFINITIONAL_REPRESENTATION('',(#5076),#5080);
#5076 = LINE('',#5077,#5078);
#5077 = CARTESIAN_POINT('',(0.,0.));
#5078 = VECTOR('',#5079,1.);
#5079 = DIRECTION('',(0.,1.));
#5080 = ( GEOMETRIC_REPRESENTATION_CONTEXT(2) 
PARAMETRIC_REPRESENTATION_CONTEXT() REPRESENTATION_CONTEXT('2D SPACE',''
  ) );
#5081 = ADVANCED_FACE('',(#5082),#5096,.T.);
#5082 = FACE_BOUND('',#5083,.T.);
#5083 = EDGE_LOOP('',(#5084,#5114,#5137,#5160));
#5084 = ORIENTED_EDGE('',*,*,#5085,.F.);
#5085 = EDGE_CURVE('',#5086,#5088,#5090,.T.);
#5086 = VERTEX_POINT('',#5087);
#5087 = CARTESIAN_POINT('',(-28.46141786888,-45.92162180436,174.25));
#5088 = VERTEX_POINT('',#5089);
#5089 = CARTESIAN_POINT('',(-28.46141786888,-45.92162180436,199.75));
#5090 = SURFACE_CURVE('',#5091,(#5095,#5107),.PCURVE_S1.);
#5091 = LINE('',#5092,#5093);
#5092 = CARTESIAN_POINT('',(-28.46141786888,-45.92162180436,174.25));
#5093 = VECTOR('',#5094,1.);
#5094 = DIRECTION('',(0.,0.,1.));
#5095 = PCURVE('',#5096,#5101);
#5096 = PLANE('',#5097);
#5097 = AXIS2_PLACEMENT_3D('',#5098,#5099,#5100);
#5098 = CARTESIAN_POINT('',(-28.46141786888,-45.92162180436,174.25));
#5099 = DIRECTION('',(-0.5,-0.866025403784,0.));
#5100 = DIRECTION('',(0.,0.,1.));
#5101 = DEFINITIONAL_REPRESENTATION('',(#5102),#5106);
#5102 = LINE('',#5103,#5104);
#5103 = CARTESIAN_POINT('',(0.,0.));
#5104 = VECTOR('',#5105,1.);
#5105 = DIRECTION('',(1.,0.));
#5106 = ( GEOMETRIC_REPRESENTATION_CONTEXT(2) 
PARAMETRIC_REPRESENTATION_CONTEXT() REPRESENTATION_CONTEXT('2D SPACE',''
  ) );
#5107 = PCURVE('',#4988,#5108);
#5108 = DEFINITIONAL_REPRESENTATION('',(#5109),#5113);
#5109 = LINE('',#5110,#5111);
#5110 = CARTESIAN_POINT('',(0.,24.));
#5111 = VECTOR('',#5112,1.);
#5112 = DIRECTION('',(1.,0.));
#5113 = ( GEOMETRIC_REPRESENTATION_CONTEXT(2) 
PARAMETRIC_REPRESENTATION_CONTEXT() REPRESENTATION_CONTEXT('2D SPACE',''
  ) );
#5114 = ORIENTED_EDGE('',*,*,#5115,.T.);
#5115 = EDGE_CURVE('',#5086,#5116,#5118,.T.);
#5116 = VERTEX_POINT('',#5117);
#5117 = CARTESIAN_POINT('',(-25.53858213111,-47.60912180436,174.25));
#5118 = SURFACE_CURVE('',#5119,(#5123,#5130),.PCURVE_S1.);
#5119 = LINE('',#5120,#5121);
#5120 = CARTESIAN_POINT('',(-28.46141786888,-45.92162180436,174.25));
#5121 = VECTOR('',#5122,1.);
#5122 = DIRECTION('',(0.866025403784,-0.5,0.));
#5123 = PCURVE('',#5096,#5124);
#5124 = DEFINITIONAL_REPRESENTATION('',(#5125),#5129);
#5125 = LINE('',#5126,#5127);
#5126 = CARTESIAN_POINT('',(0.,0.));
#5127 = VECTOR('',#5128,1.);
#5128 = DIRECTION('',(0.,-1.));
#5129 = ( GEOMETRIC_REPRESENTATION_CONTEXT(2) 
PARAMETRIC_REPRESENTATION_CONTEXT() REPRESENTATION_CONTEXT('2D SPACE',''
  ) );
#5130 = PCURVE('',#5016,#5131);
#5131 = DEFINITIONAL_REPRESENTATION('',(#5132),#5136);
#5132 = LINE('',#5133,#5134);
#5133 = CARTESIAN_POINT('',(24.,0.));
#5134 = VECTOR('',#5135,1.);
#5135 = DIRECTION('',(0.,1.));
#5136 = ( GEOMETRIC_REPRESENTATION_CONTEXT(2) 
PARAMETRIC_REPRESENTATION_CONTEXT() REPRESENTATION_CONTEXT('2D SPACE',''
  ) );
#5137 = ORIENTED_EDGE('',*,*,#5138,.T.);
#5138 = EDGE_CURVE('',#5116,#5139,#5141,.T.);
#5139 = VERTEX_POINT('',#5140);
#5140 = CARTESIAN_POINT('',(-25.53858213111,-47.60912180436,199.75));
#5141 = SURFACE_CURVE('',#5142,(#5146,#5153),.PCURVE_S1.);
#5142 = LINE('',#5143,#5144);
#5143 = CARTESIAN_POINT('',(-25.53858213111,-47.60912180436,174.25));
#5144 = VECTOR('',#5145,1.);
#5145 = DIRECTION('',(0.,0.,1.));
#5146 = PCURVE('',#5096,#5147);
#5147 = DEFINITIONAL_REPRESENTATION('',(#5148),#5152);
#5148 = LINE('',#5149,#5150);
#5149 = CARTESIAN_POINT('',(0.,-3.375));
#5150 = VECTOR('',#5151,1.);
#5151 = DIRECTION('',(1.,0.));
#5152 = ( GEOMETRIC_REPRESENTATION_CONTEXT(2) 
PARAMETRIC_REPRESENTATION_CONTEXT() REPRESENTATION_CONTEXT('2D SPACE',''
  ) );
#5153 = PCURVE('',#5044,#5154);
#5154 = DEFINITIONAL_REPRESENTATION('',(#5155),#5159);
#5155 = LINE('',#5156,#5157);
#5156 = CARTESIAN_POINT('',(0.,24.));
#5157 = VECTOR('',#5158,1.);
#5158 = DIRECTION('',(1.,0.));
#5159 = ( GEOMETRIC_REPRESENTATION_CONTEXT(2) 
PARAMETRIC_REPRESENTATION_CONTEXT() REPRESENTATION_CONTEXT('2D SPACE',''
  ) );
#5160 = ORIENTED_EDGE('',*,*,#5161,.F.);
#5161 = EDGE_CURVE('',#5088,#5139,#5162,.T.);
#5162 = SURFACE_CURVE('',#5163,(#5167,#5174),.PCURVE_S1.);
#5163 = LINE('',#5164,#5165);
#5164 = CARTESIAN_POINT('',(-28.46141786888,-45.92162180436,199.75));
#5165 = VECTOR('',#5166,1.);
#5166 = DIRECTION('',(0.866025403784,-0.5,0.));
#5167 = PCURVE('',#5096,#5168);
#5168 = DEFINITIONAL_REPRESENTATION('',(#5169),#5173);
#5169 = LINE('',#5170,#5171);
#5170 = CARTESIAN_POINT('',(25.5,0.));
#5171 = VECTOR('',#5172,1.);
#5172 = DIRECTION('',(0.,-1.));
#5173 = ( GEOMETRIC_REPRESENTATION_CONTEXT(2) 
PARAMETRIC_REPRESENTATION_CONTEXT() REPRESENTATION_CONTEXT('2D SPACE',''
  ) );
#5174 = PCURVE('',#5070,#5175);
#5175 = DEFINITIONAL_REPRESENTATION('',(#5176),#5180);
#5176 = LINE('',#5177,#5178);
#5177 = CARTESIAN_POINT('',(24.,0.));
#5178 = VECTOR('',#5179,1.);
#5179 = DIRECTION('',(0.,1.));
#5180 = ( GEOMETRIC_REPRESENTATION_CONTEXT(2) 
PARAMETRIC_REPRESENTATION_CONTEXT() REPRESENTATION_CONTEXT('2D SPACE',''
  ) );
#5181 = ADVANCED_FACE('',(#5182),#4988,.F.);
#5182 = FACE_BOUND('',#5183,.F.);
#5183 = EDGE_LOOP('',(#5184,#5205,#5206,#5227));
#5184 = ORIENTED_EDGE('',*,*,#5185,.F.);
#5185 = EDGE_CURVE('',#4966,#5086,#5186,.T.);
#5186 = SURFACE_CURVE('',#5187,(#5191,#5198),.PCURVE_S1.);
#5187 = LINE('',#5188,#5189);
#5188 = CARTESIAN_POINT('',(-16.46141786888,-25.13701211353,174.25));
#5189 = VECTOR('',#5190,1.);
#5190 = DIRECTION('',(-0.5,-0.866025403784,0.));
#5191 = PCURVE('',#4988,#5192);
#5192 = DEFINITIONAL_REPRESENTATION('',(#5193),#5197);
#5193 = LINE('',#5194,#5195);
#5194 = CARTESIAN_POINT('',(0.,0.));
#5195 = VECTOR('',#5196,1.);
#5196 = DIRECTION('',(0.,1.));
#5197 = ( GEOMETRIC_REPRESENTATION_CONTEXT(2) 
PARAMETRIC_REPRESENTATION_CONTEXT() REPRESENTATION_CONTEXT('2D SPACE',''
  ) );
#5198 = PCURVE('',#5016,#5199);
#5199 = DEFINITIONAL_REPRESENTATION('',(#5200),#5204);
#5200 = LINE('',#5201,#5202);
#5201 = CARTESIAN_POINT('',(0.,0.));
#5202 = VECTOR('',#5203,1.);
#5203 = DIRECTION('',(1.,0.));
#5204 = ( GEOMETRIC_REPRESENTATION_CONTEXT(2) 
PARAMETRIC_REPRESENTATION_CONTEXT() REPRESENTATION_CONTEXT('2D SPACE',''
  ) );
#5205 = ORIENTED_EDGE('',*,*,#4965,.T.);
#5206 = ORIENTED_EDGE('',*,*,#5207,.T.);
#5207 = EDGE_CURVE('',#4968,#5088,#5208,.T.);
#5208 = SURFACE_CURVE('',#5209,(#5213,#5220),.PCURVE_S1.);
#5209 = LINE('',#5210,#5211);
#5210 = CARTESIAN_POINT('',(-16.46141786888,-25.13701211353,199.75));
#5211 = VECTOR('',#5212,1.);
#5212 = DIRECTION('',(-0.5,-0.866025403784,0.));
#5213 = PCURVE('',#4988,#5214);
#5214 = DEFINITIONAL_REPRESENTATION('',(#5215),#5219);
#5215 = LINE('',#5216,#5217);
#5216 = CARTESIAN_POINT('',(25.5,0.));
#5217 = VECTOR('',#5218,1.);
#5218 = DIRECTION('',(0.,1.));
#5219 = ( GEOMETRIC_REPRESENTATION_CONTEXT(2) 
PARAMETRIC_REPRESENTATION_CONTEXT() REPRESENTATION_CONTEXT('2D SPACE',''
  ) );
#5220 = PCURVE('',#5070,#5221);
#5221 = DEFINITIONAL_REPRESENTATION('',(#5222),#5226);
#5222 = LINE('',#5223,#5224);
#5223 = CARTESIAN_POINT('',(0.,0.));
#5224 = VECTOR('',#5225,1.);
#5225 = DIRECTION('',(1.,0.));
#5226 = ( GEOMETRIC_REPRESENTATION_CONTEXT(2) 
PARAMETRIC_REPRESENTATION_CONTEXT() REPRESENTATION_CONTEXT('2D SPACE',''
  ) );
#5227 = ORIENTED_EDGE('',*,*,#5085,.F.);
#5228 = ADVANCED_FACE('',(#5229),#5044,.T.);
#5229 = FACE_BOUND('',#5230,.T.);
#5230 = EDGE_LOOP('',(#5231,#5252,#5253,#5274));
#5231 = ORIENTED_EDGE('',*,*,#5232,.F.);
#5232 = EDGE_CURVE('',#5001,#5116,#5233,.T.);
#5233 = SURFACE_CURVE('',#5234,(#5238,#5245),.PCURVE_S1.);
#5234 = LINE('',#5235,#5236);
#5235 = CARTESIAN_POINT('',(-13.53858213111,-26.82451211353,174.25));
#5236 = VECTOR('',#5237,1.);
#5237 = DIRECTION('',(-0.5,-0.866025403784,0.));
#5238 = PCURVE('',#5044,#5239);
#5239 = DEFINITIONAL_REPRESENTATION('',(#5240),#5244);
#5240 = LINE('',#5241,#5242);
#5241 = CARTESIAN_POINT('',(0.,0.));
#5242 = VECTOR('',#5243,1.);
#5243 = DIRECTION('',(0.,1.));
#5244 = ( GEOMETRIC_REPRESENTATION_CONTEXT(2) 
PARAMETRIC_REPRESENTATION_CONTEXT() REPRESENTATION_CONTEXT('2D SPACE',''
  ) );
#5245 = PCURVE('',#5016,#5246);
#5246 = DEFINITIONAL_REPRESENTATION('',(#5247),#5251);
#5247 = LINE('',#5248,#5249);
#5248 = CARTESIAN_POINT('',(-1.7763568394E-15,3.375));
#5249 = VECTOR('',#5250,1.);
#5250 = DIRECTION('',(1.,0.));
#5251 = ( GEOMETRIC_REPRESENTATION_CONTEXT(2) 
PARAMETRIC_REPRESENTATION_CONTEXT() REPRESENTATION_CONTEXT('2D SPACE',''
  ) );
#5252 = ORIENTED_EDGE('',*,*,#5028,.T.);
#5253 = ORIENTED_EDGE('',*,*,#5254,.T.);
#5254 = EDGE_CURVE('',#5029,#5139,#5255,.T.);
#5255 = SURFACE_CURVE('',#5256,(#5260,#5267),.PCURVE_S1.);
#5256 = LINE('',#5257,#5258);
#5257 = CARTESIAN_POINT('',(-13.53858213111,-26.82451211353,199.75));
#5258 = VECTOR('',#5259,1.);
#5259 = DIRECTION('',(-0.5,-0.866025403784,0.));
#5260 = PCURVE('',#5044,#5261);
#5261 = DEFINITIONAL_REPRESENTATION('',(#5262),#5266);
#5262 = LINE('',#5263,#5264);
#5263 = CARTESIAN_POINT('',(25.5,0.));
#5264 = VECTOR('',#5265,1.);
#5265 = DIRECTION('',(0.,1.));
#5266 = ( GEOMETRIC_REPRESENTATION_CONTEXT(2) 
PARAMETRIC_REPRESENTATION_CONTEXT() REPRESENTATION_CONTEXT('2D SPACE',''
  ) );
#5267 = PCURVE('',#5070,#5268);
#5268 = DEFINITIONAL_REPRESENTATION('',(#5269),#5273);
#5269 = LINE('',#5270,#5271);
#5270 = CARTESIAN_POINT('',(-1.7763568394E-15,3.375));
#5271 = VECTOR('',#5272,1.);
#5272 = DIRECTION('',(1.,0.));
#5273 = ( GEOMETRIC_REPRESENTATION_CONTEXT(2) 
PARAMETRIC_REPRESENTATION_CONTEXT() REPRESENTATION_CONTEXT('2D SPACE',''
  ) );
#5274 = ORIENTED_EDGE('',*,*,#5138,.F.);
#5275 = ADVANCED_FACE('',(#5276),#5016,.F.);
#5276 = FACE_BOUND('',#5277,.F.);
#5277 = EDGE_LOOP('',(#5278,#5279,#5280,#5281));
#5278 = ORIENTED_EDGE('',*,*,#5000,.F.);
#5279 = ORIENTED_EDGE('',*,*,#5185,.T.);
#5280 = ORIENTED_EDGE('',*,*,#5115,.T.);
#5281 = ORIENTED_EDGE('',*,*,#5232,.F.);
#5282 = ADVANCED_FACE('',(#5283),#5070,.T.);
#5283 = FACE_BOUND('',#5284,.T.);
#5284 = EDGE_LOOP('',(#5285,#5286,#5287,#5288));
#5285 = ORIENTED_EDGE('',*,*,#5056,.F.);
#5286 = ORIENTED_EDGE('',*,*,#5207,.T.);
#5287 = ORIENTED_EDGE('',*,*,#5161,.T.);
#5288 = ORIENTED_EDGE('',*,*,#5254,.F.);
#5289 = MANIFOLD_SOLID_BREP('',#5290);
#5290 = CLOSED_SHELL('',(#5291,#5411,#5511,#5558,#5605,#5612));
#5291 = ADVANCED_FACE('',(#5292),#5306,.F.);
#5292 = FACE_BOUND('',#5293,.F.);
#5293 = EDGE_LOOP('',(#5294,#5329,#5357,#5385));
#5294 = ORIENTED_EDGE('',*,*,#5295,.F.);
#5295 = EDGE_CURVE('',#5296,#5298,#5300,.T.);
#5296 = VERTEX_POINT('',#5297);
#5297 = CARTESIAN_POINT('',(13.538582131114,-26.82451211353,174.25));
#5298 = VERTEX_POINT('',#5299);
#5299 = CARTESIAN_POINT('',(13.538582131114,-26.82451211353,199.75));
#5300 = SURFACE_CURVE('',#5301,(#5305,#5317),.PCURVE_S1.);
#5301 = LINE('',#5302,#5303);
#5302 = CARTESIAN_POINT('',(13.538582131114,-26.82451211353,174.25));
#5303 = VECTOR('',#5304,1.);
#5304 = DIRECTION('',(0.,0.,1.));
#5305 = PCURVE('',#5306,#5311);
#5306 = PLANE('',#5307);
#5307 = AXIS2_PLACEMENT_3D('',#5308,#5309,#5310);
#5308 = CARTESIAN_POINT('',(13.538582131114,-26.82451211353,174.25));
#5309 = DIRECTION('',(0.5,-0.866025403784,0.));
#5310 = DIRECTION('',(0.,0.,1.));
#5311 = DEFINITIONAL_REPRESENTATION('',(#5312),#5316);
#5312 = LINE('',#5313,#5314);
#5313 = CARTESIAN_POINT('',(0.,0.));
#5314 = VECTOR('',#5315,1.);
#5315 = DIRECTION('',(1.,0.));
#5316 = ( GEOMETRIC_REPRESENTATION_CONTEXT(2) 
PARAMETRIC_REPRESENTATION_CONTEXT() REPRESENTATION_CONTEXT('2D SPACE',''
  ) );
#5317 = PCURVE('',#5318,#5323);
#5318 = PLANE('',#5319);
#5319 = AXIS2_PLACEMENT_3D('',#5320,#5321,#5322);
#5320 = CARTESIAN_POINT('',(13.538582131114,-26.82451211353,174.25));
#5321 = DIRECTION('',(0.866025403784,0.5,0.));
#5322 = DIRECTION('',(0.,0.,1.));
#5323 = DEFINITIONAL_REPRESENTATION('',(#5324),#5328);
#5324 = LINE('',#5325,#5326);
#5325 = CARTESIAN_POINT('',(0.,0.));
#5326 = VECTOR('',#5327,1.);
#5327 = DIRECTION('',(1.,0.));
#5328 = ( GEOMETRIC_REPRESENTATION_CONTEXT(2) 
PARAMETRIC_REPRESENTATION_CONTEXT() REPRESENTATION_CONTEXT('2D SPACE',''
  ) );
#5329 = ORIENTED_EDGE('',*,*,#5330,.T.);
#5330 = EDGE_CURVE('',#5296,#5331,#5333,.T.);
#5331 = VERTEX_POINT('',#5332);
#5332 = CARTESIAN_POINT('',(16.461417868886,-25.13701211353,174.25));
#5333 = SURFACE_CURVE('',#5334,(#5338,#5345),.PCURVE_S1.);
#5334 = LINE('',#5335,#5336);
#5335 = CARTESIAN_POINT('',(13.538582131114,-26.82451211353,174.25));
#5336 = VECTOR('',#5337,1.);
#5337 = DIRECTION('',(0.866025403784,0.5,0.));
#5338 = PCURVE('',#5306,#5339);
#5339 = DEFINITIONAL_REPRESENTATION('',(#5340),#5344);
#5340 = LINE('',#5341,#5342);
#5341 = CARTESIAN_POINT('',(0.,0.));
#5342 = VECTOR('',#5343,1.);
#5343 = DIRECTION('',(0.,-1.));
#5344 = ( GEOMETRIC_REPRESENTATION_CONTEXT(2) 
PARAMETRIC_REPRESENTATION_CONTEXT() REPRESENTATION_CONTEXT('2D SPACE',''
  ) );
#5345 = PCURVE('',#5346,#5351);
#5346 = PLANE('',#5347);
#5347 = AXIS2_PLACEMENT_3D('',#5348,#5349,#5350);
#5348 = CARTESIAN_POINT('',(13.538582131114,-26.82451211353,174.25));
#5349 = DIRECTION('',(0.,0.,1.));
#5350 = DIRECTION('',(0.5,-0.866025403784,0.));
#5351 = DEFINITIONAL_REPRESENTATION('',(#5352),#5356);
#5352 = LINE('',#5353,#5354);
#5353 = CARTESIAN_POINT('',(0.,0.));
#5354 = VECTOR('',#5355,1.);
#5355 = DIRECTION('',(0.,1.));
#5356 = ( GEOMETRIC_REPRESENTATION_CONTEXT(2) 
PARAMETRIC_REPRESENTATION_CONTEXT() REPRESENTATION_CONTEXT('2D SPACE',''
  ) );
#5357 = ORIENTED_EDGE('',*,*,#5358,.T.);
#5358 = EDGE_CURVE('',#5331,#5359,#5361,.T.);
#5359 = VERTEX_POINT('',#5360);
#5360 = CARTESIAN_POINT('',(16.461417868886,-25.13701211353,199.75));
#5361 = SURFACE_CURVE('',#5362,(#5366,#5373),.PCURVE_S1.);
#5362 = LINE('',#5363,#5364);
#5363 = CARTESIAN_POINT('',(16.461417868886,-25.13701211353,174.25));
#5364 = VECTOR('',#5365,1.);
#5365 = DIRECTION('',(0.,0.,1.));
#5366 = PCURVE('',#5306,#5367);
#5367 = DEFINITIONAL_REPRESENTATION('',(#5368),#5372);
#5368 = LINE('',#5369,#5370);
#5369 = CARTESIAN_POINT('',(0.,-3.375));
#5370 = VECTOR('',#5371,1.);
#5371 = DIRECTION('',(1.,0.));
#5372 = ( GEOMETRIC_REPRESENTATION_CONTEXT(2) 
PARAMETRIC_REPRESENTATION_CONTEXT() REPRESENTATION_CONTEXT('2D SPACE',''
  ) );
#5373 = PCURVE('',#5374,#5379);
#5374 = PLANE('',#5375);
#5375 = AXIS2_PLACEMENT_3D('',#5376,#5377,#5378);
#5376 = CARTESIAN_POINT('',(16.461417868886,-25.13701211353,174.25));
#5377 = DIRECTION('',(0.866025403784,0.5,0.));
#5378 = DIRECTION('',(0.,0.,1.));
#5379 = DEFINITIONAL_REPRESENTATION('',(#5380),#5384);
#5380 = LINE('',#5381,#5382);
#5381 = CARTESIAN_POINT('',(0.,0.));
#5382 = VECTOR('',#5383,1.);
#5383 = DIRECTION('',(1.,0.));
#5384 = ( GEOMETRIC_REPRESENTATION_CONTEXT(2) 
PARAMETRIC_REPRESENTATION_CONTEXT() REPRESENTATION_CONTEXT('2D SPACE',''
  ) );
#5385 = ORIENTED_EDGE('',*,*,#5386,.F.);
#5386 = EDGE_CURVE('',#5298,#5359,#5387,.T.);
#5387 = SURFACE_CURVE('',#5388,(#5392,#5399),.PCURVE_S1.);
#5388 = LINE('',#5389,#5390);
#5389 = CARTESIAN_POINT('',(13.538582131114,-26.82451211353,199.75));
#5390 = VECTOR('',#5391,1.);
#5391 = DIRECTION('',(0.866025403784,0.5,0.));
#5392 = PCURVE('',#5306,#5393);
#5393 = DEFINITIONAL_REPRESENTATION('',(#5394),#5398);
#5394 = LINE('',#5395,#5396);
#5395 = CARTESIAN_POINT('',(25.5,0.));
#5396 = VECTOR('',#5397,1.);
#5397 = DIRECTION('',(0.,-1.));
#5398 = ( GEOMETRIC_REPRESENTATION_CONTEXT(2) 
PARAMETRIC_REPRESENTATION_CONTEXT() REPRESENTATION_CONTEXT('2D SPACE',''
  ) );
#5399 = PCURVE('',#5400,#5405);
#5400 = PLANE('',#5401);
#5401 = AXIS2_PLACEMENT_3D('',#5402,#5403,#5404);
#5402 = CARTESIAN_POINT('',(13.538582131114,-26.82451211353,199.75));
#5403 = DIRECTION('',(0.,0.,1.));
#5404 = DIRECTION('',(0.5,-0.866025403784,0.));
#5405 = DEFINITIONAL_REPRESENTATION('',(#5406),#5410);
#5406 = LINE('',#5407,#5408);
#5407 = CARTESIAN_POINT('',(0.,0.));
#5408 = VECTOR('',#5409,1.);
#5409 = DIRECTION('',(0.,1.));
#5410 = ( GEOMETRIC_REPRESENTATION_CONTEXT(2) 
PARAMETRIC_REPRESENTATION_CONTEXT() REPRESENTATION_CONTEXT('2D SPACE',''
  ) );
#5411 = ADVANCED_FACE('',(#5412),#5426,.T.);
#5412 = FACE_BOUND('',#5413,.T.);
#5413 = EDGE_LOOP('',(#5414,#5444,#5467,#5490));
#5414 = ORIENTED_EDGE('',*,*,#5415,.F.);
#5415 = EDGE_CURVE('',#5416,#5418,#5420,.T.);
#5416 = VERTEX_POINT('',#5417);
#5417 = CARTESIAN_POINT('',(25.538582131114,-47.60912180436,174.25));
#5418 = VERTEX_POINT('',#5419);
#5419 = CARTESIAN_POINT('',(25.538582131114,-47.60912180436,199.75));
#5420 = SURFACE_CURVE('',#5421,(#5425,#5437),.PCURVE_S1.);
#5421 = LINE('',#5422,#5423);
#5422 = CARTESIAN_POINT('',(25.538582131114,-47.60912180436,174.25));
#5423 = VECTOR('',#5424,1.);
#5424 = DIRECTION('',(0.,0.,1.));
#5425 = PCURVE('',#5426,#5431);
#5426 = PLANE('',#5427);
#5427 = AXIS2_PLACEMENT_3D('',#5428,#5429,#5430);
#5428 = CARTESIAN_POINT('',(25.538582131114,-47.60912180436,174.25));
#5429 = DIRECTION('',(0.5,-0.866025403784,0.));
#5430 = DIRECTION('',(0.,0.,1.));
#5431 = DEFINITIONAL_REPRESENTATION('',(#5432),#5436);
#5432 = LINE('',#5433,#5434);
#5433 = CARTESIAN_POINT('',(0.,0.));
#5434 = VECTOR('',#5435,1.);
#5435 = DIRECTION('',(1.,0.));
#5436 = ( GEOMETRIC_REPRESENTATION_CONTEXT(2) 
PARAMETRIC_REPRESENTATION_CONTEXT() REPRESENTATION_CONTEXT('2D SPACE',''
  ) );
#5437 = PCURVE('',#5318,#5438);
#5438 = DEFINITIONAL_REPRESENTATION('',(#5439),#5443);
#5439 = LINE('',#5440,#5441);
#5440 = CARTESIAN_POINT('',(0.,24.));
#5441 = VECTOR('',#5442,1.);
#5442 = DIRECTION('',(1.,0.));
#5443 = ( GEOMETRIC_REPRESENTATION_CONTEXT(2) 
PARAMETRIC_REPRESENTATION_CONTEXT() REPRESENTATION_CONTEXT('2D SPACE',''
  ) );
#5444 = ORIENTED_EDGE('',*,*,#5445,.T.);
#5445 = EDGE_CURVE('',#5416,#5446,#5448,.T.);
#5446 = VERTEX_POINT('',#5447);
#5447 = CARTESIAN_POINT('',(28.461417868886,-45.92162180436,174.25));
#5448 = SURFACE_CURVE('',#5449,(#5453,#5460),.PCURVE_S1.);
#5449 = LINE('',#5450,#5451);
#5450 = CARTESIAN_POINT('',(25.538582131114,-47.60912180436,174.25));
#5451 = VECTOR('',#5452,1.);
#5452 = DIRECTION('',(0.866025403784,0.5,0.));
#5453 = PCURVE('',#5426,#5454);
#5454 = DEFINITIONAL_REPRESENTATION('',(#5455),#5459);
#5455 = LINE('',#5456,#5457);
#5456 = CARTESIAN_POINT('',(0.,0.));
#5457 = VECTOR('',#5458,1.);
#5458 = DIRECTION('',(0.,-1.));
#5459 = ( GEOMETRIC_REPRESENTATION_CONTEXT(2) 
PARAMETRIC_REPRESENTATION_CONTEXT() REPRESENTATION_CONTEXT('2D SPACE',''
  ) );
#5460 = PCURVE('',#5346,#5461);
#5461 = DEFINITIONAL_REPRESENTATION('',(#5462),#5466);
#5462 = LINE('',#5463,#5464);
#5463 = CARTESIAN_POINT('',(24.,1.7763568394E-15));
#5464 = VECTOR('',#5465,1.);
#5465 = DIRECTION('',(0.,1.));
#5466 = ( GEOMETRIC_REPRESENTATION_CONTEXT(2) 
PARAMETRIC_REPRESENTATION_CONTEXT() REPRESENTATION_CONTEXT('2D SPACE',''
  ) );
#5467 = ORIENTED_EDGE('',*,*,#5468,.T.);
#5468 = EDGE_CURVE('',#5446,#5469,#5471,.T.);
#5469 = VERTEX_POINT('',#5470);
#5470 = CARTESIAN_POINT('',(28.461417868886,-45.92162180436,199.75));
#5471 = SURFACE_CURVE('',#5472,(#5476,#5483),.PCURVE_S1.);
#5472 = LINE('',#5473,#5474);
#5473 = CARTESIAN_POINT('',(28.461417868886,-45.92162180436,174.25));
#5474 = VECTOR('',#5475,1.);
#5475 = DIRECTION('',(0.,0.,1.));
#5476 = PCURVE('',#5426,#5477);
#5477 = DEFINITIONAL_REPRESENTATION('',(#5478),#5482);
#5478 = LINE('',#5479,#5480);
#5479 = CARTESIAN_POINT('',(0.,-3.375));
#5480 = VECTOR('',#5481,1.);
#5481 = DIRECTION('',(1.,0.));
#5482 = ( GEOMETRIC_REPRESENTATION_CONTEXT(2) 
PARAMETRIC_REPRESENTATION_CONTEXT() REPRESENTATION_CONTEXT('2D SPACE',''
  ) );
#5483 = PCURVE('',#5374,#5484);
#5484 = DEFINITIONAL_REPRESENTATION('',(#5485),#5489);
#5485 = LINE('',#5486,#5487);
#5486 = CARTESIAN_POINT('',(0.,24.));
#5487 = VECTOR('',#5488,1.);
#5488 = DIRECTION('',(1.,0.));
#5489 = ( GEOMETRIC_REPRESENTATION_CONTEXT(2) 
PARAMETRIC_REPRESENTATION_CONTEXT() REPRESENTATION_CONTEXT('2D SPACE',''
  ) );
#5490 = ORIENTED_EDGE('',*,*,#5491,.F.);
#5491 = EDGE_CURVE('',#5418,#5469,#5492,.T.);
#5492 = SURFACE_CURVE('',#5493,(#5497,#5504),.PCURVE_S1.);
#5493 = LINE('',#5494,#5495);
#5494 = CARTESIAN_POINT('',(25.538582131114,-47.60912180436,199.75));
#5495 = VECTOR('',#5496,1.);
#5496 = DIRECTION('',(0.866025403784,0.5,0.));
#5497 = PCURVE('',#5426,#5498);
#5498 = DEFINITIONAL_REPRESENTATION('',(#5499),#5503);
#5499 = LINE('',#5500,#5501);
#5500 = CARTESIAN_POINT('',(25.5,0.));
#5501 = VECTOR('',#5502,1.);
#5502 = DIRECTION('',(0.,-1.));
#5503 = ( GEOMETRIC_REPRESENTATION_CONTEXT(2) 
PARAMETRIC_REPRESENTATION_CONTEXT() REPRESENTATION_CONTEXT('2D SPACE',''
  ) );
#5504 = PCURVE('',#5400,#5505);
#5505 = DEFINITIONAL_REPRESENTATION('',(#5506),#5510);
#5506 = LINE('',#5507,#5508);
#5507 = CARTESIAN_POINT('',(24.,1.7763568394E-15));
#5508 = VECTOR('',#5509,1.);
#5509 = DIRECTION('',(0.,1.));
#5510 = ( GEOMETRIC_REPRESENTATION_CONTEXT(2) 
PARAMETRIC_REPRESENTATION_CONTEXT() REPRESENTATION_CONTEXT('2D SPACE',''
  ) );
#5511 = ADVANCED_FACE('',(#5512),#5318,.F.);
#5512 = FACE_BOUND('',#5513,.F.);
#5513 = EDGE_LOOP('',(#5514,#5535,#5536,#5557));
#5514 = ORIENTED_EDGE('',*,*,#5515,.F.);
#5515 = EDGE_CURVE('',#5296,#5416,#5516,.T.);
#5516 = SURFACE_CURVE('',#5517,(#5521,#5528),.PCURVE_S1.);
#5517 = LINE('',#5518,#5519);
#5518 = CARTESIAN_POINT('',(13.538582131114,-26.82451211353,174.25));
#5519 = VECTOR('',#5520,1.);
#5520 = DIRECTION('',(0.5,-0.866025403784,0.));
#5521 = PCURVE('',#5318,#5522);
#5522 = DEFINITIONAL_REPRESENTATION('',(#5523),#5527);
#5523 = LINE('',#5524,#5525);
#5524 = CARTESIAN_POINT('',(0.,0.));
#5525 = VECTOR('',#5526,1.);
#5526 = DIRECTION('',(0.,1.));
#5527 = ( GEOMETRIC_REPRESENTATION_CONTEXT(2) 
PARAMETRIC_REPRESENTATION_CONTEXT() REPRESENTATION_CONTEXT('2D SPACE',''
  ) );
#5528 = PCURVE('',#5346,#5529);
#5529 = DEFINITIONAL_REPRESENTATION('',(#5530),#5534);
#5530 = LINE('',#5531,#5532);
#5531 = CARTESIAN_POINT('',(0.,0.));
#5532 = VECTOR('',#5533,1.);
#5533 = DIRECTION('',(1.,0.));
#5534 = ( GEOMETRIC_REPRESENTATION_CONTEXT(2) 
PARAMETRIC_REPRESENTATION_CONTEXT() REPRESENTATION_CONTEXT('2D SPACE',''
  ) );
#5535 = ORIENTED_EDGE('',*,*,#5295,.T.);
#5536 = ORIENTED_EDGE('',*,*,#5537,.T.);
#5537 = EDGE_CURVE('',#5298,#5418,#5538,.T.);
#5538 = SURFACE_CURVE('',#5539,(#5543,#5550),.PCURVE_S1.);
#5539 = LINE('',#5540,#5541);
#5540 = CARTESIAN_POINT('',(13.538582131114,-26.82451211353,199.75));
#5541 = VECTOR('',#5542,1.);
#5542 = DIRECTION('',(0.5,-0.866025403784,0.));
#5543 = PCURVE('',#5318,#5544);
#5544 = DEFINITIONAL_REPRESENTATION('',(#5545),#5549);
#5545 = LINE('',#5546,#5547);
#5546 = CARTESIAN_POINT('',(25.5,0.));
#5547 = VECTOR('',#5548,1.);
#5548 = DIRECTION('',(0.,1.));
#5549 = ( GEOMETRIC_REPRESENTATION_CONTEXT(2) 
PARAMETRIC_REPRESENTATION_CONTEXT() REPRESENTATION_CONTEXT('2D SPACE',''
  ) );
#5550 = PCURVE('',#5400,#5551);
#5551 = DEFINITIONAL_REPRESENTATION('',(#5552),#5556);
#5552 = LINE('',#5553,#5554);
#5553 = CARTESIAN_POINT('',(0.,0.));
#5554 = VECTOR('',#5555,1.);
#5555 = DIRECTION('',(1.,0.));
#5556 = ( GEOMETRIC_REPRESENTATION_CONTEXT(2) 
PARAMETRIC_REPRESENTATION_CONTEXT() REPRESENTATION_CONTEXT('2D SPACE',''
  ) );
#5557 = ORIENTED_EDGE('',*,*,#5415,.F.);
#5558 = ADVANCED_FACE('',(#5559),#5374,.T.);
#5559 = FACE_BOUND('',#5560,.T.);
#5560 = EDGE_LOOP('',(#5561,#5582,#5583,#5604));
#5561 = ORIENTED_EDGE('',*,*,#5562,.F.);
#5562 = EDGE_CURVE('',#5331,#5446,#5563,.T.);
#5563 = SURFACE_CURVE('',#5564,(#5568,#5575),.PCURVE_S1.);
#5564 = LINE('',#5565,#5566);
#5565 = CARTESIAN_POINT('',(16.461417868886,-25.13701211353,174.25));
#5566 = VECTOR('',#5567,1.);
#5567 = DIRECTION('',(0.5,-0.866025403784,0.));
#5568 = PCURVE('',#5374,#5569);
#5569 = DEFINITIONAL_REPRESENTATION('',(#5570),#5574);
#5570 = LINE('',#5571,#5572);
#5571 = CARTESIAN_POINT('',(0.,0.));
#5572 = VECTOR('',#5573,1.);
#5573 = DIRECTION('',(0.,1.));
#5574 = ( GEOMETRIC_REPRESENTATION_CONTEXT(2) 
PARAMETRIC_REPRESENTATION_CONTEXT() REPRESENTATION_CONTEXT('2D SPACE',''
  ) );
#5575 = PCURVE('',#5346,#5576);
#5576 = DEFINITIONAL_REPRESENTATION('',(#5577),#5581);
#5577 = LINE('',#5578,#5579);
#5578 = CARTESIAN_POINT('',(4.440892098501E-16,3.375));
#5579 = VECTOR('',#5580,1.);
#5580 = DIRECTION('',(1.,0.));
#5581 = ( GEOMETRIC_REPRESENTATION_CONTEXT(2) 
PARAMETRIC_REPRESENTATION_CONTEXT() REPRESENTATION_CONTEXT('2D SPACE',''
  ) );
#5582 = ORIENTED_EDGE('',*,*,#5358,.T.);
#5583 = ORIENTED_EDGE('',*,*,#5584,.T.);
#5584 = EDGE_CURVE('',#5359,#5469,#5585,.T.);
#5585 = SURFACE_CURVE('',#5586,(#5590,#5597),.PCURVE_S1.);
#5586 = LINE('',#5587,#5588);
#5587 = CARTESIAN_POINT('',(16.461417868886,-25.13701211353,199.75));
#5588 = VECTOR('',#5589,1.);
#5589 = DIRECTION('',(0.5,-0.866025403784,0.));
#5590 = PCURVE('',#5374,#5591);
#5591 = DEFINITIONAL_REPRESENTATION('',(#5592),#5596);
#5592 = LINE('',#5593,#5594);
#5593 = CARTESIAN_POINT('',(25.5,0.));
#5594 = VECTOR('',#5595,1.);
#5595 = DIRECTION('',(0.,1.));
#5596 = ( GEOMETRIC_REPRESENTATION_CONTEXT(2) 
PARAMETRIC_REPRESENTATION_CONTEXT() REPRESENTATION_CONTEXT('2D SPACE',''
  ) );
#5597 = PCURVE('',#5400,#5598);
#5598 = DEFINITIONAL_REPRESENTATION('',(#5599),#5603);
#5599 = LINE('',#5600,#5601);
#5600 = CARTESIAN_POINT('',(4.440892098501E-16,3.375));
#5601 = VECTOR('',#5602,1.);
#5602 = DIRECTION('',(1.,0.));
#5603 = ( GEOMETRIC_REPRESENTATION_CONTEXT(2) 
PARAMETRIC_REPRESENTATION_CONTEXT() REPRESENTATION_CONTEXT('2D SPACE',''
  ) );
#5604 = ORIENTED_EDGE('',*,*,#5468,.F.);
#5605 = ADVANCED_FACE('',(#5606),#5346,.F.);
#5606 = FACE_BOUND('',#5607,.F.);
#5607 = EDGE_LOOP('',(#5608,#5609,#5610,#5611));
#5608 = ORIENTED_EDGE('',*,*,#5330,.F.);
#5609 = ORIENTED_EDGE('',*,*,#5515,.T.);
#5610 = ORIENTED_EDGE('',*,*,#5445,.T.);
#5611 = ORIENTED_EDGE('',*,*,#5562,.F.);
#5612 = ADVANCED_FACE('',(#5613),#5400,.T.);
#5613 = FACE_BOUND('',#5614,.T.);
#5614 = EDGE_LOOP('',(#5615,#5616,#5617,#5618));
#5615 = ORIENTED_EDGE('',*,*,#5386,.F.);
#5616 = ORIENTED_EDGE('',*,*,#5537,.T.);
#5617 = ORIENTED_EDGE('',*,*,#5491,.T.);
#5618 = ORIENTED_EDGE('',*,*,#5584,.F.);
#5619 = ( GEOMETRIC_REPRESENTATION_CONTEXT(3) 
GLOBAL_UNCERTAINTY_ASSIGNED_CONTEXT((#5623)) 
GLOBAL_UNIT_ASSIGNED_CONTEXT((#5620,#5621,#5622)) REPRESENTATION_CONTEXT
('Context #1','3D Context with UNIT and UNCERTAINTY') );
#5620 = ( LENGTH_UNIT() NAMED_UNIT(*) SI_UNIT(.MILLI.,.METRE.) );
#5621 = ( NAMED_UNIT(*) PLANE_ANGLE_UNIT() SI_UNIT($,.RADIAN.) );
#5622 = ( NAMED_UNIT(*) SI_UNIT($,.STERADIAN.) SOLID_ANGLE_UNIT() );
#5623 = UNCERTAINTY_MEASURE_WITH_UNIT(LENGTH_MEASURE(1.E-07),#5620,
  'distance_accuracy_value','confusion accuracy');
#5624 = CONTEXT_DEPENDENT_SHAPE_REPRESENTATION(#5625,#5627);
#5625 = ( REPRESENTATION_RELATIONSHIP('','',#3540,#10) 
REPRESENTATION_RELATIONSHIP_WITH_TRANSFORMATION(#5626) 
SHAPE_REPRESENTATION_RELATIONSHIP() );
#5626 = ITEM_DEFINED_TRANSFORMATION('','',#11,#35);
#5627 = PRODUCT_DEFINITION_SHAPE('Placement','Placement of an item',
  #5628);
#5628 = NEXT_ASSEMBLY_USAGE_OCCURRENCE('6','Impeller_Upper','',#5,#3535,
  $);
#5629 = PRODUCT_RELATED_PRODUCT_CATEGORY('part',$,(#3537));
#5630 = SHAPE_DEFINITION_REPRESENTATION(#5631,#5637);
#5631 = PRODUCT_DEFINITION_SHAPE('','',#5632);
#5632 = PRODUCT_DEFINITION('design','',#5633,#5636);
#5633 = PRODUCT_DEFINITION_FORMATION('','',#5634);
#5634 = PRODUCT('Baffle_1','Baffle_1','',(#5635));
#5635 = PRODUCT_CONTEXT('',#2,'mechanical');
#5636 = PRODUCT_DEFINITION_CONTEXT('part definition',#2,'design');
#5637 = ADVANCED_BREP_SHAPE_REPRESENTATION('',(#11,#5638),#5968);
#5638 = MANIFOLD_SOLID_BREP('',#5639);
#5639 = CLOSED_SHELL('',(#5640,#5760,#5860,#5907,#5954,#5961));
#5640 = ADVANCED_FACE('',(#5641),#5655,.F.);
#5641 = FACE_BOUND('',#5642,.F.);
#5642 = EDGE_LOOP('',(#5643,#5678,#5706,#5734));
#5643 = ORIENTED_EDGE('',*,*,#5644,.F.);
#5644 = EDGE_CURVE('',#5645,#5647,#5649,.T.);
#5645 = VERTEX_POINT('',#5646);
#5646 = CARTESIAN_POINT('',(70.009228191718,67.474957487945,5.34));
#5647 = VERTEX_POINT('',#5648);
#5648 = CARTESIAN_POINT('',(70.009228191718,67.474957487945,261.66));
#5649 = SURFACE_CURVE('',#5650,(#5654,#5666),.PCURVE_S1.);
#5650 = LINE('',#5651,#5652);
#5651 = CARTESIAN_POINT('',(70.009228191718,67.474957487945,5.34));
#5652 = VECTOR('',#5653,1.);
#5653 = DIRECTION('',(0.,0.,1.));
#5654 = PCURVE('',#5655,#5660);
#5655 = PLANE('',#5656);
#5656 = AXIS2_PLACEMENT_3D('',#5657,#5658,#5659);
#5657 = CARTESIAN_POINT('',(70.009228191718,67.474957487945,5.34));
#5658 = DIRECTION('',(0.707106781187,0.707106781187,0.));
#5659 = DIRECTION('',(0.,0.,1.));
#5660 = DEFINITIONAL_REPRESENTATION('',(#5661),#5665);
#5661 = LINE('',#5662,#5663);
#5662 = CARTESIAN_POINT('',(0.,0.));
#5663 = VECTOR('',#5664,1.);
#5664 = DIRECTION('',(1.,0.));
#5665 = ( GEOMETRIC_REPRESENTATION_CONTEXT(2) 
PARAMETRIC_REPRESENTATION_CONTEXT() REPRESENTATION_CONTEXT('2D SPACE',''
  ) );
#5666 = PCURVE('',#5667,#5672);
#5667 = PLANE('',#5668);
#5668 = AXIS2_PLACEMENT_3D('',#5669,#5670,#5671);
#5669 = CARTESIAN_POINT('',(70.009228191718,67.474957487945,5.34));
#5670 = DIRECTION('',(-0.707106781187,0.707106781187,0.));
#5671 = DIRECTION('',(0.,0.,1.));
#5672 = DEFINITIONAL_REPRESENTATION('',(#5673),#5677);
#5673 = LINE('',#5674,#5675);
#5674 = CARTESIAN_POINT('',(0.,0.));
#5675 = VECTOR('',#5676,1.);
#5676 = DIRECTION('',(1.,0.));
#5677 = ( GEOMETRIC_REPRESENTATION_CONTEXT(2) 
PARAMETRIC_REPRESENTATION_CONTEXT() REPRESENTATION_CONTEXT('2D SPACE',''
  ) );
#5678 = ORIENTED_EDGE('',*,*,#5679,.T.);
#5679 = EDGE_CURVE('',#5645,#5680,#5682,.T.);
#5680 = VERTEX_POINT('',#5681);
#5681 = CARTESIAN_POINT('',(67.474957487945,70.009228191718,5.34));
#5682 = SURFACE_CURVE('',#5683,(#5687,#5694),.PCURVE_S1.);
#5683 = LINE('',#5684,#5685);
#5684 = CARTESIAN_POINT('',(70.009228191718,67.474957487945,5.34));
#5685 = VECTOR('',#5686,1.);
#5686 = DIRECTION('',(-0.707106781187,0.707106781187,0.));
#5687 = PCURVE('',#5655,#5688);
#5688 = DEFINITIONAL_REPRESENTATION('',(#5689),#5693);
#5689 = LINE('',#5690,#5691);
#5690 = CARTESIAN_POINT('',(0.,0.));
#5691 = VECTOR('',#5692,1.);
#5692 = DIRECTION('',(0.,-1.));
#5693 = ( GEOMETRIC_REPRESENTATION_CONTEXT(2) 
PARAMETRIC_REPRESENTATION_CONTEXT() REPRESENTATION_CONTEXT('2D SPACE',''
  ) );
#5694 = PCURVE('',#5695,#5700);
#5695 = PLANE('',#5696);
#5696 = AXIS2_PLACEMENT_3D('',#5697,#5698,#5699);
#5697 = CARTESIAN_POINT('',(70.009228191718,67.474957487945,5.34));
#5698 = DIRECTION('',(0.,0.,1.));
#5699 = DIRECTION('',(0.707106781187,0.707106781187,0.));
#5700 = DEFINITIONAL_REPRESENTATION('',(#5701),#5705);
#5701 = LINE('',#5702,#5703);
#5702 = CARTESIAN_POINT('',(0.,0.));
#5703 = VECTOR('',#5704,1.);
#5704 = DIRECTION('',(0.,1.));
#5705 = ( GEOMETRIC_REPRESENTATION_CONTEXT(2) 
PARAMETRIC_REPRESENTATION_CONTEXT() REPRESENTATION_CONTEXT('2D SPACE',''
  ) );
#5706 = ORIENTED_EDGE('',*,*,#5707,.T.);
#5707 = EDGE_CURVE('',#5680,#5708,#5710,.T.);
#5708 = VERTEX_POINT('',#5709);
#5709 = CARTESIAN_POINT('',(67.474957487945,70.009228191718,261.66));
#5710 = SURFACE_CURVE('',#5711,(#5715,#5722),.PCURVE_S1.);
#5711 = LINE('',#5712,#5713);
#5712 = CARTESIAN_POINT('',(67.474957487945,70.009228191718,5.34));
#5713 = VECTOR('',#5714,1.);
#5714 = DIRECTION('',(0.,0.,1.));
#5715 = PCURVE('',#5655,#5716);
#5716 = DEFINITIONAL_REPRESENTATION('',(#5717),#5721);
#5717 = LINE('',#5718,#5719);
#5718 = CARTESIAN_POINT('',(0.,-3.584));
#5719 = VECTOR('',#5720,1.);
#5720 = DIRECTION('',(1.,0.));
#5721 = ( GEOMETRIC_REPRESENTATION_CONTEXT(2) 
PARAMETRIC_REPRESENTATION_CONTEXT() REPRESENTATION_CONTEXT('2D SPACE',''
  ) );
#5722 = PCURVE('',#5723,#5728);
#5723 = PLANE('',#5724);
#5724 = AXIS2_PLACEMENT_3D('',#5725,#5726,#5727);
#5725 = CARTESIAN_POINT('',(67.474957487945,70.009228191718,5.34));
#5726 = DIRECTION('',(-0.707106781187,0.707106781187,0.));
#5727 = DIRECTION('',(0.,0.,1.));
#5728 = DEFINITIONAL_REPRESENTATION('',(#5729),#5733);
#5729 = LINE('',#5730,#5731);
#5730 = CARTESIAN_POINT('',(0.,0.));
#5731 = VECTOR('',#5732,1.);
#5732 = DIRECTION('',(1.,0.));
#5733 = ( GEOMETRIC_REPRESENTATION_CONTEXT(2) 
PARAMETRIC_REPRESENTATION_CONTEXT() REPRESENTATION_CONTEXT('2D SPACE',''
  ) );
#5734 = ORIENTED_EDGE('',*,*,#5735,.F.);
#5735 = EDGE_CURVE('',#5647,#5708,#5736,.T.);
#5736 = SURFACE_CURVE('',#5737,(#5741,#5748),.PCURVE_S1.);
#5737 = LINE('',#5738,#5739);
#5738 = CARTESIAN_POINT('',(70.009228191718,67.474957487945,261.66));
#5739 = VECTOR('',#5740,1.);
#5740 = DIRECTION('',(-0.707106781187,0.707106781187,0.));
#5741 = PCURVE('',#5655,#5742);
#5742 = DEFINITIONAL_REPRESENTATION('',(#5743),#5747);
#5743 = LINE('',#5744,#5745);
#5744 = CARTESIAN_POINT('',(256.32,0.));
#5745 = VECTOR('',#5746,1.);
#5746 = DIRECTION('',(0.,-1.));
#5747 = ( GEOMETRIC_REPRESENTATION_CONTEXT(2) 
PARAMETRIC_REPRESENTATION_CONTEXT() REPRESENTATION_CONTEXT('2D SPACE',''
  ) );
#5748 = PCURVE('',#5749,#5754);
#5749 = PLANE('',#5750);
#5750 = AXIS2_PLACEMENT_3D('',#5751,#5752,#5753);
#5751 = CARTESIAN_POINT('',(70.009228191718,67.474957487945,261.66));
#5752 = DIRECTION('',(0.,0.,1.));
#5753 = DIRECTION('',(0.707106781187,0.707106781187,0.));
#5754 = DEFINITIONAL_REPRESENTATION('',(#5755),#5759);
#5755 = LINE('',#5756,#5757);
#5756 = CARTESIAN_POINT('',(0.,0.));
#5757 = VECTOR('',#5758,1.);
#5758 = DIRECTION('',(0.,1.));
#5759 = ( GEOMETRIC_REPRESENTATION_CONTEXT(2) 
PARAMETRIC_REPRESENTATION_CONTEXT() REPRESENTATION_CONTEXT('2D SPACE',''
  ) );
#5760 = ADVANCED_FACE('',(#5761),#5775,.T.);
#5761 = FACE_BOUND('',#5762,.T.);
#5762 = EDGE_LOOP('',(#5763,#5793,#5816,#5839));
#5763 = ORIENTED_EDGE('',*,*,#5764,.F.);
#5764 = EDGE_CURVE('',#5765,#5767,#5769,.T.);
#5765 = VERTEX_POINT('',#5766);
#5766 = CARTESIAN_POINT('',(85.848420090296,83.314149386524,5.34));
#5767 = VERTEX_POINT('',#5768);
#5768 = CARTESIAN_POINT('',(85.848420090296,83.314149386524,261.66));
#5769 = SURFACE_CURVE('',#5770,(#5774,#5786),.PCURVE_S1.);
#5770 = LINE('',#5771,#5772);
#5771 = CARTESIAN_POINT('',(85.848420090296,83.314149386524,5.34));
#5772 = VECTOR('',#5773,1.);
#5773 = DIRECTION('',(0.,0.,1.));
#5774 = PCURVE('',#5775,#5780);
#5775 = PLANE('',#5776);
#5776 = AXIS2_PLACEMENT_3D('',#5777,#5778,#5779);
#5777 = CARTESIAN_POINT('',(85.848420090296,83.314149386524,5.34));
#5778 = DIRECTION('',(0.707106781187,0.707106781187,0.));
#5779 = DIRECTION('',(0.,0.,1.));
#5780 = DEFINITIONAL_REPRESENTATION('',(#5781),#5785);
#5781 = LINE('',#5782,#5783);
#5782 = CARTESIAN_POINT('',(0.,0.));
#5783 = VECTOR('',#5784,1.);
#5784 = DIRECTION('',(1.,0.));
#5785 = ( GEOMETRIC_REPRESENTATION_CONTEXT(2) 
PARAMETRIC_REPRESENTATION_CONTEXT() REPRESENTATION_CONTEXT('2D SPACE',''
  ) );
#5786 = PCURVE('',#5667,#5787);
#5787 = DEFINITIONAL_REPRESENTATION('',(#5788),#5792);
#5788 = LINE('',#5789,#5790);
#5789 = CARTESIAN_POINT('',(0.,22.4));
#5790 = VECTOR('',#5791,1.);
#5791 = DIRECTION('',(1.,0.));
#5792 = ( GEOMETRIC_REPRESENTATION_CONTEXT(2) 
PARAMETRIC_REPRESENTATION_CONTEXT() REPRESENTATION_CONTEXT('2D SPACE',''
  ) );
#5793 = ORIENTED_EDGE('',*,*,#5794,.T.);
#5794 = EDGE_CURVE('',#5765,#5795,#5797,.T.);
#5795 = VERTEX_POINT('',#5796);
#5796 = CARTESIAN_POINT('',(83.314149386524,85.848420090296,5.34));
#5797 = SURFACE_CURVE('',#5798,(#5802,#5809),.PCURVE_S1.);
#5798 = LINE('',#5799,#5800);
#5799 = CARTESIAN_POINT('',(85.848420090296,83.314149386524,5.34));
#5800 = VECTOR('',#5801,1.);
#5801 = DIRECTION('',(-0.707106781187,0.707106781187,0.));
#5802 = PCURVE('',#5775,#5803);
#5803 = DEFINITIONAL_REPRESENTATION('',(#5804),#5808);
#5804 = LINE('',#5805,#5806);
#5805 = CARTESIAN_POINT('',(0.,0.));
#5806 = VECTOR('',#5807,1.);
#5807 = DIRECTION('',(0.,-1.));
#5808 = ( GEOMETRIC_REPRESENTATION_CONTEXT(2) 
PARAMETRIC_REPRESENTATION_CONTEXT() REPRESENTATION_CONTEXT('2D SPACE',''
  ) );
#5809 = PCURVE('',#5695,#5810);
#5810 = DEFINITIONAL_REPRESENTATION('',(#5811),#5815);
#5811 = LINE('',#5812,#5813);
#5812 = CARTESIAN_POINT('',(22.4,-7.105427357601E-15));
#5813 = VECTOR('',#5814,1.);
#5814 = DIRECTION('',(0.,1.));
#5815 = ( GEOMETRIC_REPRESENTATION_CONTEXT(2) 
PARAMETRIC_REPRESENTATION_CONTEXT() REPRESENTATION_CONTEXT('2D SPACE',''
  ) );
#5816 = ORIENTED_EDGE('',*,*,#5817,.T.);
#5817 = EDGE_CURVE('',#5795,#5818,#5820,.T.);
#5818 = VERTEX_POINT('',#5819);
#5819 = CARTESIAN_POINT('',(83.314149386524,85.848420090296,261.66));
#5820 = SURFACE_CURVE('',#5821,(#5825,#5832),.PCURVE_S1.);
#5821 = LINE('',#5822,#5823);
#5822 = CARTESIAN_POINT('',(83.314149386524,85.848420090296,5.34));
#5823 = VECTOR('',#5824,1.);
#5824 = DIRECTION('',(0.,0.,1.));
#5825 = PCURVE('',#5775,#5826);
#5826 = DEFINITIONAL_REPRESENTATION('',(#5827),#5831);
#5827 = LINE('',#5828,#5829);
#5828 = CARTESIAN_POINT('',(0.,-3.584));
#5829 = VECTOR('',#5830,1.);
#5830 = DIRECTION('',(1.,0.));
#5831 = ( GEOMETRIC_REPRESENTATION_CONTEXT(2) 
PARAMETRIC_REPRESENTATION_CONTEXT() REPRESENTATION_CONTEXT('2D SPACE',''
  ) );
#5832 = PCURVE('',#5723,#5833);
#5833 = DEFINITIONAL_REPRESENTATION('',(#5834),#5838);
#5834 = LINE('',#5835,#5836);
#5835 = CARTESIAN_POINT('',(0.,22.4));
#5836 = VECTOR('',#5837,1.);
#5837 = DIRECTION('',(1.,0.));
#5838 = ( GEOMETRIC_REPRESENTATION_CONTEXT(2) 
PARAMETRIC_REPRESENTATION_CONTEXT() REPRESENTATION_CONTEXT('2D SPACE',''
  ) );
#5839 = ORIENTED_EDGE('',*,*,#5840,.F.);
#5840 = EDGE_CURVE('',#5767,#5818,#5841,.T.);
#5841 = SURFACE_CURVE('',#5842,(#5846,#5853),.PCURVE_S1.);
#5842 = LINE('',#5843,#5844);
#5843 = CARTESIAN_POINT('',(85.848420090296,83.314149386524,261.66));
#5844 = VECTOR('',#5845,1.);
#5845 = DIRECTION('',(-0.707106781187,0.707106781187,0.));
#5846 = PCURVE('',#5775,#5847);
#5847 = DEFINITIONAL_REPRESENTATION('',(#5848),#5852);
#5848 = LINE('',#5849,#5850);
#5849 = CARTESIAN_POINT('',(256.32,0.));
#5850 = VECTOR('',#5851,1.);
#5851 = DIRECTION('',(0.,-1.));
#5852 = ( GEOMETRIC_REPRESENTATION_CONTEXT(2) 
PARAMETRIC_REPRESENTATION_CONTEXT() REPRESENTATION_CONTEXT('2D SPACE',''
  ) );
#5853 = PCURVE('',#5749,#5854);
#5854 = DEFINITIONAL_REPRESENTATION('',(#5855),#5859);
#5855 = LINE('',#5856,#5857);
#5856 = CARTESIAN_POINT('',(22.4,-7.105427357601E-15));
#5857 = VECTOR('',#5858,1.);
#5858 = DIRECTION('',(0.,1.));
#5859 = ( GEOMETRIC_REPRESENTATION_CONTEXT(2) 
PARAMETRIC_REPRESENTATION_CONTEXT() REPRESENTATION_CONTEXT('2D SPACE',''
  ) );
#5860 = ADVANCED_FACE('',(#5861),#5667,.F.);
#5861 = FACE_BOUND('',#5862,.F.);
#5862 = EDGE_LOOP('',(#5863,#5884,#5885,#5906));
#5863 = ORIENTED_EDGE('',*,*,#5864,.F.);
#5864 = EDGE_CURVE('',#5645,#5765,#5865,.T.);
#5865 = SURFACE_CURVE('',#5866,(#5870,#5877),.PCURVE_S1.);
#5866 = LINE('',#5867,#5868);
#5867 = CARTESIAN_POINT('',(70.009228191718,67.474957487945,5.34));
#5868 = VECTOR('',#5869,1.);
#5869 = DIRECTION('',(0.707106781187,0.707106781187,0.));
#5870 = PCURVE('',#5667,#5871);
#5871 = DEFINITIONAL_REPRESENTATION('',(#5872),#5876);
#5872 = LINE('',#5873,#5874);
#5873 = CARTESIAN_POINT('',(0.,0.));
#5874 = VECTOR('',#5875,1.);
#5875 = DIRECTION('',(0.,1.));
#5876 = ( GEOMETRIC_REPRESENTATION_CONTEXT(2) 
PARAMETRIC_REPRESENTATION_CONTEXT() REPRESENTATION_CONTEXT('2D SPACE',''
  ) );
#5877 = PCURVE('',#5695,#5878);
#5878 = DEFINITIONAL_REPRESENTATION('',(#5879),#5883);
#5879 = LINE('',#5880,#5881);
#5880 = CARTESIAN_POINT('',(0.,0.));
#5881 = VECTOR('',#5882,1.);
#5882 = DIRECTION('',(1.,0.));
#5883 = ( GEOMETRIC_REPRESENTATION_CONTEXT(2) 
PARAMETRIC_REPRESENTATION_CONTEXT() REPRESENTATION_CONTEXT('2D SPACE',''
  ) );
#5884 = ORIENTED_EDGE('',*,*,#5644,.T.);
#5885 = ORIENTED_EDGE('',*,*,#5886,.T.);
#5886 = EDGE_CURVE('',#5647,#5767,#5887,.T.);
#5887 = SURFACE_CURVE('',#5888,(#5892,#5899),.PCURVE_S1.);
#5888 = LINE('',#5889,#5890);
#5889 = CARTESIAN_POINT('',(70.009228191718,67.474957487945,261.66));
#5890 = VECTOR('',#5891,1.);
#5891 = DIRECTION('',(0.707106781187,0.707106781187,0.));
#5892 = PCURVE('',#5667,#5893);
#5893 = DEFINITIONAL_REPRESENTATION('',(#5894),#5898);
#5894 = LINE('',#5895,#5896);
#5895 = CARTESIAN_POINT('',(256.32,0.));
#5896 = VECTOR('',#5897,1.);
#5897 = DIRECTION('',(0.,1.));
#5898 = ( GEOMETRIC_REPRESENTATION_CONTEXT(2) 
PARAMETRIC_REPRESENTATION_CONTEXT() REPRESENTATION_CONTEXT('2D SPACE',''
  ) );
#5899 = PCURVE('',#5749,#5900);
#5900 = DEFINITIONAL_REPRESENTATION('',(#5901),#5905);
#5901 = LINE('',#5902,#5903);
#5902 = CARTESIAN_POINT('',(0.,0.));
#5903 = VECTOR('',#5904,1.);
#5904 = DIRECTION('',(1.,0.));
#5905 = ( GEOMETRIC_REPRESENTATION_CONTEXT(2) 
PARAMETRIC_REPRESENTATION_CONTEXT() REPRESENTATION_CONTEXT('2D SPACE',''
  ) );
#5906 = ORIENTED_EDGE('',*,*,#5764,.F.);
#5907 = ADVANCED_FACE('',(#5908),#5723,.T.);
#5908 = FACE_BOUND('',#5909,.T.);
#5909 = EDGE_LOOP('',(#5910,#5931,#5932,#5953));
#5910 = ORIENTED_EDGE('',*,*,#5911,.F.);
#5911 = EDGE_CURVE('',#5680,#5795,#5912,.T.);
#5912 = SURFACE_CURVE('',#5913,(#5917,#5924),.PCURVE_S1.);
#5913 = LINE('',#5914,#5915);
#5914 = CARTESIAN_POINT('',(67.474957487945,70.009228191718,5.34));
#5915 = VECTOR('',#5916,1.);
#5916 = DIRECTION('',(0.707106781187,0.707106781187,0.));
#5917 = PCURVE('',#5723,#5918);
#5918 = DEFINITIONAL_REPRESENTATION('',(#5919),#5923);
#5919 = LINE('',#5920,#5921);
#5920 = CARTESIAN_POINT('',(0.,0.));
#5921 = VECTOR('',#5922,1.);
#5922 = DIRECTION('',(0.,1.));
#5923 = ( GEOMETRIC_REPRESENTATION_CONTEXT(2) 
PARAMETRIC_REPRESENTATION_CONTEXT() REPRESENTATION_CONTEXT('2D SPACE',''
  ) );
#5924 = PCURVE('',#5695,#5925);
#5925 = DEFINITIONAL_REPRESENTATION('',(#5926),#5930);
#5926 = LINE('',#5927,#5928);
#5927 = CARTESIAN_POINT('',(-2.22044604925E-16,3.584));
#5928 = VECTOR('',#5929,1.);
#5929 = DIRECTION('',(1.,0.));
#5930 = ( GEOMETRIC_REPRESENTATION_CONTEXT(2) 
PARAMETRIC_REPRESENTATION_CONTEXT() REPRESENTATION_CONTEXT('2D SPACE',''
  ) );
#5931 = ORIENTED_EDGE('',*,*,#5707,.T.);
#5932 = ORIENTED_EDGE('',*,*,#5933,.T.);
#5933 = EDGE_CURVE('',#5708,#5818,#5934,.T.);
#5934 = SURFACE_CURVE('',#5935,(#5939,#5946),.PCURVE_S1.);
#5935 = LINE('',#5936,#5937);
#5936 = CARTESIAN_POINT('',(67.474957487945,70.009228191718,261.66));
#5937 = VECTOR('',#5938,1.);
#5938 = DIRECTION('',(0.707106781187,0.707106781187,0.));
#5939 = PCURVE('',#5723,#5940);
#5940 = DEFINITIONAL_REPRESENTATION('',(#5941),#5945);
#5941 = LINE('',#5942,#5943);
#5942 = CARTESIAN_POINT('',(256.32,0.));
#5943 = VECTOR('',#5944,1.);
#5944 = DIRECTION('',(0.,1.));
#5945 = ( GEOMETRIC_REPRESENTATION_CONTEXT(2) 
PARAMETRIC_REPRESENTATION_CONTEXT() REPRESENTATION_CONTEXT('2D SPACE',''
  ) );
#5946 = PCURVE('',#5749,#5947);
#5947 = DEFINITIONAL_REPRESENTATION('',(#5948),#5952);
#5948 = LINE('',#5949,#5950);
#5949 = CARTESIAN_POINT('',(-2.22044604925E-16,3.584));
#5950 = VECTOR('',#5951,1.);
#5951 = DIRECTION('',(1.,0.));
#5952 = ( GEOMETRIC_REPRESENTATION_CONTEXT(2) 
PARAMETRIC_REPRESENTATION_CONTEXT() REPRESENTATION_CONTEXT('2D SPACE',''
  ) );
#5953 = ORIENTED_EDGE('',*,*,#5817,.F.);
#5954 = ADVANCED_FACE('',(#5955),#5695,.F.);
#5955 = FACE_BOUND('',#5956,.F.);
#5956 = EDGE_LOOP('',(#5957,#5958,#5959,#5960));
#5957 = ORIENTED_EDGE('',*,*,#5679,.F.);
#5958 = ORIENTED_EDGE('',*,*,#5864,.T.);
#5959 = ORIENTED_EDGE('',*,*,#5794,.T.);
#5960 = ORIENTED_EDGE('',*,*,#5911,.F.);
#5961 = ADVANCED_FACE('',(#5962),#5749,.T.);
#5962 = FACE_BOUND('',#5963,.T.);
#5963 = EDGE_LOOP('',(#5964,#5965,#5966,#5967));
#5964 = ORIENTED_EDGE('',*,*,#5735,.F.);
#5965 = ORIENTED_EDGE('',*,*,#5886,.T.);
#5966 = ORIENTED_EDGE('',*,*,#5840,.T.);
#5967 = ORIENTED_EDGE('',*,*,#5933,.F.);
#5968 = ( GEOMETRIC_REPRESENTATION_CONTEXT(3) 
GLOBAL_UNCERTAINTY_ASSIGNED_CONTEXT((#5972)) 
GLOBAL_UNIT_ASSIGNED_CONTEXT((#5969,#5970,#5971)) REPRESENTATION_CONTEXT
('Context #1','3D Context with UNIT and UNCERTAINTY') );
#5969 = ( LENGTH_UNIT() NAMED_UNIT(*) SI_UNIT(.MILLI.,.METRE.) );
#5970 = ( NAMED_UNIT(*) PLANE_ANGLE_UNIT() SI_UNIT($,.RADIAN.) );
#5971 = ( NAMED_UNIT(*) SI_UNIT($,.STERADIAN.) SOLID_ANGLE_UNIT() );
#5972 = UNCERTAINTY_MEASURE_WITH_UNIT(LENGTH_MEASURE(1.E-07),#5969,
  'distance_accuracy_value','confusion accuracy');
#5973 = CONTEXT_DEPENDENT_SHAPE_REPRESENTATION(#5974,#5976);
#5974 = ( REPRESENTATION_RELATIONSHIP('','',#5637,#10) 
REPRESENTATION_RELATIONSHIP_WITH_TRANSFORMATION(#5975) 
SHAPE_REPRESENTATION_RELATIONSHIP() );
#5975 = ITEM_DEFINED_TRANSFORMATION('','',#11,#39);
#5976 = PRODUCT_DEFINITION_SHAPE('Placement','Placement of an item',
  #5977);
#5977 = NEXT_ASSEMBLY_USAGE_OCCURRENCE('7','Baffle_1','',#5,#5632,$);
#5978 = PRODUCT_RELATED_PRODUCT_CATEGORY('part',$,(#5634));
#5979 = SHAPE_DEFINITION_REPRESENTATION(#5980,#5986);
#5980 = PRODUCT_DEFINITION_SHAPE('','',#5981);
#5981 = PRODUCT_DEFINITION('design','',#5982,#5985);
#5982 = PRODUCT_DEFINITION_FORMATION('','',#5983);
#5983 = PRODUCT('Baffle_2','Baffle_2','',(#5984));
#5984 = PRODUCT_CONTEXT('',#2,'mechanical');
#5985 = PRODUCT_DEFINITION_CONTEXT('part definition',#2,'design');
#5986 = ADVANCED_BREP_SHAPE_REPRESENTATION('',(#11,#5987),#6317);
#5987 = MANIFOLD_SOLID_BREP('',#5988);
#5988 = CLOSED_SHELL('',(#5989,#6109,#6209,#6256,#6303,#6310));
#5989 = ADVANCED_FACE('',(#5990),#6004,.F.);
#5990 = FACE_BOUND('',#5991,.F.);
#5991 = EDGE_LOOP('',(#5992,#6027,#6055,#6083));
#5992 = ORIENTED_EDGE('',*,*,#5993,.F.);
#5993 = EDGE_CURVE('',#5994,#5996,#5998,.T.);
#5994 = VERTEX_POINT('',#5995);
#5995 = CARTESIAN_POINT('',(-67.47495748794,70.009228191718,5.34));
#5996 = VERTEX_POINT('',#5997);
#5997 = CARTESIAN_POINT('',(-67.47495748794,70.009228191718,261.66));
#5998 = SURFACE_CURVE('',#5999,(#6003,#6015),.PCURVE_S1.);
#5999 = LINE('',#6000,#6001);
#6000 = CARTESIAN_POINT('',(-67.47495748794,70.009228191718,5.34));
#6001 = VECTOR('',#6002,1.);
#6002 = DIRECTION('',(0.,0.,1.));
#6003 = PCURVE('',#6004,#6009);
#6004 = PLANE('',#6005);
#6005 = AXIS2_PLACEMENT_3D('',#6006,#6007,#6008);
#6006 = CARTESIAN_POINT('',(-67.47495748794,70.009228191718,5.34));
#6007 = DIRECTION('',(-0.707106781187,0.707106781187,0.));
#6008 = DIRECTION('',(0.,0.,1.));
#6009 = DEFINITIONAL_REPRESENTATION('',(#6010),#6014);
#6010 = LINE('',#6011,#6012);
#6011 = CARTESIAN_POINT('',(0.,0.));
#6012 = VECTOR('',#6013,1.);
#6013 = DIRECTION('',(1.,0.));
#6014 = ( GEOMETRIC_REPRESENTATION_CONTEXT(2) 
PARAMETRIC_REPRESENTATION_CONTEXT() REPRESENTATION_CONTEXT('2D SPACE',''
  ) );
#6015 = PCURVE('',#6016,#6021);
#6016 = PLANE('',#6017);
#6017 = AXIS2_PLACEMENT_3D('',#6018,#6019,#6020);
#6018 = CARTESIAN_POINT('',(-67.47495748794,70.009228191718,5.34));
#6019 = DIRECTION('',(-0.707106781187,-0.707106781187,0.));
#6020 = DIRECTION('',(0.,0.,1.));
#6021 = DEFINITIONAL_REPRESENTATION('',(#6022),#6026);
#6022 = LINE('',#6023,#6024);
#6023 = CARTESIAN_POINT('',(0.,0.));
#6024 = VECTOR('',#6025,1.);
#6025 = DIRECTION('',(1.,0.));
#6026 = ( GEOMETRIC_REPRESENTATION_CONTEXT(2) 
PARAMETRIC_REPRESENTATION_CONTEXT() REPRESENTATION_CONTEXT('2D SPACE',''
  ) );
#6027 = ORIENTED_EDGE('',*,*,#6028,.T.);
#6028 = EDGE_CURVE('',#5994,#6029,#6031,.T.);
#6029 = VERTEX_POINT('',#6030);
#6030 = CARTESIAN_POINT('',(-70.00922819171,67.474957487945,5.34));
#6031 = SURFACE_CURVE('',#6032,(#6036,#6043),.PCURVE_S1.);
#6032 = LINE('',#6033,#6034);
#6033 = CARTESIAN_POINT('',(-67.47495748794,70.009228191718,5.34));
#6034 = VECTOR('',#6035,1.);
#6035 = DIRECTION('',(-0.707106781187,-0.707106781187,0.));
#6036 = PCURVE('',#6004,#6037);
#6037 = DEFINITIONAL_REPRESENTATION('',(#6038),#6042);
#6038 = LINE('',#6039,#6040);
#6039 = CARTESIAN_POINT('',(0.,0.));
#6040 = VECTOR('',#6041,1.);
#6041 = DIRECTION('',(0.,-1.));
#6042 = ( GEOMETRIC_REPRESENTATION_CONTEXT(2) 
PARAMETRIC_REPRESENTATION_CONTEXT() REPRESENTATION_CONTEXT('2D SPACE',''
  ) );
#6043 = PCURVE('',#6044,#6049);
#6044 = PLANE('',#6045);
#6045 = AXIS2_PLACEMENT_3D('',#6046,#6047,#6048);
#6046 = CARTESIAN_POINT('',(-67.47495748794,70.009228191718,5.34));
#6047 = DIRECTION('',(0.,0.,1.));
#6048 = DIRECTION('',(-0.707106781187,0.707106781187,0.));
#6049 = DEFINITIONAL_REPRESENTATION('',(#6050),#6054);
#6050 = LINE('',#6051,#6052);
#6051 = CARTESIAN_POINT('',(0.,0.));
#6052 = VECTOR('',#6053,1.);
#6053 = DIRECTION('',(0.,1.));
#6054 = ( GEOMETRIC_REPRESENTATION_CONTEXT(2) 
PARAMETRIC_REPRESENTATION_CONTEXT() REPRESENTATION_CONTEXT('2D SPACE',''
  ) );
#6055 = ORIENTED_EDGE('',*,*,#6056,.T.);
#6056 = EDGE_CURVE('',#6029,#6057,#6059,.T.);
#6057 = VERTEX_POINT('',#6058);
#6058 = CARTESIAN_POINT('',(-70.00922819171,67.474957487945,261.66));
#6059 = SURFACE_CURVE('',#6060,(#6064,#6071),.PCURVE_S1.);
#6060 = LINE('',#6061,#6062);
#6061 = CARTESIAN_POINT('',(-70.00922819171,67.474957487945,5.34));
#6062 = VECTOR('',#6063,1.);
#6063 = DIRECTION('',(0.,0.,1.));
#6064 = PCURVE('',#6004,#6065);
#6065 = DEFINITIONAL_REPRESENTATION('',(#6066),#6070);
#6066 = LINE('',#6067,#6068);
#6067 = CARTESIAN_POINT('',(0.,-3.584));
#6068 = VECTOR('',#6069,1.);
#6069 = DIRECTION('',(1.,0.));
#6070 = ( GEOMETRIC_REPRESENTATION_CONTEXT(2) 
PARAMETRIC_REPRESENTATION_CONTEXT() REPRESENTATION_CONTEXT('2D SPACE',''
  ) );
#6071 = PCURVE('',#6072,#6077);
#6072 = PLANE('',#6073);
#6073 = AXIS2_PLACEMENT_3D('',#6074,#6075,#6076);
#6074 = CARTESIAN_POINT('',(-70.00922819171,67.474957487945,5.34));
#6075 = DIRECTION('',(-0.707106781187,-0.707106781187,0.));
#6076 = DIRECTION('',(0.,0.,1.));
#6077 = DEFINITIONAL_REPRESENTATION('',(#6078),#6082);
#6078 = LINE('',#6079,#6080);
#6079 = CARTESIAN_POINT('',(0.,0.));
#6080 = VECTOR('',#6081,1.);
#6081 = DIRECTION('',(1.,0.));
#6082 = ( GEOMETRIC_REPRESENTATION_CONTEXT(2) 
PARAMETRIC_REPRESENTATION_CONTEXT() REPRESENTATION_CONTEXT('2D SPACE',''
  ) );
#6083 = ORIENTED_EDGE('',*,*,#6084,.F.);
#6084 = EDGE_CURVE('',#5996,#6057,#6085,.T.);
#6085 = SURFACE_CURVE('',#6086,(#6090,#6097),.PCURVE_S1.);
#6086 = LINE('',#6087,#6088);
#6087 = CARTESIAN_POINT('',(-67.47495748794,70.009228191718,261.66));
#6088 = VECTOR('',#6089,1.);
#6089 = DIRECTION('',(-0.707106781187,-0.707106781187,0.));
#6090 = PCURVE('',#6004,#6091);
#6091 = DEFINITIONAL_REPRESENTATION('',(#6092),#6096);
#6092 = LINE('',#6093,#6094);
#6093 = CARTESIAN_POINT('',(256.32,0.));
#6094 = VECTOR('',#6095,1.);
#6095 = DIRECTION('',(0.,-1.));
#6096 = ( GEOMETRIC_REPRESENTATION_CONTEXT(2) 
PARAMETRIC_REPRESENTATION_CONTEXT() REPRESENTATION_CONTEXT('2D SPACE',''
  ) );
#6097 = PCURVE('',#6098,#6103);
#6098 = PLANE('',#6099);
#6099 = AXIS2_PLACEMENT_3D('',#6100,#6101,#6102);
#6100 = CARTESIAN_POINT('',(-67.47495748794,70.009228191718,261.66));
#6101 = DIRECTION('',(0.,0.,1.));
#6102 = DIRECTION('',(-0.707106781187,0.707106781187,0.));
#6103 = DEFINITIONAL_REPRESENTATION('',(#6104),#6108);
#6104 = LINE('',#6105,#6106);
#6105 = CARTESIAN_POINT('',(0.,0.));
#6106 = VECTOR('',#6107,1.);
#6107 = DIRECTION('',(0.,1.));
#6108 = ( GEOMETRIC_REPRESENTATION_CONTEXT(2) 
PARAMETRIC_REPRESENTATION_CONTEXT() REPRESENTATION_CONTEXT('2D SPACE',''
  ) );
#6109 = ADVANCED_FACE('',(#6110),#6124,.T.);
#6110 = FACE_BOUND('',#6111,.T.);
#6111 = EDGE_LOOP('',(#6112,#6142,#6165,#6188));
#6112 = ORIENTED_EDGE('',*,*,#6113,.F.);
#6113 = EDGE_CURVE('',#6114,#6116,#6118,.T.);
#6114 = VERTEX_POINT('',#6115);
#6115 = CARTESIAN_POINT('',(-83.31414938652,85.848420090296,5.34));
#6116 = VERTEX_POINT('',#6117);
#6117 = CARTESIAN_POINT('',(-83.31414938652,85.848420090296,261.66));
#6118 = SURFACE_CURVE('',#6119,(#6123,#6135),.PCURVE_S1.);
#6119 = LINE('',#6120,#6121);
#6120 = CARTESIAN_POINT('',(-83.31414938652,85.848420090296,5.34));
#6121 = VECTOR('',#6122,1.);
#6122 = DIRECTION('',(0.,0.,1.));
#6123 = PCURVE('',#6124,#6129);
#6124 = PLANE('',#6125);
#6125 = AXIS2_PLACEMENT_3D('',#6126,#6127,#6128);
#6126 = CARTESIAN_POINT('',(-83.31414938652,85.848420090296,5.34));
#6127 = DIRECTION('',(-0.707106781187,0.707106781187,0.));
#6128 = DIRECTION('',(0.,0.,1.));
#6129 = DEFINITIONAL_REPRESENTATION('',(#6130),#6134);
#6130 = LINE('',#6131,#6132);
#6131 = CARTESIAN_POINT('',(0.,0.));
#6132 = VECTOR('',#6133,1.);
#6133 = DIRECTION('',(1.,0.));
#6134 = ( GEOMETRIC_REPRESENTATION_CONTEXT(2) 
PARAMETRIC_REPRESENTATION_CONTEXT() REPRESENTATION_CONTEXT('2D SPACE',''
  ) );
#6135 = PCURVE('',#6016,#6136);
#6136 = DEFINITIONAL_REPRESENTATION('',(#6137),#6141);
#6137 = LINE('',#6138,#6139);
#6138 = CARTESIAN_POINT('',(0.,22.4));
#6139 = VECTOR('',#6140,1.);
#6140 = DIRECTION('',(1.,0.));
#6141 = ( GEOMETRIC_REPRESENTATION_CONTEXT(2) 
PARAMETRIC_REPRESENTATION_CONTEXT() REPRESENTATION_CONTEXT('2D SPACE',''
  ) );
#6142 = ORIENTED_EDGE('',*,*,#6143,.T.);
#6143 = EDGE_CURVE('',#6114,#6144,#6146,.T.);
#6144 = VERTEX_POINT('',#6145);
#6145 = CARTESIAN_POINT('',(-85.84842009029,83.314149386524,5.34));
#6146 = SURFACE_CURVE('',#6147,(#6151,#6158),.PCURVE_S1.);
#6147 = LINE('',#6148,#6149);
#6148 = CARTESIAN_POINT('',(-83.31414938652,85.848420090296,5.34));
#6149 = VECTOR('',#6150,1.);
#6150 = DIRECTION('',(-0.707106781187,-0.707106781187,0.));
#6151 = PCURVE('',#6124,#6152);
#6152 = DEFINITIONAL_REPRESENTATION('',(#6153),#6157);
#6153 = LINE('',#6154,#6155);
#6154 = CARTESIAN_POINT('',(0.,0.));
#6155 = VECTOR('',#6156,1.);
#6156 = DIRECTION('',(0.,-1.));
#6157 = ( GEOMETRIC_REPRESENTATION_CONTEXT(2) 
PARAMETRIC_REPRESENTATION_CONTEXT() REPRESENTATION_CONTEXT('2D SPACE',''
  ) );
#6158 = PCURVE('',#6044,#6159);
#6159 = DEFINITIONAL_REPRESENTATION('',(#6160),#6164);
#6160 = LINE('',#6161,#6162);
#6161 = CARTESIAN_POINT('',(22.4,-7.105427357601E-15));
#6162 = VECTOR('',#6163,1.);
#6163 = DIRECTION('',(0.,1.));
#6164 = ( GEOMETRIC_REPRESENTATION_CONTEXT(2) 
PARAMETRIC_REPRESENTATION_CONTEXT() REPRESENTATION_CONTEXT('2D SPACE',''
  ) );
#6165 = ORIENTED_EDGE('',*,*,#6166,.T.);
#6166 = EDGE_CURVE('',#6144,#6167,#6169,.T.);
#6167 = VERTEX_POINT('',#6168);
#6168 = CARTESIAN_POINT('',(-85.84842009029,83.314149386524,261.66));
#6169 = SURFACE_CURVE('',#6170,(#6174,#6181),.PCURVE_S1.);
#6170 = LINE('',#6171,#6172);
#6171 = CARTESIAN_POINT('',(-85.84842009029,83.314149386524,5.34));
#6172 = VECTOR('',#6173,1.);
#6173 = DIRECTION('',(0.,0.,1.));
#6174 = PCURVE('',#6124,#6175);
#6175 = DEFINITIONAL_REPRESENTATION('',(#6176),#6180);
#6176 = LINE('',#6177,#6178);
#6177 = CARTESIAN_POINT('',(0.,-3.584));
#6178 = VECTOR('',#6179,1.);
#6179 = DIRECTION('',(1.,0.));
#6180 = ( GEOMETRIC_REPRESENTATION_CONTEXT(2) 
PARAMETRIC_REPRESENTATION_CONTEXT() REPRESENTATION_CONTEXT('2D SPACE',''
  ) );
#6181 = PCURVE('',#6072,#6182);
#6182 = DEFINITIONAL_REPRESENTATION('',(#6183),#6187);
#6183 = LINE('',#6184,#6185);
#6184 = CARTESIAN_POINT('',(0.,22.4));
#6185 = VECTOR('',#6186,1.);
#6186 = DIRECTION('',(1.,0.));
#6187 = ( GEOMETRIC_REPRESENTATION_CONTEXT(2) 
PARAMETRIC_REPRESENTATION_CONTEXT() REPRESENTATION_CONTEXT('2D SPACE',''
  ) );
#6188 = ORIENTED_EDGE('',*,*,#6189,.F.);
#6189 = EDGE_CURVE('',#6116,#6167,#6190,.T.);
#6190 = SURFACE_CURVE('',#6191,(#6195,#6202),.PCURVE_S1.);
#6191 = LINE('',#6192,#6193);
#6192 = CARTESIAN_POINT('',(-83.31414938652,85.848420090296,261.66));
#6193 = VECTOR('',#6194,1.);
#6194 = DIRECTION('',(-0.707106781187,-0.707106781187,0.));
#6195 = PCURVE('',#6124,#6196);
#6196 = DEFINITIONAL_REPRESENTATION('',(#6197),#6201);
#6197 = LINE('',#6198,#6199);
#6198 = CARTESIAN_POINT('',(256.32,0.));
#6199 = VECTOR('',#6200,1.);
#6200 = DIRECTION('',(0.,-1.));
#6201 = ( GEOMETRIC_REPRESENTATION_CONTEXT(2) 
PARAMETRIC_REPRESENTATION_CONTEXT() REPRESENTATION_CONTEXT('2D SPACE',''
  ) );
#6202 = PCURVE('',#6098,#6203);
#6203 = DEFINITIONAL_REPRESENTATION('',(#6204),#6208);
#6204 = LINE('',#6205,#6206);
#6205 = CARTESIAN_POINT('',(22.4,-7.105427357601E-15));
#6206 = VECTOR('',#6207,1.);
#6207 = DIRECTION('',(0.,1.));
#6208 = ( GEOMETRIC_REPRESENTATION_CONTEXT(2) 
PARAMETRIC_REPRESENTATION_CONTEXT() REPRESENTATION_CONTEXT('2D SPACE',''
  ) );
#6209 = ADVANCED_FACE('',(#6210),#6016,.F.);
#6210 = FACE_BOUND('',#6211,.F.);
#6211 = EDGE_LOOP('',(#6212,#6233,#6234,#6255));
#6212 = ORIENTED_EDGE('',*,*,#6213,.F.);
#6213 = EDGE_CURVE('',#5994,#6114,#6214,.T.);
#6214 = SURFACE_CURVE('',#6215,(#6219,#6226),.PCURVE_S1.);
#6215 = LINE('',#6216,#6217);
#6216 = CARTESIAN_POINT('',(-67.47495748794,70.009228191718,5.34));
#6217 = VECTOR('',#6218,1.);
#6218 = DIRECTION('',(-0.707106781187,0.707106781187,0.));
#6219 = PCURVE('',#6016,#6220);
#6220 = DEFINITIONAL_REPRESENTATION('',(#6221),#6225);
#6221 = LINE('',#6222,#6223);
#6222 = CARTESIAN_POINT('',(0.,0.));
#6223 = VECTOR('',#6224,1.);
#6224 = DIRECTION('',(0.,1.));
#6225 = ( GEOMETRIC_REPRESENTATION_CONTEXT(2) 
PARAMETRIC_REPRESENTATION_CONTEXT() REPRESENTATION_CONTEXT('2D SPACE',''
  ) );
#6226 = PCURVE('',#6044,#6227);
#6227 = DEFINITIONAL_REPRESENTATION('',(#6228),#6232);
#6228 = LINE('',#6229,#6230);
#6229 = CARTESIAN_POINT('',(0.,0.));
#6230 = VECTOR('',#6231,1.);
#6231 = DIRECTION('',(1.,0.));
#6232 = ( GEOMETRIC_REPRESENTATION_CONTEXT(2) 
PARAMETRIC_REPRESENTATION_CONTEXT() REPRESENTATION_CONTEXT('2D SPACE',''
  ) );
#6233 = ORIENTED_EDGE('',*,*,#5993,.T.);
#6234 = ORIENTED_EDGE('',*,*,#6235,.T.);
#6235 = EDGE_CURVE('',#5996,#6116,#6236,.T.);
#6236 = SURFACE_CURVE('',#6237,(#6241,#6248),.PCURVE_S1.);
#6237 = LINE('',#6238,#6239);
#6238 = CARTESIAN_POINT('',(-67.47495748794,70.009228191718,261.66));
#6239 = VECTOR('',#6240,1.);
#6240 = DIRECTION('',(-0.707106781187,0.707106781187,0.));
#6241 = PCURVE('',#6016,#6242);
#6242 = DEFINITIONAL_REPRESENTATION('',(#6243),#6247);
#6243 = LINE('',#6244,#6245);
#6244 = CARTESIAN_POINT('',(256.32,0.));
#6245 = VECTOR('',#6246,1.);
#6246 = DIRECTION('',(0.,1.));
#6247 = ( GEOMETRIC_REPRESENTATION_CONTEXT(2) 
PARAMETRIC_REPRESENTATION_CONTEXT() REPRESENTATION_CONTEXT('2D SPACE',''
  ) );
#6248 = PCURVE('',#6098,#6249);
#6249 = DEFINITIONAL_REPRESENTATION('',(#6250),#6254);
#6250 = LINE('',#6251,#6252);
#6251 = CARTESIAN_POINT('',(0.,0.));
#6252 = VECTOR('',#6253,1.);
#6253 = DIRECTION('',(1.,0.));
#6254 = ( GEOMETRIC_REPRESENTATION_CONTEXT(2) 
PARAMETRIC_REPRESENTATION_CONTEXT() REPRESENTATION_CONTEXT('2D SPACE',''
  ) );
#6255 = ORIENTED_EDGE('',*,*,#6113,.F.);
#6256 = ADVANCED_FACE('',(#6257),#6072,.T.);
#6257 = FACE_BOUND('',#6258,.T.);
#6258 = EDGE_LOOP('',(#6259,#6280,#6281,#6302));
#6259 = ORIENTED_EDGE('',*,*,#6260,.F.);
#6260 = EDGE_CURVE('',#6029,#6144,#6261,.T.);
#6261 = SURFACE_CURVE('',#6262,(#6266,#6273),.PCURVE_S1.);
#6262 = LINE('',#6263,#6264);
#6263 = CARTESIAN_POINT('',(-70.00922819171,67.474957487945,5.34));
#6264 = VECTOR('',#6265,1.);
#6265 = DIRECTION('',(-0.707106781187,0.707106781187,0.));
#6266 = PCURVE('',#6072,#6267);
#6267 = DEFINITIONAL_REPRESENTATION('',(#6268),#6272);
#6268 = LINE('',#6269,#6270);
#6269 = CARTESIAN_POINT('',(0.,0.));
#6270 = VECTOR('',#6271,1.);
#6271 = DIRECTION('',(0.,1.));
#6272 = ( GEOMETRIC_REPRESENTATION_CONTEXT(2) 
PARAMETRIC_REPRESENTATION_CONTEXT() REPRESENTATION_CONTEXT('2D SPACE',''
  ) );
#6273 = PCURVE('',#6044,#6274);
#6274 = DEFINITIONAL_REPRESENTATION('',(#6275),#6279);
#6275 = LINE('',#6276,#6277);
#6276 = CARTESIAN_POINT('',(-2.22044604925E-16,3.584));
#6277 = VECTOR('',#6278,1.);
#6278 = DIRECTION('',(1.,0.));
#6279 = ( GEOMETRIC_REPRESENTATION_CONTEXT(2) 
PARAMETRIC_REPRESENTATION_CONTEXT() REPRESENTATION_CONTEXT('2D SPACE',''
  ) );
#6280 = ORIENTED_EDGE('',*,*,#6056,.T.);
#6281 = ORIENTED_EDGE('',*,*,#6282,.T.);
#6282 = EDGE_CURVE('',#6057,#6167,#6283,.T.);
#6283 = SURFACE_CURVE('',#6284,(#6288,#6295),.PCURVE_S1.);
#6284 = LINE('',#6285,#6286);
#6285 = CARTESIAN_POINT('',(-70.00922819171,67.474957487945,261.66));
#6286 = VECTOR('',#6287,1.);
#6287 = DIRECTION('',(-0.707106781187,0.707106781187,0.));
#6288 = PCURVE('',#6072,#6289);
#6289 = DEFINITIONAL_REPRESENTATION('',(#6290),#6294);
#6290 = LINE('',#6291,#6292);
#6291 = CARTESIAN_POINT('',(256.32,0.));
#6292 = VECTOR('',#6293,1.);
#6293 = DIRECTION('',(0.,1.));
#6294 = ( GEOMETRIC_REPRESENTATION_CONTEXT(2) 
PARAMETRIC_REPRESENTATION_CONTEXT() REPRESENTATION_CONTEXT('2D SPACE',''
  ) );
#6295 = PCURVE('',#6098,#6296);
#6296 = DEFINITIONAL_REPRESENTATION('',(#6297),#6301);
#6297 = LINE('',#6298,#6299);
#6298 = CARTESIAN_POINT('',(-2.22044604925E-16,3.584));
#6299 = VECTOR('',#6300,1.);
#6300 = DIRECTION('',(1.,0.));
#6301 = ( GEOMETRIC_REPRESENTATION_CONTEXT(2) 
PARAMETRIC_REPRESENTATION_CONTEXT() REPRESENTATION_CONTEXT('2D SPACE',''
  ) );
#6302 = ORIENTED_EDGE('',*,*,#6166,.F.);
#6303 = ADVANCED_FACE('',(#6304),#6044,.F.);
#6304 = FACE_BOUND('',#6305,.F.);
#6305 = EDGE_LOOP('',(#6306,#6307,#6308,#6309));
#6306 = ORIENTED_EDGE('',*,*,#6028,.F.);
#6307 = ORIENTED_EDGE('',*,*,#6213,.T.);
#6308 = ORIENTED_EDGE('',*,*,#6143,.T.);
#6309 = ORIENTED_EDGE('',*,*,#6260,.F.);
#6310 = ADVANCED_FACE('',(#6311),#6098,.T.);
#6311 = FACE_BOUND('',#6312,.T.);
#6312 = EDGE_LOOP('',(#6313,#6314,#6315,#6316));
#6313 = ORIENTED_EDGE('',*,*,#6084,.F.);
#6314 = ORIENTED_EDGE('',*,*,#6235,.T.);
#6315 = ORIENTED_EDGE('',*,*,#6189,.T.);
#6316 = ORIENTED_EDGE('',*,*,#6282,.F.);
#6317 = ( GEOMETRIC_REPRESENTATION_CONTEXT(3) 
GLOBAL_UNCERTAINTY_ASSIGNED_CONTEXT((#6321)) 
GLOBAL_UNIT_ASSIGNED_CONTEXT((#6318,#6319,#6320)) REPRESENTATION_CONTEXT
('Context #1','3D Context with UNIT and UNCERTAINTY') );
#6318 = ( LENGTH_UNIT() NAMED_UNIT(*) SI_UNIT(.MILLI.,.METRE.) );
#6319 = ( NAMED_UNIT(*) PLANE_ANGLE_UNIT() SI_UNIT($,.RADIAN.) );
#6320 = ( NAMED_UNIT(*) SI_UNIT($,.STERADIAN.) SOLID_ANGLE_UNIT() );
#6321 = UNCERTAINTY_MEASURE_WITH_UNIT(LENGTH_MEASURE(1.E-07),#6318,
  'distance_accuracy_value','confusion accuracy');
#6322 = CONTEXT_DEPENDENT_SHAPE_REPRESENTATION(#6323,#6325);
#6323 = ( REPRESENTATION_RELATIONSHIP('','',#5986,#10) 
REPRESENTATION_RELATIONSHIP_WITH_TRANSFORMATION(#6324) 
SHAPE_REPRESENTATION_RELATIONSHIP() );
#6324 = ITEM_DEFINED_TRANSFORMATION('','',#11,#43);
#6325 = PRODUCT_DEFINITION_SHAPE('Placement','Placement of an item',
  #6326);
#6326 = NEXT_ASSEMBLY_USAGE_OCCURRENCE('8','Baffle_2','',#5,#5981,$);
#6327 = PRODUCT_RELATED_PRODUCT_CATEGORY('part',$,(#5983));
#6328 = SHAPE_DEFINITION_REPRESENTATION(#6329,#6335);
#6329 = PRODUCT_DEFINITION_SHAPE('','',#6330);
#6330 = PRODUCT_DEFINITION('design','',#6331,#6334);
#6331 = PRODUCT_DEFINITION_FORMATION('','',#6332);
#6332 = PRODUCT('Baffle_3','Baffle_3','',(#6333));
#6333 = PRODUCT_CONTEXT('',#2,'mechanical');
#6334 = PRODUCT_DEFINITION_CONTEXT('part definition',#2,'design');
#6335 = ADVANCED_BREP_SHAPE_REPRESENTATION('',(#11,#6336),#6666);
#6336 = MANIFOLD_SOLID_BREP('',#6337);
#6337 = CLOSED_SHELL('',(#6338,#6458,#6558,#6605,#6652,#6659));
#6338 = ADVANCED_FACE('',(#6339),#6353,.F.);
#6339 = FACE_BOUND('',#6340,.F.);
#6340 = EDGE_LOOP('',(#6341,#6376,#6404,#6432));
#6341 = ORIENTED_EDGE('',*,*,#6342,.F.);
#6342 = EDGE_CURVE('',#6343,#6345,#6347,.T.);
#6343 = VERTEX_POINT('',#6344);
#6344 = CARTESIAN_POINT('',(-70.00922819171,-67.47495748794,5.34));
#6345 = VERTEX_POINT('',#6346);
#6346 = CARTESIAN_POINT('',(-70.00922819171,-67.47495748794,261.66));
#6347 = SURFACE_CURVE('',#6348,(#6352,#6364),.PCURVE_S1.);
#6348 = LINE('',#6349,#6350);
#6349 = CARTESIAN_POINT('',(-70.00922819171,-67.47495748794,5.34));
#6350 = VECTOR('',#6351,1.);
#6351 = DIRECTION('',(0.,0.,1.));
#6352 = PCURVE('',#6353,#6358);
#6353 = PLANE('',#6354);
#6354 = AXIS2_PLACEMENT_3D('',#6355,#6356,#6357);
#6355 = CARTESIAN_POINT('',(-70.00922819171,-67.47495748794,5.34));
#6356 = DIRECTION('',(-0.707106781187,-0.707106781187,0.));
#6357 = DIRECTION('',(0.,0.,1.));
#6358 = DEFINITIONAL_REPRESENTATION('',(#6359),#6363);
#6359 = LINE('',#6360,#6361);
#6360 = CARTESIAN_POINT('',(0.,0.));
#6361 = VECTOR('',#6362,1.);
#6362 = DIRECTION('',(1.,0.));
#6363 = ( GEOMETRIC_REPRESENTATION_CONTEXT(2) 
PARAMETRIC_REPRESENTATION_CONTEXT() REPRESENTATION_CONTEXT('2D SPACE',''
  ) );
#6364 = PCURVE('',#6365,#6370);
#6365 = PLANE('',#6366);
#6366 = AXIS2_PLACEMENT_3D('',#6367,#6368,#6369);
#6367 = CARTESIAN_POINT('',(-70.00922819171,-67.47495748794,5.34));
#6368 = DIRECTION('',(0.707106781187,-0.707106781187,0.));
#6369 = DIRECTION('',(0.,0.,1.));
#6370 = DEFINITIONAL_REPRESENTATION('',(#6371),#6375);
#6371 = LINE('',#6372,#6373);
#6372 = CARTESIAN_POINT('',(0.,0.));
#6373 = VECTOR('',#6374,1.);
#6374 = DIRECTION('',(1.,0.));
#6375 = ( GEOMETRIC_REPRESENTATION_CONTEXT(2) 
PARAMETRIC_REPRESENTATION_CONTEXT() REPRESENTATION_CONTEXT('2D SPACE',''
  ) );
#6376 = ORIENTED_EDGE('',*,*,#6377,.T.);
#6377 = EDGE_CURVE('',#6343,#6378,#6380,.T.);
#6378 = VERTEX_POINT('',#6379);
#6379 = CARTESIAN_POINT('',(-67.47495748794,-70.00922819171,5.34));
#6380 = SURFACE_CURVE('',#6381,(#6385,#6392),.PCURVE_S1.);
#6381 = LINE('',#6382,#6383);
#6382 = CARTESIAN_POINT('',(-70.00922819171,-67.47495748794,5.34));
#6383 = VECTOR('',#6384,1.);
#6384 = DIRECTION('',(0.707106781187,-0.707106781187,0.));
#6385 = PCURVE('',#6353,#6386);
#6386 = DEFINITIONAL_REPRESENTATION('',(#6387),#6391);
#6387 = LINE('',#6388,#6389);
#6388 = CARTESIAN_POINT('',(0.,0.));
#6389 = VECTOR('',#6390,1.);
#6390 = DIRECTION('',(0.,-1.));
#6391 = ( GEOMETRIC_REPRESENTATION_CONTEXT(2) 
PARAMETRIC_REPRESENTATION_CONTEXT() REPRESENTATION_CONTEXT('2D SPACE',''
  ) );
#6392 = PCURVE('',#6393,#6398);
#6393 = PLANE('',#6394);
#6394 = AXIS2_PLACEMENT_3D('',#6395,#6396,#6397);
#6395 = CARTESIAN_POINT('',(-70.00922819171,-67.47495748794,5.34));
#6396 = DIRECTION('',(0.,0.,1.));
#6397 = DIRECTION('',(-0.707106781187,-0.707106781187,0.));
#6398 = DEFINITIONAL_REPRESENTATION('',(#6399),#6403);
#6399 = LINE('',#6400,#6401);
#6400 = CARTESIAN_POINT('',(0.,0.));
#6401 = VECTOR('',#6402,1.);
#6402 = DIRECTION('',(0.,1.));
#6403 = ( GEOMETRIC_REPRESENTATION_CONTEXT(2) 
PARAMETRIC_REPRESENTATION_CONTEXT() REPRESENTATION_CONTEXT('2D SPACE',''
  ) );
#6404 = ORIENTED_EDGE('',*,*,#6405,.T.);
#6405 = EDGE_CURVE('',#6378,#6406,#6408,.T.);
#6406 = VERTEX_POINT('',#6407);
#6407 = CARTESIAN_POINT('',(-67.47495748794,-70.00922819171,261.66));
#6408 = SURFACE_CURVE('',#6409,(#6413,#6420),.PCURVE_S1.);
#6409 = LINE('',#6410,#6411);
#6410 = CARTESIAN_POINT('',(-67.47495748794,-70.00922819171,5.34));
#6411 = VECTOR('',#6412,1.);
#6412 = DIRECTION('',(0.,0.,1.));
#6413 = PCURVE('',#6353,#6414);
#6414 = DEFINITIONAL_REPRESENTATION('',(#6415),#6419);
#6415 = LINE('',#6416,#6417);
#6416 = CARTESIAN_POINT('',(0.,-3.584));
#6417 = VECTOR('',#6418,1.);
#6418 = DIRECTION('',(1.,0.));
#6419 = ( GEOMETRIC_REPRESENTATION_CONTEXT(2) 
PARAMETRIC_REPRESENTATION_CONTEXT() REPRESENTATION_CONTEXT('2D SPACE',''
  ) );
#6420 = PCURVE('',#6421,#6426);
#6421 = PLANE('',#6422);
#6422 = AXIS2_PLACEMENT_3D('',#6423,#6424,#6425);
#6423 = CARTESIAN_POINT('',(-67.47495748794,-70.00922819171,5.34));
#6424 = DIRECTION('',(0.707106781187,-0.707106781187,0.));
#6425 = DIRECTION('',(0.,0.,1.));
#6426 = DEFINITIONAL_REPRESENTATION('',(#6427),#6431);
#6427 = LINE('',#6428,#6429);
#6428 = CARTESIAN_POINT('',(0.,0.));
#6429 = VECTOR('',#6430,1.);
#6430 = DIRECTION('',(1.,0.));
#6431 = ( GEOMETRIC_REPRESENTATION_CONTEXT(2) 
PARAMETRIC_REPRESENTATION_CONTEXT() REPRESENTATION_CONTEXT('2D SPACE',''
  ) );
#6432 = ORIENTED_EDGE('',*,*,#6433,.F.);
#6433 = EDGE_CURVE('',#6345,#6406,#6434,.T.);
#6434 = SURFACE_CURVE('',#6435,(#6439,#6446),.PCURVE_S1.);
#6435 = LINE('',#6436,#6437);
#6436 = CARTESIAN_POINT('',(-70.00922819171,-67.47495748794,261.66));
#6437 = VECTOR('',#6438,1.);
#6438 = DIRECTION('',(0.707106781187,-0.707106781187,0.));
#6439 = PCURVE('',#6353,#6440);
#6440 = DEFINITIONAL_REPRESENTATION('',(#6441),#6445);
#6441 = LINE('',#6442,#6443);
#6442 = CARTESIAN_POINT('',(256.32,0.));
#6443 = VECTOR('',#6444,1.);
#6444 = DIRECTION('',(0.,-1.));
#6445 = ( GEOMETRIC_REPRESENTATION_CONTEXT(2) 
PARAMETRIC_REPRESENTATION_CONTEXT() REPRESENTATION_CONTEXT('2D SPACE',''
  ) );
#6446 = PCURVE('',#6447,#6452);
#6447 = PLANE('',#6448);
#6448 = AXIS2_PLACEMENT_3D('',#6449,#6450,#6451);
#6449 = CARTESIAN_POINT('',(-70.00922819171,-67.47495748794,261.66));
#6450 = DIRECTION('',(0.,0.,1.));
#6451 = DIRECTION('',(-0.707106781187,-0.707106781187,0.));
#6452 = DEFINITIONAL_REPRESENTATION('',(#6453),#6457);
#6453 = LINE('',#6454,#6455);
#6454 = CARTESIAN_POINT('',(0.,0.));
#6455 = VECTOR('',#6456,1.);
#6456 = DIRECTION('',(0.,1.));
#6457 = ( GEOMETRIC_REPRESENTATION_CONTEXT(2) 
PARAMETRIC_REPRESENTATION_CONTEXT() REPRESENTATION_CONTEXT('2D SPACE',''
  ) );
#6458 = ADVANCED_FACE('',(#6459),#6473,.T.);
#6459 = FACE_BOUND('',#6460,.T.);
#6460 = EDGE_LOOP('',(#6461,#6491,#6514,#6537));
#6461 = ORIENTED_EDGE('',*,*,#6462,.F.);
#6462 = EDGE_CURVE('',#6463,#6465,#6467,.T.);
#6463 = VERTEX_POINT('',#6464);
#6464 = CARTESIAN_POINT('',(-85.84842009029,-83.31414938652,5.34));
#6465 = VERTEX_POINT('',#6466);
#6466 = CARTESIAN_POINT('',(-85.84842009029,-83.31414938652,261.66));
#6467 = SURFACE_CURVE('',#6468,(#6472,#6484),.PCURVE_S1.);
#6468 = LINE('',#6469,#6470);
#6469 = CARTESIAN_POINT('',(-85.84842009029,-83.31414938652,5.34));
#6470 = VECTOR('',#6471,1.);
#6471 = DIRECTION('',(0.,0.,1.));
#6472 = PCURVE('',#6473,#6478);
#6473 = PLANE('',#6474);
#6474 = AXIS2_PLACEMENT_3D('',#6475,#6476,#6477);
#6475 = CARTESIAN_POINT('',(-85.84842009029,-83.31414938652,5.34));
#6476 = DIRECTION('',(-0.707106781187,-0.707106781187,0.));
#6477 = DIRECTION('',(0.,0.,1.));
#6478 = DEFINITIONAL_REPRESENTATION('',(#6479),#6483);
#6479 = LINE('',#6480,#6481);
#6480 = CARTESIAN_POINT('',(0.,0.));
#6481 = VECTOR('',#6482,1.);
#6482 = DIRECTION('',(1.,0.));
#6483 = ( GEOMETRIC_REPRESENTATION_CONTEXT(2) 
PARAMETRIC_REPRESENTATION_CONTEXT() REPRESENTATION_CONTEXT('2D SPACE',''
  ) );
#6484 = PCURVE('',#6365,#6485);
#6485 = DEFINITIONAL_REPRESENTATION('',(#6486),#6490);
#6486 = LINE('',#6487,#6488);
#6487 = CARTESIAN_POINT('',(0.,22.4));
#6488 = VECTOR('',#6489,1.);
#6489 = DIRECTION('',(1.,0.));
#6490 = ( GEOMETRIC_REPRESENTATION_CONTEXT(2) 
PARAMETRIC_REPRESENTATION_CONTEXT() REPRESENTATION_CONTEXT('2D SPACE',''
  ) );
#6491 = ORIENTED_EDGE('',*,*,#6492,.T.);
#6492 = EDGE_CURVE('',#6463,#6493,#6495,.T.);
#6493 = VERTEX_POINT('',#6494);
#6494 = CARTESIAN_POINT('',(-83.31414938652,-85.84842009029,5.34));
#6495 = SURFACE_CURVE('',#6496,(#6500,#6507),.PCURVE_S1.);
#6496 = LINE('',#6497,#6498);
#6497 = CARTESIAN_POINT('',(-85.84842009029,-83.31414938652,5.34));
#6498 = VECTOR('',#6499,1.);
#6499 = DIRECTION('',(0.707106781187,-0.707106781187,0.));
#6500 = PCURVE('',#6473,#6501);
#6501 = DEFINITIONAL_REPRESENTATION('',(#6502),#6506);
#6502 = LINE('',#6503,#6504);
#6503 = CARTESIAN_POINT('',(0.,0.));
#6504 = VECTOR('',#6505,1.);
#6505 = DIRECTION('',(0.,-1.));
#6506 = ( GEOMETRIC_REPRESENTATION_CONTEXT(2) 
PARAMETRIC_REPRESENTATION_CONTEXT() REPRESENTATION_CONTEXT('2D SPACE',''
  ) );
#6507 = PCURVE('',#6393,#6508);
#6508 = DEFINITIONAL_REPRESENTATION('',(#6509),#6513);
#6509 = LINE('',#6510,#6511);
#6510 = CARTESIAN_POINT('',(22.4,-5.329070518201E-15));
#6511 = VECTOR('',#6512,1.);
#6512 = DIRECTION('',(0.,1.));
#6513 = ( GEOMETRIC_REPRESENTATION_CONTEXT(2) 
PARAMETRIC_REPRESENTATION_CONTEXT() REPRESENTATION_CONTEXT('2D SPACE',''
  ) );
#6514 = ORIENTED_EDGE('',*,*,#6515,.T.);
#6515 = EDGE_CURVE('',#6493,#6516,#6518,.T.);
#6516 = VERTEX_POINT('',#6517);
#6517 = CARTESIAN_POINT('',(-83.31414938652,-85.84842009029,261.66));
#6518 = SURFACE_CURVE('',#6519,(#6523,#6530),.PCURVE_S1.);
#6519 = LINE('',#6520,#6521);
#6520 = CARTESIAN_POINT('',(-83.31414938652,-85.84842009029,5.34));
#6521 = VECTOR('',#6522,1.);
#6522 = DIRECTION('',(0.,0.,1.));
#6523 = PCURVE('',#6473,#6524);
#6524 = DEFINITIONAL_REPRESENTATION('',(#6525),#6529);
#6525 = LINE('',#6526,#6527);
#6526 = CARTESIAN_POINT('',(0.,-3.584));
#6527 = VECTOR('',#6528,1.);
#6528 = DIRECTION('',(1.,0.));
#6529 = ( GEOMETRIC_REPRESENTATION_CONTEXT(2) 
PARAMETRIC_REPRESENTATION_CONTEXT() REPRESENTATION_CONTEXT('2D SPACE',''
  ) );
#6530 = PCURVE('',#6421,#6531);
#6531 = DEFINITIONAL_REPRESENTATION('',(#6532),#6536);
#6532 = LINE('',#6533,#6534);
#6533 = CARTESIAN_POINT('',(0.,22.4));
#6534 = VECTOR('',#6535,1.);
#6535 = DIRECTION('',(1.,0.));
#6536 = ( GEOMETRIC_REPRESENTATION_CONTEXT(2) 
PARAMETRIC_REPRESENTATION_CONTEXT() REPRESENTATION_CONTEXT('2D SPACE',''
  ) );
#6537 = ORIENTED_EDGE('',*,*,#6538,.F.);
#6538 = EDGE_CURVE('',#6465,#6516,#6539,.T.);
#6539 = SURFACE_CURVE('',#6540,(#6544,#6551),.PCURVE_S1.);
#6540 = LINE('',#6541,#6542);
#6541 = CARTESIAN_POINT('',(-85.84842009029,-83.31414938652,261.66));
#6542 = VECTOR('',#6543,1.);
#6543 = DIRECTION('',(0.707106781187,-0.707106781187,0.));
#6544 = PCURVE('',#6473,#6545);
#6545 = DEFINITIONAL_REPRESENTATION('',(#6546),#6550);
#6546 = LINE('',#6547,#6548);
#6547 = CARTESIAN_POINT('',(256.32,0.));
#6548 = VECTOR('',#6549,1.);
#6549 = DIRECTION('',(0.,-1.));
#6550 = ( GEOMETRIC_REPRESENTATION_CONTEXT(2) 
PARAMETRIC_REPRESENTATION_CONTEXT() REPRESENTATION_CONTEXT('2D SPACE',''
  ) );
#6551 = PCURVE('',#6447,#6552);
#6552 = DEFINITIONAL_REPRESENTATION('',(#6553),#6557);
#6553 = LINE('',#6554,#6555);
#6554 = CARTESIAN_POINT('',(22.4,-5.329070518201E-15));
#6555 = VECTOR('',#6556,1.);
#6556 = DIRECTION('',(0.,1.));
#6557 = ( GEOMETRIC_REPRESENTATION_CONTEXT(2) 
PARAMETRIC_REPRESENTATION_CONTEXT() REPRESENTATION_CONTEXT('2D SPACE',''
  ) );
#6558 = ADVANCED_FACE('',(#6559),#6365,.F.);
#6559 = FACE_BOUND('',#6560,.F.);
#6560 = EDGE_LOOP('',(#6561,#6582,#6583,#6604));
#6561 = ORIENTED_EDGE('',*,*,#6562,.F.);
#6562 = EDGE_CURVE('',#6343,#6463,#6563,.T.);
#6563 = SURFACE_CURVE('',#6564,(#6568,#6575),.PCURVE_S1.);
#6564 = LINE('',#6565,#6566);
#6565 = CARTESIAN_POINT('',(-70.00922819171,-67.47495748794,5.34));
#6566 = VECTOR('',#6567,1.);
#6567 = DIRECTION('',(-0.707106781187,-0.707106781187,0.));
#6568 = PCURVE('',#6365,#6569);
#6569 = DEFINITIONAL_REPRESENTATION('',(#6570),#6574);
#6570 = LINE('',#6571,#6572);
#6571 = CARTESIAN_POINT('',(0.,0.));
#6572 = VECTOR('',#6573,1.);
#6573 = DIRECTION('',(0.,1.));
#6574 = ( GEOMETRIC_REPRESENTATION_CONTEXT(2) 
PARAMETRIC_REPRESENTATION_CONTEXT() REPRESENTATION_CONTEXT('2D SPACE',''
  ) );
#6575 = PCURVE('',#6393,#6576);
#6576 = DEFINITIONAL_REPRESENTATION('',(#6577),#6581);
#6577 = LINE('',#6578,#6579);
#6578 = CARTESIAN_POINT('',(0.,0.));
#6579 = VECTOR('',#6580,1.);
#6580 = DIRECTION('',(1.,0.));
#6581 = ( GEOMETRIC_REPRESENTATION_CONTEXT(2) 
PARAMETRIC_REPRESENTATION_CONTEXT() REPRESENTATION_CONTEXT('2D SPACE',''
  ) );
#6582 = ORIENTED_EDGE('',*,*,#6342,.T.);
#6583 = ORIENTED_EDGE('',*,*,#6584,.T.);
#6584 = EDGE_CURVE('',#6345,#6465,#6585,.T.);
#6585 = SURFACE_CURVE('',#6586,(#6590,#6597),.PCURVE_S1.);
#6586 = LINE('',#6587,#6588);
#6587 = CARTESIAN_POINT('',(-70.00922819171,-67.47495748794,261.66));
#6588 = VECTOR('',#6589,1.);
#6589 = DIRECTION('',(-0.707106781187,-0.707106781187,0.));
#6590 = PCURVE('',#6365,#6591);
#6591 = DEFINITIONAL_REPRESENTATION('',(#6592),#6596);
#6592 = LINE('',#6593,#6594);
#6593 = CARTESIAN_POINT('',(256.32,0.));
#6594 = VECTOR('',#6595,1.);
#6595 = DIRECTION('',(0.,1.));
#6596 = ( GEOMETRIC_REPRESENTATION_CONTEXT(2) 
PARAMETRIC_REPRESENTATION_CONTEXT() REPRESENTATION_CONTEXT('2D SPACE',''
  ) );
#6597 = PCURVE('',#6447,#6598);
#6598 = DEFINITIONAL_REPRESENTATION('',(#6599),#6603);
#6599 = LINE('',#6600,#6601);
#6600 = CARTESIAN_POINT('',(0.,0.));
#6601 = VECTOR('',#6602,1.);
#6602 = DIRECTION('',(1.,0.));
#6603 = ( GEOMETRIC_REPRESENTATION_CONTEXT(2) 
PARAMETRIC_REPRESENTATION_CONTEXT() REPRESENTATION_CONTEXT('2D SPACE',''
  ) );
#6604 = ORIENTED_EDGE('',*,*,#6462,.F.);
#6605 = ADVANCED_FACE('',(#6606),#6421,.T.);
#6606 = FACE_BOUND('',#6607,.T.);
#6607 = EDGE_LOOP('',(#6608,#6629,#6630,#6651));
#6608 = ORIENTED_EDGE('',*,*,#6609,.F.);
#6609 = EDGE_CURVE('',#6378,#6493,#6610,.T.);
#6610 = SURFACE_CURVE('',#6611,(#6615,#6622),.PCURVE_S1.);
#6611 = LINE('',#6612,#6613);
#6612 = CARTESIAN_POINT('',(-67.47495748794,-70.00922819171,5.34));
#6613 = VECTOR('',#6614,1.);
#6614 = DIRECTION('',(-0.707106781187,-0.707106781187,0.));
#6615 = PCURVE('',#6421,#6616);
#6616 = DEFINITIONAL_REPRESENTATION('',(#6617),#6621);
#6617 = LINE('',#6618,#6619);
#6618 = CARTESIAN_POINT('',(0.,0.));
#6619 = VECTOR('',#6620,1.);
#6620 = DIRECTION('',(0.,1.));
#6621 = ( GEOMETRIC_REPRESENTATION_CONTEXT(2) 
PARAMETRIC_REPRESENTATION_CONTEXT() REPRESENTATION_CONTEXT('2D SPACE',''
  ) );
#6622 = PCURVE('',#6393,#6623);
#6623 = DEFINITIONAL_REPRESENTATION('',(#6624),#6628);
#6624 = LINE('',#6625,#6626);
#6625 = CARTESIAN_POINT('',(-4.440892098501E-16,3.584));
#6626 = VECTOR('',#6627,1.);
#6627 = DIRECTION('',(1.,0.));
#6628 = ( GEOMETRIC_REPRESENTATION_CONTEXT(2) 
PARAMETRIC_REPRESENTATION_CONTEXT() REPRESENTATION_CONTEXT('2D SPACE',''
  ) );
#6629 = ORIENTED_EDGE('',*,*,#6405,.T.);
#6630 = ORIENTED_EDGE('',*,*,#6631,.T.);
#6631 = EDGE_CURVE('',#6406,#6516,#6632,.T.);
#6632 = SURFACE_CURVE('',#6633,(#6637,#6644),.PCURVE_S1.);
#6633 = LINE('',#6634,#6635);
#6634 = CARTESIAN_POINT('',(-67.47495748794,-70.00922819171,261.66));
#6635 = VECTOR('',#6636,1.);
#6636 = DIRECTION('',(-0.707106781187,-0.707106781187,0.));
#6637 = PCURVE('',#6421,#6638);
#6638 = DEFINITIONAL_REPRESENTATION('',(#6639),#6643);
#6639 = LINE('',#6640,#6641);
#6640 = CARTESIAN_POINT('',(256.32,0.));
#6641 = VECTOR('',#6642,1.);
#6642 = DIRECTION('',(0.,1.));
#6643 = ( GEOMETRIC_REPRESENTATION_CONTEXT(2) 
PARAMETRIC_REPRESENTATION_CONTEXT() REPRESENTATION_CONTEXT('2D SPACE',''
  ) );
#6644 = PCURVE('',#6447,#6645);
#6645 = DEFINITIONAL_REPRESENTATION('',(#6646),#6650);
#6646 = LINE('',#6647,#6648);
#6647 = CARTESIAN_POINT('',(-4.440892098501E-16,3.584));
#6648 = VECTOR('',#6649,1.);
#6649 = DIRECTION('',(1.,0.));
#6650 = ( GEOMETRIC_REPRESENTATION_CONTEXT(2) 
PARAMETRIC_REPRESENTATION_CONTEXT() REPRESENTATION_CONTEXT('2D SPACE',''
  ) );
#6651 = ORIENTED_EDGE('',*,*,#6515,.F.);
#6652 = ADVANCED_FACE('',(#6653),#6393,.F.);
#6653 = FACE_BOUND('',#6654,.F.);
#6654 = EDGE_LOOP('',(#6655,#6656,#6657,#6658));
#6655 = ORIENTED_EDGE('',*,*,#6377,.F.);
#6656 = ORIENTED_EDGE('',*,*,#6562,.T.);
#6657 = ORIENTED_EDGE('',*,*,#6492,.T.);
#6658 = ORIENTED_EDGE('',*,*,#6609,.F.);
#6659 = ADVANCED_FACE('',(#6660),#6447,.T.);
#6660 = FACE_BOUND('',#6661,.T.);
#6661 = EDGE_LOOP('',(#6662,#6663,#6664,#6665));
#6662 = ORIENTED_EDGE('',*,*,#6433,.F.);
#6663 = ORIENTED_EDGE('',*,*,#6584,.T.);
#6664 = ORIENTED_EDGE('',*,*,#6538,.T.);
#6665 = ORIENTED_EDGE('',*,*,#6631,.F.);
#6666 = ( GEOMETRIC_REPRESENTATION_CONTEXT(3) 
GLOBAL_UNCERTAINTY_ASSIGNED_CONTEXT((#6670)) 
GLOBAL_UNIT_ASSIGNED_CONTEXT((#6667,#6668,#6669)) REPRESENTATION_CONTEXT
('Context #1','3D Context with UNIT and UNCERTAINTY') );
#6667 = ( LENGTH_UNIT() NAMED_UNIT(*) SI_UNIT(.MILLI.,.METRE.) );
#6668 = ( NAMED_UNIT(*) PLANE_ANGLE_UNIT() SI_UNIT($,.RADIAN.) );
#6669 = ( NAMED_UNIT(*) SI_UNIT($,.STERADIAN.) SOLID_ANGLE_UNIT() );
#6670 = UNCERTAINTY_MEASURE_WITH_UNIT(LENGTH_MEASURE(1.E-07),#6667,
  'distance_accuracy_value','confusion accuracy');
#6671 = CONTEXT_DEPENDENT_SHAPE_REPRESENTATION(#6672,#6674);
#6672 = ( REPRESENTATION_RELATIONSHIP('','',#6335,#10) 
REPRESENTATION_RELATIONSHIP_WITH_TRANSFORMATION(#6673) 
SHAPE_REPRESENTATION_RELATIONSHIP() );
#6673 = ITEM_DEFINED_TRANSFORMATION('','',#11,#47);
#6674 = PRODUCT_DEFINITION_SHAPE('Placement','Placement of an item',
  #6675);
#6675 = NEXT_ASSEMBLY_USAGE_OCCURRENCE('9','Baffle_3','',#5,#6330,$);
#6676 = PRODUCT_RELATED_PRODUCT_CATEGORY('part',$,(#6332));
#6677 = SHAPE_DEFINITION_REPRESENTATION(#6678,#6684);
#6678 = PRODUCT_DEFINITION_SHAPE('','',#6679);
#6679 = PRODUCT_DEFINITION('design','',#6680,#6683);
#6680 = PRODUCT_DEFINITION_FORMATION('','',#6681);
#6681 = PRODUCT('Baffle_4','Baffle_4','',(#6682));
#6682 = PRODUCT_CONTEXT('',#2,'mechanical');
#6683 = PRODUCT_DEFINITION_CONTEXT('part definition',#2,'design');
#6684 = ADVANCED_BREP_SHAPE_REPRESENTATION('',(#11,#6685),#7015);
#6685 = MANIFOLD_SOLID_BREP('',#6686);
#6686 = CLOSED_SHELL('',(#6687,#6807,#6907,#6954,#7001,#7008));
#6687 = ADVANCED_FACE('',(#6688),#6702,.F.);
#6688 = FACE_BOUND('',#6689,.F.);
#6689 = EDGE_LOOP('',(#6690,#6725,#6753,#6781));
#6690 = ORIENTED_EDGE('',*,*,#6691,.F.);
#6691 = EDGE_CURVE('',#6692,#6694,#6696,.T.);
#6692 = VERTEX_POINT('',#6693);
#6693 = CARTESIAN_POINT('',(67.474957487945,-70.00922819171,5.34));
#6694 = VERTEX_POINT('',#6695);
#6695 = CARTESIAN_POINT('',(67.474957487945,-70.00922819171,261.66));
#6696 = SURFACE_CURVE('',#6697,(#6701,#6713),.PCURVE_S1.);
#6697 = LINE('',#6698,#6699);
#6698 = CARTESIAN_POINT('',(67.474957487945,-70.00922819171,5.34));
#6699 = VECTOR('',#6700,1.);
#6700 = DIRECTION('',(0.,0.,1.));
#6701 = PCURVE('',#6702,#6707);
#6702 = PLANE('',#6703);
#6703 = AXIS2_PLACEMENT_3D('',#6704,#6705,#6706);
#6704 = CARTESIAN_POINT('',(67.474957487945,-70.00922819171,5.34));
#6705 = DIRECTION('',(0.707106781187,-0.707106781187,0.));
#6706 = DIRECTION('',(0.,0.,1.));
#6707 = DEFINITIONAL_REPRESENTATION('',(#6708),#6712);
#6708 = LINE('',#6709,#6710);
#6709 = CARTESIAN_POINT('',(0.,0.));
#6710 = VECTOR('',#6711,1.);
#6711 = DIRECTION('',(1.,0.));
#6712 = ( GEOMETRIC_REPRESENTATION_CONTEXT(2) 
PARAMETRIC_REPRESENTATION_CONTEXT() REPRESENTATION_CONTEXT('2D SPACE',''
  ) );
#6713 = PCURVE('',#6714,#6719);
#6714 = PLANE('',#6715);
#6715 = AXIS2_PLACEMENT_3D('',#6716,#6717,#6718);
#6716 = CARTESIAN_POINT('',(67.474957487945,-70.00922819171,5.34));
#6717 = DIRECTION('',(0.707106781187,0.707106781187,0.));
#6718 = DIRECTION('',(0.,0.,1.));
#6719 = DEFINITIONAL_REPRESENTATION('',(#6720),#6724);
#6720 = LINE('',#6721,#6722);
#6721 = CARTESIAN_POINT('',(0.,0.));
#6722 = VECTOR('',#6723,1.);
#6723 = DIRECTION('',(1.,0.));
#6724 = ( GEOMETRIC_REPRESENTATION_CONTEXT(2) 
PARAMETRIC_REPRESENTATION_CONTEXT() REPRESENTATION_CONTEXT('2D SPACE',''
  ) );
#6725 = ORIENTED_EDGE('',*,*,#6726,.T.);
#6726 = EDGE_CURVE('',#6692,#6727,#6729,.T.);
#6727 = VERTEX_POINT('',#6728);
#6728 = CARTESIAN_POINT('',(70.009228191718,-67.47495748794,5.34));
#6729 = SURFACE_CURVE('',#6730,(#6734,#6741),.PCURVE_S1.);
#6730 = LINE('',#6731,#6732);
#6731 = CARTESIAN_POINT('',(67.474957487945,-70.00922819171,5.34));
#6732 = VECTOR('',#6733,1.);
#6733 = DIRECTION('',(0.707106781187,0.707106781187,0.));
#6734 = PCURVE('',#6702,#6735);
#6735 = DEFINITIONAL_REPRESENTATION('',(#6736),#6740);
#6736 = LINE('',#6737,#6738);
#6737 = CARTESIAN_POINT('',(0.,0.));
#6738 = VECTOR('',#6739,1.);
#6739 = DIRECTION('',(0.,-1.));
#6740 = ( GEOMETRIC_REPRESENTATION_CONTEXT(2) 
PARAMETRIC_REPRESENTATION_CONTEXT() REPRESENTATION_CONTEXT('2D SPACE',''
  ) );
#6741 = PCURVE('',#6742,#6747);
#6742 = PLANE('',#6743);
#6743 = AXIS2_PLACEMENT_3D('',#6744,#6745,#6746);
#6744 = CARTESIAN_POINT('',(67.474957487945,-70.00922819171,5.34));
#6745 = DIRECTION('',(0.,0.,1.));
#6746 = DIRECTION('',(0.707106781187,-0.707106781187,0.));
#6747 = DEFINITIONAL_REPRESENTATION('',(#6748),#6752);
#6748 = LINE('',#6749,#6750);
#6749 = CARTESIAN_POINT('',(0.,0.));
#6750 = VECTOR('',#6751,1.);
#6751 = DIRECTION('',(0.,1.));
#6752 = ( GEOMETRIC_REPRESENTATION_CONTEXT(2) 
PARAMETRIC_REPRESENTATION_CONTEXT() REPRESENTATION_CONTEXT('2D SPACE',''
  ) );
#6753 = ORIENTED_EDGE('',*,*,#6754,.T.);
#6754 = EDGE_CURVE('',#6727,#6755,#6757,.T.);
#6755 = VERTEX_POINT('',#6756);
#6756 = CARTESIAN_POINT('',(70.009228191718,-67.47495748794,261.66));
#6757 = SURFACE_CURVE('',#6758,(#6762,#6769),.PCURVE_S1.);
#6758 = LINE('',#6759,#6760);
#6759 = CARTESIAN_POINT('',(70.009228191718,-67.47495748794,5.34));
#6760 = VECTOR('',#6761,1.);
#6761 = DIRECTION('',(0.,0.,1.));
#6762 = PCURVE('',#6702,#6763);
#6763 = DEFINITIONAL_REPRESENTATION('',(#6764),#6768);
#6764 = LINE('',#6765,#6766);
#6765 = CARTESIAN_POINT('',(0.,-3.584));
#6766 = VECTOR('',#6767,1.);
#6767 = DIRECTION('',(1.,0.));
#6768 = ( GEOMETRIC_REPRESENTATION_CONTEXT(2) 
PARAMETRIC_REPRESENTATION_CONTEXT() REPRESENTATION_CONTEXT('2D SPACE',''
  ) );
#6769 = PCURVE('',#6770,#6775);
#6770 = PLANE('',#6771);
#6771 = AXIS2_PLACEMENT_3D('',#6772,#6773,#6774);
#6772 = CARTESIAN_POINT('',(70.009228191718,-67.47495748794,5.34));
#6773 = DIRECTION('',(0.707106781187,0.707106781187,0.));
#6774 = DIRECTION('',(0.,0.,1.));
#6775 = DEFINITIONAL_REPRESENTATION('',(#6776),#6780);
#6776 = LINE('',#6777,#6778);
#6777 = CARTESIAN_POINT('',(0.,0.));
#6778 = VECTOR('',#6779,1.);
#6779 = DIRECTION('',(1.,0.));
#6780 = ( GEOMETRIC_REPRESENTATION_CONTEXT(2) 
PARAMETRIC_REPRESENTATION_CONTEXT() REPRESENTATION_CONTEXT('2D SPACE',''
  ) );
#6781 = ORIENTED_EDGE('',*,*,#6782,.F.);
#6782 = EDGE_CURVE('',#6694,#6755,#6783,.T.);
#6783 = SURFACE_CURVE('',#6784,(#6788,#6795),.PCURVE_S1.);
#6784 = LINE('',#6785,#6786);
#6785 = CARTESIAN_POINT('',(67.474957487945,-70.00922819171,261.66));
#6786 = VECTOR('',#6787,1.);
#6787 = DIRECTION('',(0.707106781187,0.707106781187,0.));
#6788 = PCURVE('',#6702,#6789);
#6789 = DEFINITIONAL_REPRESENTATION('',(#6790),#6794);
#6790 = LINE('',#6791,#6792);
#6791 = CARTESIAN_POINT('',(256.32,0.));
#6792 = VECTOR('',#6793,1.);
#6793 = DIRECTION('',(0.,-1.));
#6794 = ( GEOMETRIC_REPRESENTATION_CONTEXT(2) 
PARAMETRIC_REPRESENTATION_CONTEXT() REPRESENTATION_CONTEXT('2D SPACE',''
  ) );
#6795 = PCURVE('',#6796,#6801);
#6796 = PLANE('',#6797);
#6797 = AXIS2_PLACEMENT_3D('',#6798,#6799,#6800);
#6798 = CARTESIAN_POINT('',(67.474957487945,-70.00922819171,261.66));
#6799 = DIRECTION('',(0.,0.,1.));
#6800 = DIRECTION('',(0.707106781187,-0.707106781187,0.));
#6801 = DEFINITIONAL_REPRESENTATION('',(#6802),#6806);
#6802 = LINE('',#6803,#6804);
#6803 = CARTESIAN_POINT('',(0.,0.));
#6804 = VECTOR('',#6805,1.);
#6805 = DIRECTION('',(0.,1.));
#6806 = ( GEOMETRIC_REPRESENTATION_CONTEXT(2) 
PARAMETRIC_REPRESENTATION_CONTEXT() REPRESENTATION_CONTEXT('2D SPACE',''
  ) );
#6807 = ADVANCED_FACE('',(#6808),#6822,.T.);
#6808 = FACE_BOUND('',#6809,.T.);
#6809 = EDGE_LOOP('',(#6810,#6840,#6863,#6886));
#6810 = ORIENTED_EDGE('',*,*,#6811,.F.);
#6811 = EDGE_CURVE('',#6812,#6814,#6816,.T.);
#6812 = VERTEX_POINT('',#6813);
#6813 = CARTESIAN_POINT('',(83.314149386524,-85.84842009029,5.34));
#6814 = VERTEX_POINT('',#6815);
#6815 = CARTESIAN_POINT('',(83.314149386524,-85.84842009029,261.66));
#6816 = SURFACE_CURVE('',#6817,(#6821,#6833),.PCURVE_S1.);
#6817 = LINE('',#6818,#6819);
#6818 = CARTESIAN_POINT('',(83.314149386524,-85.84842009029,5.34));
#6819 = VECTOR('',#6820,1.);
#6820 = DIRECTION('',(0.,0.,1.));
#6821 = PCURVE('',#6822,#6827);
#6822 = PLANE('',#6823);
#6823 = AXIS2_PLACEMENT_3D('',#6824,#6825,#6826);
#6824 = CARTESIAN_POINT('',(83.314149386524,-85.84842009029,5.34));
#6825 = DIRECTION('',(0.707106781187,-0.707106781187,0.));
#6826 = DIRECTION('',(0.,0.,1.));
#6827 = DEFINITIONAL_REPRESENTATION('',(#6828),#6832);
#6828 = LINE('',#6829,#6830);
#6829 = CARTESIAN_POINT('',(0.,0.));
#6830 = VECTOR('',#6831,1.);
#6831 = DIRECTION('',(1.,0.));
#6832 = ( GEOMETRIC_REPRESENTATION_CONTEXT(2) 
PARAMETRIC_REPRESENTATION_CONTEXT() REPRESENTATION_CONTEXT('2D SPACE',''
  ) );
#6833 = PCURVE('',#6714,#6834);
#6834 = DEFINITIONAL_REPRESENTATION('',(#6835),#6839);
#6835 = LINE('',#6836,#6837);
#6836 = CARTESIAN_POINT('',(0.,22.4));
#6837 = VECTOR('',#6838,1.);
#6838 = DIRECTION('',(1.,0.));
#6839 = ( GEOMETRIC_REPRESENTATION_CONTEXT(2) 
PARAMETRIC_REPRESENTATION_CONTEXT() REPRESENTATION_CONTEXT('2D SPACE',''
  ) );
#6840 = ORIENTED_EDGE('',*,*,#6841,.T.);
#6841 = EDGE_CURVE('',#6812,#6842,#6844,.T.);
#6842 = VERTEX_POINT('',#6843);
#6843 = CARTESIAN_POINT('',(85.848420090296,-83.31414938652,5.34));
#6844 = SURFACE_CURVE('',#6845,(#6849,#6856),.PCURVE_S1.);
#6845 = LINE('',#6846,#6847);
#6846 = CARTESIAN_POINT('',(83.314149386524,-85.84842009029,5.34));
#6847 = VECTOR('',#6848,1.);
#6848 = DIRECTION('',(0.707106781187,0.707106781187,0.));
#6849 = PCURVE('',#6822,#6850);
#6850 = DEFINITIONAL_REPRESENTATION('',(#6851),#6855);
#6851 = LINE('',#6852,#6853);
#6852 = CARTESIAN_POINT('',(0.,0.));
#6853 = VECTOR('',#6854,1.);
#6854 = DIRECTION('',(0.,-1.));
#6855 = ( GEOMETRIC_REPRESENTATION_CONTEXT(2) 
PARAMETRIC_REPRESENTATION_CONTEXT() REPRESENTATION_CONTEXT('2D SPACE',''
  ) );
#6856 = PCURVE('',#6742,#6857);
#6857 = DEFINITIONAL_REPRESENTATION('',(#6858),#6862);
#6858 = LINE('',#6859,#6860);
#6859 = CARTESIAN_POINT('',(22.4,-3.552713678801E-15));
#6860 = VECTOR('',#6861,1.);
#6861 = DIRECTION('',(0.,1.));
#6862 = ( GEOMETRIC_REPRESENTATION_CONTEXT(2) 
PARAMETRIC_REPRESENTATION_CONTEXT() REPRESENTATION_CONTEXT('2D SPACE',''
  ) );
#6863 = ORIENTED_EDGE('',*,*,#6864,.T.);
#6864 = EDGE_CURVE('',#6842,#6865,#6867,.T.);
#6865 = VERTEX_POINT('',#6866);
#6866 = CARTESIAN_POINT('',(85.848420090296,-83.31414938652,261.66));
#6867 = SURFACE_CURVE('',#6868,(#6872,#6879),.PCURVE_S1.);
#6868 = LINE('',#6869,#6870);
#6869 = CARTESIAN_POINT('',(85.848420090296,-83.31414938652,5.34));
#6870 = VECTOR('',#6871,1.);
#6871 = DIRECTION('',(0.,0.,1.));
#6872 = PCURVE('',#6822,#6873);
#6873 = DEFINITIONAL_REPRESENTATION('',(#6874),#6878);
#6874 = LINE('',#6875,#6876);
#6875 = CARTESIAN_POINT('',(0.,-3.584));
#6876 = VECTOR('',#6877,1.);
#6877 = DIRECTION('',(1.,0.));
#6878 = ( GEOMETRIC_REPRESENTATION_CONTEXT(2) 
PARAMETRIC_REPRESENTATION_CONTEXT() REPRESENTATION_CONTEXT('2D SPACE',''
  ) );
#6879 = PCURVE('',#6770,#6880);
#6880 = DEFINITIONAL_REPRESENTATION('',(#6881),#6885);
#6881 = LINE('',#6882,#6883);
#6882 = CARTESIAN_POINT('',(0.,22.4));
#6883 = VECTOR('',#6884,1.);
#6884 = DIRECTION('',(1.,0.));
#6885 = ( GEOMETRIC_REPRESENTATION_CONTEXT(2) 
PARAMETRIC_REPRESENTATION_CONTEXT() REPRESENTATION_CONTEXT('2D SPACE',''
  ) );
#6886 = ORIENTED_EDGE('',*,*,#6887,.F.);
#6887 = EDGE_CURVE('',#6814,#6865,#6888,.T.);
#6888 = SURFACE_CURVE('',#6889,(#6893,#6900),.PCURVE_S1.);
#6889 = LINE('',#6890,#6891);
#6890 = CARTESIAN_POINT('',(83.314149386524,-85.84842009029,261.66));
#6891 = VECTOR('',#6892,1.);
#6892 = DIRECTION('',(0.707106781187,0.707106781187,0.));
#6893 = PCURVE('',#6822,#6894);
#6894 = DEFINITIONAL_REPRESENTATION('',(#6895),#6899);
#6895 = LINE('',#6896,#6897);
#6896 = CARTESIAN_POINT('',(256.32,0.));
#6897 = VECTOR('',#6898,1.);
#6898 = DIRECTION('',(0.,-1.));
#6899 = ( GEOMETRIC_REPRESENTATION_CONTEXT(2) 
PARAMETRIC_REPRESENTATION_CONTEXT() REPRESENTATION_CONTEXT('2D SPACE',''
  ) );
#6900 = PCURVE('',#6796,#6901);
#6901 = DEFINITIONAL_REPRESENTATION('',(#6902),#6906);
#6902 = LINE('',#6903,#6904);
#6903 = CARTESIAN_POINT('',(22.4,-3.552713678801E-15));
#6904 = VECTOR('',#6905,1.);
#6905 = DIRECTION('',(0.,1.));
#6906 = ( GEOMETRIC_REPRESENTATION_CONTEXT(2) 
PARAMETRIC_REPRESENTATION_CONTEXT() REPRESENTATION_CONTEXT('2D SPACE',''
  ) );
#6907 = ADVANCED_FACE('',(#6908),#6714,.F.);
#6908 = FACE_BOUND('',#6909,.F.);
#6909 = EDGE_LOOP('',(#6910,#6931,#6932,#6953));
#6910 = ORIENTED_EDGE('',*,*,#6911,.F.);
#6911 = EDGE_CURVE('',#6692,#6812,#6912,.T.);
#6912 = SURFACE_CURVE('',#6913,(#6917,#6924),.PCURVE_S1.);
#6913 = LINE('',#6914,#6915);
#6914 = CARTESIAN_POINT('',(67.474957487945,-70.00922819171,5.34));
#6915 = VECTOR('',#6916,1.);
#6916 = DIRECTION('',(0.707106781187,-0.707106781187,0.));
#6917 = PCURVE('',#6714,#6918);
#6918 = DEFINITIONAL_REPRESENTATION('',(#6919),#6923);
#6919 = LINE('',#6920,#6921);
#6920 = CARTESIAN_POINT('',(0.,0.));
#6921 = VECTOR('',#6922,1.);
#6922 = DIRECTION('',(0.,1.));
#6923 = ( GEOMETRIC_REPRESENTATION_CONTEXT(2) 
PARAMETRIC_REPRESENTATION_CONTEXT() REPRESENTATION_CONTEXT('2D SPACE',''
  ) );
#6924 = PCURVE('',#6742,#6925);
#6925 = DEFINITIONAL_REPRESENTATION('',(#6926),#6930);
#6926 = LINE('',#6927,#6928);
#6927 = CARTESIAN_POINT('',(0.,0.));
#6928 = VECTOR('',#6929,1.);
#6929 = DIRECTION('',(1.,0.));
#6930 = ( GEOMETRIC_REPRESENTATION_CONTEXT(2) 
PARAMETRIC_REPRESENTATION_CONTEXT() REPRESENTATION_CONTEXT('2D SPACE',''
  ) );
#6931 = ORIENTED_EDGE('',*,*,#6691,.T.);
#6932 = ORIENTED_EDGE('',*,*,#6933,.T.);
#6933 = EDGE_CURVE('',#6694,#6814,#6934,.T.);
#6934 = SURFACE_CURVE('',#6935,(#6939,#6946),.PCURVE_S1.);
#6935 = LINE('',#6936,#6937);
#6936 = CARTESIAN_POINT('',(67.474957487945,-70.00922819171,261.66));
#6937 = VECTOR('',#6938,1.);
#6938 = DIRECTION('',(0.707106781187,-0.707106781187,0.));
#6939 = PCURVE('',#6714,#6940);
#6940 = DEFINITIONAL_REPRESENTATION('',(#6941),#6945);
#6941 = LINE('',#6942,#6943);
#6942 = CARTESIAN_POINT('',(256.32,0.));
#6943 = VECTOR('',#6944,1.);
#6944 = DIRECTION('',(0.,1.));
#6945 = ( GEOMETRIC_REPRESENTATION_CONTEXT(2) 
PARAMETRIC_REPRESENTATION_CONTEXT() REPRESENTATION_CONTEXT('2D SPACE',''
  ) );
#6946 = PCURVE('',#6796,#6947);
#6947 = DEFINITIONAL_REPRESENTATION('',(#6948),#6952);
#6948 = LINE('',#6949,#6950);
#6949 = CARTESIAN_POINT('',(0.,0.));
#6950 = VECTOR('',#6951,1.);
#6951 = DIRECTION('',(1.,0.));
#6952 = ( GEOMETRIC_REPRESENTATION_CONTEXT(2) 
PARAMETRIC_REPRESENTATION_CONTEXT() REPRESENTATION_CONTEXT('2D SPACE',''
  ) );
#6953 = ORIENTED_EDGE('',*,*,#6811,.F.);
#6954 = ADVANCED_FACE('',(#6955),#6770,.T.);
#6955 = FACE_BOUND('',#6956,.T.);
#6956 = EDGE_LOOP('',(#6957,#6978,#6979,#7000));
#6957 = ORIENTED_EDGE('',*,*,#6958,.F.);
#6958 = EDGE_CURVE('',#6727,#6842,#6959,.T.);
#6959 = SURFACE_CURVE('',#6960,(#6964,#6971),.PCURVE_S1.);
#6960 = LINE('',#6961,#6962);
#6961 = CARTESIAN_POINT('',(70.009228191718,-67.47495748794,5.34));
#6962 = VECTOR('',#6963,1.);
#6963 = DIRECTION('',(0.707106781187,-0.707106781187,0.));
#6964 = PCURVE('',#6770,#6965);
#6965 = DEFINITIONAL_REPRESENTATION('',(#6966),#6970);
#6966 = LINE('',#6967,#6968);
#6967 = CARTESIAN_POINT('',(0.,0.));
#6968 = VECTOR('',#6969,1.);
#6969 = DIRECTION('',(0.,1.));
#6970 = ( GEOMETRIC_REPRESENTATION_CONTEXT(2) 
PARAMETRIC_REPRESENTATION_CONTEXT() REPRESENTATION_CONTEXT('2D SPACE',''
  ) );
#6971 = PCURVE('',#6742,#6972);
#6972 = DEFINITIONAL_REPRESENTATION('',(#6973),#6977);
#6973 = LINE('',#6974,#6975);
#6974 = CARTESIAN_POINT('',(-6.661338147751E-16,3.584));
#6975 = VECTOR('',#6976,1.);
#6976 = DIRECTION('',(1.,0.));
#6977 = ( GEOMETRIC_REPRESENTATION_CONTEXT(2) 
PARAMETRIC_REPRESENTATION_CONTEXT() REPRESENTATION_CONTEXT('2D SPACE',''
  ) );
#6978 = ORIENTED_EDGE('',*,*,#6754,.T.);
#6979 = ORIENTED_EDGE('',*,*,#6980,.T.);
#6980 = EDGE_CURVE('',#6755,#6865,#6981,.T.);
#6981 = SURFACE_CURVE('',#6982,(#6986,#6993),.PCURVE_S1.);
#6982 = LINE('',#6983,#6984);
#6983 = CARTESIAN_POINT('',(70.009228191718,-67.47495748794,261.66));
#6984 = VECTOR('',#6985,1.);
#6985 = DIRECTION('',(0.707106781187,-0.707106781187,0.));
#6986 = PCURVE('',#6770,#6987);
#6987 = DEFINITIONAL_REPRESENTATION('',(#6988),#6992);
#6988 = LINE('',#6989,#6990);
#6989 = CARTESIAN_POINT('',(256.32,0.));
#6990 = VECTOR('',#6991,1.);
#6991 = DIRECTION('',(0.,1.));
#6992 = ( GEOMETRIC_REPRESENTATION_CONTEXT(2) 
PARAMETRIC_REPRESENTATION_CONTEXT() REPRESENTATION_CONTEXT('2D SPACE',''
  ) );
#6993 = PCURVE('',#6796,#6994);
#6994 = DEFINITIONAL_REPRESENTATION('',(#6995),#6999);
#6995 = LINE('',#6996,#6997);
#6996 = CARTESIAN_POINT('',(-6.661338147751E-16,3.584));
#6997 = VECTOR('',#6998,1.);
#6998 = DIRECTION('',(1.,0.));
#6999 = ( GEOMETRIC_REPRESENTATION_CONTEXT(2) 
PARAMETRIC_REPRESENTATION_CONTEXT() REPRESENTATION_CONTEXT('2D SPACE',''
  ) );
#7000 = ORIENTED_EDGE('',*,*,#6864,.F.);
#7001 = ADVANCED_FACE('',(#7002),#6742,.F.);
#7002 = FACE_BOUND('',#7003,.F.);
#7003 = EDGE_LOOP('',(#7004,#7005,#7006,#7007));
#7004 = ORIENTED_EDGE('',*,*,#6726,.F.);
#7005 = ORIENTED_EDGE('',*,*,#6911,.T.);
#7006 = ORIENTED_EDGE('',*,*,#6841,.T.);
#7007 = ORIENTED_EDGE('',*,*,#6958,.F.);
#7008 = ADVANCED_FACE('',(#7009),#6796,.T.);
#7009 = FACE_BOUND('',#7010,.T.);
#7010 = EDGE_LOOP('',(#7011,#7012,#7013,#7014));
#7011 = ORIENTED_EDGE('',*,*,#6782,.F.);
#7012 = ORIENTED_EDGE('',*,*,#6933,.T.);
#7013 = ORIENTED_EDGE('',*,*,#6887,.T.);
#7014 = ORIENTED_EDGE('',*,*,#6980,.F.);
#7015 = ( GEOMETRIC_REPRESENTATION_CONTEXT(3) 
GLOBAL_UNCERTAINTY_ASSIGNED_CONTEXT((#7019)) 
GLOBAL_UNIT_ASSIGNED_CONTEXT((#7016,#7017,#7018)) REPRESENTATION_CONTEXT
('Context #1','3D Context with UNIT and UNCERTAINTY') );
#7016 = ( LENGTH_UNIT() NAMED_UNIT(*) SI_UNIT(.MILLI.,.METRE.) );
#7017 = ( NAMED_UNIT(*) PLANE_ANGLE_UNIT() SI_UNIT($,.RADIAN.) );
#7018 = ( NAMED_UNIT(*) SI_UNIT($,.STERADIAN.) SOLID_ANGLE_UNIT() );
#7019 = UNCERTAINTY_MEASURE_WITH_UNIT(LENGTH_MEASURE(1.E-07),#7016,
  'distance_accuracy_value','confusion accuracy');
#7020 = CONTEXT_DEPENDENT_SHAPE_REPRESENTATION(#7021,#7023);
#7021 = ( REPRESENTATION_RELATIONSHIP('','',#6684,#10) 
REPRESENTATION_RELATIONSHIP_WITH_TRANSFORMATION(#7022) 
SHAPE_REPRESENTATION_RELATIONSHIP() );
#7022 = ITEM_DEFINED_TRANSFORMATION('','',#11,#51);
#7023 = PRODUCT_DEFINITION_SHAPE('Placement','Placement of an item',
  #7024);
#7024 = NEXT_ASSEMBLY_USAGE_OCCURRENCE('10','Baffle_4','',#5,#6679,$);
#7025 = PRODUCT_RELATED_PRODUCT_CATEGORY('part',$,(#6681));
#7026 = SHAPE_DEFINITION_REPRESENTATION(#7027,#7033);
#7027 = PRODUCT_DEFINITION_SHAPE('','',#7028);
#7028 = PRODUCT_DEFINITION('design','',#7029,#7032);
#7029 = PRODUCT_DEFINITION_FORMATION('','',#7030);
#7030 = PRODUCT('Sparger','Sparger','',(#7031));
#7031 = PRODUCT_CONTEXT('',#2,'mechanical');
#7032 = PRODUCT_DEFINITION_CONTEXT('part definition',#2,'design');
#7033 = ADVANCED_BREP_SHAPE_REPRESENTATION('',(#11,#7034),#7092);
#7034 = MANIFOLD_SOLID_BREP('',#7035);
#7035 = CLOSED_SHELL('',(#7036));
#7036 = ADVANCED_FACE('',(#7037),#7050,.T.);
#7037 = FACE_BOUND('',#7038,.T.);
#7038 = EDGE_LOOP('',(#7039,#7068,#7090,#7091));
#7039 = ORIENTED_EDGE('',*,*,#7040,.F.);
#7040 = EDGE_CURVE('',#7041,#7041,#7043,.T.);
#7041 = VERTEX_POINT('',#7042);
#7042 = CARTESIAN_POINT('',(44.75,-1.096058885237E-14,22.));
#7043 = SEAM_CURVE('',#7044,(#7049,#7061),.PCURVE_S1.);
#7044 = CIRCLE('',#7045,44.75);
#7045 = AXIS2_PLACEMENT_3D('',#7046,#7047,#7048);
#7046 = CARTESIAN_POINT('',(0.,0.,22.));
#7047 = DIRECTION('',(0.,0.,1.));
#7048 = DIRECTION('',(1.,0.,-0.));
#7049 = PCURVE('',#7050,#7055);
#7050 = TOROIDAL_SURFACE('',#7051,41.25,3.5);
#7051 = AXIS2_PLACEMENT_3D('',#7052,#7053,#7054);
#7052 = CARTESIAN_POINT('',(0.,0.,22.));
#7053 = DIRECTION('',(0.,0.,1.));
#7054 = DIRECTION('',(1.,0.,-0.));
#7055 = DEFINITIONAL_REPRESENTATION('',(#7056),#7060);
#7056 = LINE('',#7057,#7058);
#7057 = CARTESIAN_POINT('',(0.,6.28318530718));
#7058 = VECTOR('',#7059,1.);
#7059 = DIRECTION('',(1.,0.));
#7060 = ( GEOMETRIC_REPRESENTATION_CONTEXT(2) 
PARAMETRIC_REPRESENTATION_CONTEXT() REPRESENTATION_CONTEXT('2D SPACE',''
  ) );
#7061 = PCURVE('',#7050,#7062);
#7062 = DEFINITIONAL_REPRESENTATION('',(#7063),#7067);
#7063 = LINE('',#7064,#7065);
#7064 = CARTESIAN_POINT('',(0.,0.));
#7065 = VECTOR('',#7066,1.);
#7066 = DIRECTION('',(1.,0.));
#7067 = ( GEOMETRIC_REPRESENTATION_CONTEXT(2) 
PARAMETRIC_REPRESENTATION_CONTEXT() REPRESENTATION_CONTEXT('2D SPACE',''
  ) );
#7068 = ORIENTED_EDGE('',*,*,#7069,.F.);
#7069 = EDGE_CURVE('',#7041,#7041,#7070,.T.);
#7070 = SEAM_CURVE('',#7071,(#7076,#7083),.PCURVE_S1.);
#7071 = CIRCLE('',#7072,3.5);
#7072 = AXIS2_PLACEMENT_3D('',#7073,#7074,#7075);
#7073 = CARTESIAN_POINT('',(41.25,-1.010333609297E-14,22.));
#7074 = DIRECTION('',(-2.449293598295E-16,-1.,0.));
#7075 = DIRECTION('',(1.,-2.449293598295E-16,0.));
#7076 = PCURVE('',#7050,#7077);
#7077 = DEFINITIONAL_REPRESENTATION('',(#7078),#7082);
#7078 = LINE('',#7079,#7080);
#7079 = CARTESIAN_POINT('',(6.28318530718,-0.));
#7080 = VECTOR('',#7081,1.);
#7081 = DIRECTION('',(0.,1.));
#7082 = ( GEOMETRIC_REPRESENTATION_CONTEXT(2) 
PARAMETRIC_REPRESENTATION_CONTEXT() REPRESENTATION_CONTEXT('2D SPACE',''
  ) );
#7083 = PCURVE('',#7050,#7084);
#7084 = DEFINITIONAL_REPRESENTATION('',(#7085),#7089);
#7085 = LINE('',#7086,#7087);
#7086 = CARTESIAN_POINT('',(0.,-0.));
#7087 = VECTOR('',#7088,1.);
#7088 = DIRECTION('',(0.,1.));
#7089 = ( GEOMETRIC_REPRESENTATION_CONTEXT(2) 
PARAMETRIC_REPRESENTATION_CONTEXT() REPRESENTATION_CONTEXT('2D SPACE',''
  ) );
#7090 = ORIENTED_EDGE('',*,*,#7040,.T.);
#7091 = ORIENTED_EDGE('',*,*,#7069,.T.);
#7092 = ( GEOMETRIC_REPRESENTATION_CONTEXT(3) 
GLOBAL_UNCERTAINTY_ASSIGNED_CONTEXT((#7096)) 
GLOBAL_UNIT_ASSIGNED_CONTEXT((#7093,#7094,#7095)) REPRESENTATION_CONTEXT
('Context #1','3D Context with UNIT and UNCERTAINTY') );
#7093 = ( LENGTH_UNIT() NAMED_UNIT(*) SI_UNIT(.MILLI.,.METRE.) );
#7094 = ( NAMED_UNIT(*) PLANE_ANGLE_UNIT() SI_UNIT($,.RADIAN.) );
#7095 = ( NAMED_UNIT(*) SI_UNIT($,.STERADIAN.) SOLID_ANGLE_UNIT() );
#7096 = UNCERTAINTY_MEASURE_WITH_UNIT(LENGTH_MEASURE(1.E-07),#7093,
  'distance_accuracy_value','confusion accuracy');
#7097 = CONTEXT_DEPENDENT_SHAPE_REPRESENTATION(#7098,#7100);
#7098 = ( REPRESENTATION_RELATIONSHIP('','',#7033,#10) 
REPRESENTATION_RELATIONSHIP_WITH_TRANSFORMATION(#7099) 
SHAPE_REPRESENTATION_RELATIONSHIP() );
#7099 = ITEM_DEFINED_TRANSFORMATION('','',#11,#55);
#7100 = PRODUCT_DEFINITION_SHAPE('Placement','Placement of an item',
  #7101);
#7101 = NEXT_ASSEMBLY_USAGE_OCCURRENCE('11','Sparger','',#5,#7028,$);
#7102 = PRODUCT_RELATED_PRODUCT_CATEGORY('part',$,(#7030));
#7103 = SHAPE_DEFINITION_REPRESENTATION(#7104,#7110);
#7104 = PRODUCT_DEFINITION_SHAPE('','',#7105);
#7105 = PRODUCT_DEFINITION('design','',#7106,#7109);
#7106 = PRODUCT_DEFINITION_FORMATION('','',#7107);
#7107 = PRODUCT('Motor','Motor','',(#7108));
#7108 = PRODUCT_CONTEXT('',#2,'mechanical');
#7109 = PRODUCT_DEFINITION_CONTEXT('part definition',#2,'design');
#7110 = ADVANCED_BREP_SHAPE_REPRESENTATION('',(#11,#7111),#7441);
#7111 = MANIFOLD_SOLID_BREP('',#7112);
#7112 = CLOSED_SHELL('',(#7113,#7233,#7333,#7380,#7427,#7434));
#7113 = ADVANCED_FACE('',(#7114),#7128,.F.);
#7114 = FACE_BOUND('',#7115,.F.);
#7115 = EDGE_LOOP('',(#7116,#7151,#7179,#7207));
#7116 = ORIENTED_EDGE('',*,*,#7117,.F.);
#7117 = EDGE_CURVE('',#7118,#7120,#7122,.T.);
#7118 = VERTEX_POINT('',#7119);
#7119 = CARTESIAN_POINT('',(-37.5,-37.5,411.));
#7120 = VERTEX_POINT('',#7121);
#7121 = CARTESIAN_POINT('',(-37.5,-37.5,471.));
#7122 = SURFACE_CURVE('',#7123,(#7127,#7139),.PCURVE_S1.);
#7123 = LINE('',#7124,#7125);
#7124 = CARTESIAN_POINT('',(-37.5,-37.5,411.));
#7125 = VECTOR('',#7126,1.);
#7126 = DIRECTION('',(0.,0.,1.));
#7127 = PCURVE('',#7128,#7133);
#7128 = PLANE('',#7129);
#7129 = AXIS2_PLACEMENT_3D('',#7130,#7131,#7132);
#7130 = CARTESIAN_POINT('',(-37.5,-37.5,411.));
#7131 = DIRECTION('',(1.,0.,0.));
#7132 = DIRECTION('',(0.,0.,1.));
#7133 = DEFINITIONAL_REPRESENTATION('',(#7134),#7138);
#7134 = LINE('',#7135,#7136);
#7135 = CARTESIAN_POINT('',(0.,0.));
#7136 = VECTOR('',#7137,1.);
#7137 = DIRECTION('',(1.,0.));
#7138 = ( GEOMETRIC_REPRESENTATION_CONTEXT(2) 
PARAMETRIC_REPRESENTATION_CONTEXT() REPRESENTATION_CONTEXT('2D SPACE',''
  ) );
#7139 = PCURVE('',#7140,#7145);
#7140 = PLANE('',#7141);
#7141 = AXIS2_PLACEMENT_3D('',#7142,#7143,#7144);
#7142 = CARTESIAN_POINT('',(-37.5,-37.5,411.));
#7143 = DIRECTION('',(0.,1.,0.));
#7144 = DIRECTION('',(0.,0.,1.));
#7145 = DEFINITIONAL_REPRESENTATION('',(#7146),#7150);
#7146 = LINE('',#7147,#7148);
#7147 = CARTESIAN_POINT('',(0.,0.));
#7148 = VECTOR('',#7149,1.);
#7149 = DIRECTION('',(1.,0.));
#7150 = ( GEOMETRIC_REPRESENTATION_CONTEXT(2) 
PARAMETRIC_REPRESENTATION_CONTEXT() REPRESENTATION_CONTEXT('2D SPACE',''
  ) );
#7151 = ORIENTED_EDGE('',*,*,#7152,.T.);
#7152 = EDGE_CURVE('',#7118,#7153,#7155,.T.);
#7153 = VERTEX_POINT('',#7154);
#7154 = CARTESIAN_POINT('',(-37.5,37.5,411.));
#7155 = SURFACE_CURVE('',#7156,(#7160,#7167),.PCURVE_S1.);
#7156 = LINE('',#7157,#7158);
#7157 = CARTESIAN_POINT('',(-37.5,-37.5,411.));
#7158 = VECTOR('',#7159,1.);
#7159 = DIRECTION('',(0.,1.,0.));
#7160 = PCURVE('',#7128,#7161);
#7161 = DEFINITIONAL_REPRESENTATION('',(#7162),#7166);
#7162 = LINE('',#7163,#7164);
#7163 = CARTESIAN_POINT('',(0.,0.));
#7164 = VECTOR('',#7165,1.);
#7165 = DIRECTION('',(0.,-1.));
#7166 = ( GEOMETRIC_REPRESENTATION_CONTEXT(2) 
PARAMETRIC_REPRESENTATION_CONTEXT() REPRESENTATION_CONTEXT('2D SPACE',''
  ) );
#7167 = PCURVE('',#7168,#7173);
#7168 = PLANE('',#7169);
#7169 = AXIS2_PLACEMENT_3D('',#7170,#7171,#7172);
#7170 = CARTESIAN_POINT('',(-37.5,-37.5,411.));
#7171 = DIRECTION('',(0.,0.,1.));
#7172 = DIRECTION('',(1.,0.,0.));
#7173 = DEFINITIONAL_REPRESENTATION('',(#7174),#7178);
#7174 = LINE('',#7175,#7176);
#7175 = CARTESIAN_POINT('',(0.,0.));
#7176 = VECTOR('',#7177,1.);
#7177 = DIRECTION('',(0.,1.));
#7178 = ( GEOMETRIC_REPRESENTATION_CONTEXT(2) 
PARAMETRIC_REPRESENTATION_CONTEXT() REPRESENTATION_CONTEXT('2D SPACE',''
  ) );
#7179 = ORIENTED_EDGE('',*,*,#7180,.T.);
#7180 = EDGE_CURVE('',#7153,#7181,#7183,.T.);
#7181 = VERTEX_POINT('',#7182);
#7182 = CARTESIAN_POINT('',(-37.5,37.5,471.));
#7183 = SURFACE_CURVE('',#7184,(#7188,#7195),.PCURVE_S1.);
#7184 = LINE('',#7185,#7186);
#7185 = CARTESIAN_POINT('',(-37.5,37.5,411.));
#7186 = VECTOR('',#7187,1.);
#7187 = DIRECTION('',(0.,0.,1.));
#7188 = PCURVE('',#7128,#7189);
#7189 = DEFINITIONAL_REPRESENTATION('',(#7190),#7194);
#7190 = LINE('',#7191,#7192);
#7191 = CARTESIAN_POINT('',(0.,-75.));
#7192 = VECTOR('',#7193,1.);
#7193 = DIRECTION('',(1.,0.));
#7194 = ( GEOMETRIC_REPRESENTATION_CONTEXT(2) 
PARAMETRIC_REPRESENTATION_CONTEXT() REPRESENTATION_CONTEXT('2D SPACE',''
  ) );
#7195 = PCURVE('',#7196,#7201);
#7196 = PLANE('',#7197);
#7197 = AXIS2_PLACEMENT_3D('',#7198,#7199,#7200);
#7198 = CARTESIAN_POINT('',(-37.5,37.5,411.));
#7199 = DIRECTION('',(0.,1.,0.));
#7200 = DIRECTION('',(0.,0.,1.));
#7201 = DEFINITIONAL_REPRESENTATION('',(#7202),#7206);
#7202 = LINE('',#7203,#7204);
#7203 = CARTESIAN_POINT('',(0.,0.));
#7204 = VECTOR('',#7205,1.);
#7205 = DIRECTION('',(1.,0.));
#7206 = ( GEOMETRIC_REPRESENTATION_CONTEXT(2) 
PARAMETRIC_REPRESENTATION_CONTEXT() REPRESENTATION_CONTEXT('2D SPACE',''
  ) );
#7207 = ORIENTED_EDGE('',*,*,#7208,.F.);
#7208 = EDGE_CURVE('',#7120,#7181,#7209,.T.);
#7209 = SURFACE_CURVE('',#7210,(#7214,#7221),.PCURVE_S1.);
#7210 = LINE('',#7211,#7212);
#7211 = CARTESIAN_POINT('',(-37.5,-37.5,471.));
#7212 = VECTOR('',#7213,1.);
#7213 = DIRECTION('',(0.,1.,0.));
#7214 = PCURVE('',#7128,#7215);
#7215 = DEFINITIONAL_REPRESENTATION('',(#7216),#7220);
#7216 = LINE('',#7217,#7218);
#7217 = CARTESIAN_POINT('',(60.,0.));
#7218 = VECTOR('',#7219,1.);
#7219 = DIRECTION('',(0.,-1.));
#7220 = ( GEOMETRIC_REPRESENTATION_CONTEXT(2) 
PARAMETRIC_REPRESENTATION_CONTEXT() REPRESENTATION_CONTEXT('2D SPACE',''
  ) );
#7221 = PCURVE('',#7222,#7227);
#7222 = PLANE('',#7223);
#7223 = AXIS2_PLACEMENT_3D('',#7224,#7225,#7226);
#7224 = CARTESIAN_POINT('',(-37.5,-37.5,471.));
#7225 = DIRECTION('',(0.,0.,1.));
#7226 = DIRECTION('',(1.,0.,0.));
#7227 = DEFINITIONAL_REPRESENTATION('',(#7228),#7232);
#7228 = LINE('',#7229,#7230);
#7229 = CARTESIAN_POINT('',(0.,0.));
#7230 = VECTOR('',#7231,1.);
#7231 = DIRECTION('',(0.,1.));
#7232 = ( GEOMETRIC_REPRESENTATION_CONTEXT(2) 
PARAMETRIC_REPRESENTATION_CONTEXT() REPRESENTATION_CONTEXT('2D SPACE',''
  ) );
#7233 = ADVANCED_FACE('',(#7234),#7248,.T.);
#7234 = FACE_BOUND('',#7235,.T.);
#7235 = EDGE_LOOP('',(#7236,#7266,#7289,#7312));
#7236 = ORIENTED_EDGE('',*,*,#7237,.F.);
#7237 = EDGE_CURVE('',#7238,#7240,#7242,.T.);
#7238 = VERTEX_POINT('',#7239);
#7239 = CARTESIAN_POINT('',(37.5,-37.5,411.));
#7240 = VERTEX_POINT('',#7241);
#7241 = CARTESIAN_POINT('',(37.5,-37.5,471.));
#7242 = SURFACE_CURVE('',#7243,(#7247,#7259),.PCURVE_S1.);
#7243 = LINE('',#7244,#7245);
#7244 = CARTESIAN_POINT('',(37.5,-37.5,411.));
#7245 = VECTOR('',#7246,1.);
#7246 = DIRECTION('',(0.,0.,1.));
#7247 = PCURVE('',#7248,#7253);
#7248 = PLANE('',#7249);
#7249 = AXIS2_PLACEMENT_3D('',#7250,#7251,#7252);
#7250 = CARTESIAN_POINT('',(37.5,-37.5,411.));
#7251 = DIRECTION('',(1.,0.,0.));
#7252 = DIRECTION('',(0.,0.,1.));
#7253 = DEFINITIONAL_REPRESENTATION('',(#7254),#7258);
#7254 = LINE('',#7255,#7256);
#7255 = CARTESIAN_POINT('',(0.,0.));
#7256 = VECTOR('',#7257,1.);
#7257 = DIRECTION('',(1.,0.));
#7258 = ( GEOMETRIC_REPRESENTATION_CONTEXT(2) 
PARAMETRIC_REPRESENTATION_CONTEXT() REPRESENTATION_CONTEXT('2D SPACE',''
  ) );
#7259 = PCURVE('',#7140,#7260);
#7260 = DEFINITIONAL_REPRESENTATION('',(#7261),#7265);
#7261 = LINE('',#7262,#7263);
#7262 = CARTESIAN_POINT('',(0.,75.));
#7263 = VECTOR('',#7264,1.);
#7264 = DIRECTION('',(1.,0.));
#7265 = ( GEOMETRIC_REPRESENTATION_CONTEXT(2) 
PARAMETRIC_REPRESENTATION_CONTEXT() REPRESENTATION_CONTEXT('2D SPACE',''
  ) );
#7266 = ORIENTED_EDGE('',*,*,#7267,.T.);
#7267 = EDGE_CURVE('',#7238,#7268,#7270,.T.);
#7268 = VERTEX_POINT('',#7269);
#7269 = CARTESIAN_POINT('',(37.5,37.5,411.));
#7270 = SURFACE_CURVE('',#7271,(#7275,#7282),.PCURVE_S1.);
#7271 = LINE('',#7272,#7273);
#7272 = CARTESIAN_POINT('',(37.5,-37.5,411.));
#7273 = VECTOR('',#7274,1.);
#7274 = DIRECTION('',(0.,1.,0.));
#7275 = PCURVE('',#7248,#7276);
#7276 = DEFINITIONAL_REPRESENTATION('',(#7277),#7281);
#7277 = LINE('',#7278,#7279);
#7278 = CARTESIAN_POINT('',(0.,0.));
#7279 = VECTOR('',#7280,1.);
#7280 = DIRECTION('',(0.,-1.));
#7281 = ( GEOMETRIC_REPRESENTATION_CONTEXT(2) 
PARAMETRIC_REPRESENTATION_CONTEXT() REPRESENTATION_CONTEXT('2D SPACE',''
  ) );
#7282 = PCURVE('',#7168,#7283);
#7283 = DEFINITIONAL_REPRESENTATION('',(#7284),#7288);
#7284 = LINE('',#7285,#7286);
#7285 = CARTESIAN_POINT('',(75.,0.));
#7286 = VECTOR('',#7287,1.);
#7287 = DIRECTION('',(0.,1.));
#7288 = ( GEOMETRIC_REPRESENTATION_CONTEXT(2) 
PARAMETRIC_REPRESENTATION_CONTEXT() REPRESENTATION_CONTEXT('2D SPACE',''
  ) );
#7289 = ORIENTED_EDGE('',*,*,#7290,.T.);
#7290 = EDGE_CURVE('',#7268,#7291,#7293,.T.);
#7291 = VERTEX_POINT('',#7292);
#7292 = CARTESIAN_POINT('',(37.5,37.5,471.));
#7293 = SURFACE_CURVE('',#7294,(#7298,#7305),.PCURVE_S1.);
#7294 = LINE('',#7295,#7296);
#7295 = CARTESIAN_POINT('',(37.5,37.5,411.));
#7296 = VECTOR('',#7297,1.);
#7297 = DIRECTION('',(0.,0.,1.));
#7298 = PCURVE('',#7248,#7299);
#7299 = DEFINITIONAL_REPRESENTATION('',(#7300),#7304);
#7300 = LINE('',#7301,#7302);
#7301 = CARTESIAN_POINT('',(0.,-75.));
#7302 = VECTOR('',#7303,1.);
#7303 = DIRECTION('',(1.,0.));
#7304 = ( GEOMETRIC_REPRESENTATION_CONTEXT(2) 
PARAMETRIC_REPRESENTATION_CONTEXT() REPRESENTATION_CONTEXT('2D SPACE',''
  ) );
#7305 = PCURVE('',#7196,#7306);
#7306 = DEFINITIONAL_REPRESENTATION('',(#7307),#7311);
#7307 = LINE('',#7308,#7309);
#7308 = CARTESIAN_POINT('',(0.,75.));
#7309 = VECTOR('',#7310,1.);
#7310 = DIRECTION('',(1.,0.));
#7311 = ( GEOMETRIC_REPRESENTATION_CONTEXT(2) 
PARAMETRIC_REPRESENTATION_CONTEXT() REPRESENTATION_CONTEXT('2D SPACE',''
  ) );
#7312 = ORIENTED_EDGE('',*,*,#7313,.F.);
#7313 = EDGE_CURVE('',#7240,#7291,#7314,.T.);
#7314 = SURFACE_CURVE('',#7315,(#7319,#7326),.PCURVE_S1.);
#7315 = LINE('',#7316,#7317);
#7316 = CARTESIAN_POINT('',(37.5,-37.5,471.));
#7317 = VECTOR('',#7318,1.);
#7318 = DIRECTION('',(0.,1.,0.));
#7319 = PCURVE('',#7248,#7320);
#7320 = DEFINITIONAL_REPRESENTATION('',(#7321),#7325);
#7321 = LINE('',#7322,#7323);
#7322 = CARTESIAN_POINT('',(60.,0.));
#7323 = VECTOR('',#7324,1.);
#7324 = DIRECTION('',(0.,-1.));
#7325 = ( GEOMETRIC_REPRESENTATION_CONTEXT(2) 
PARAMETRIC_REPRESENTATION_CONTEXT() REPRESENTATION_CONTEXT('2D SPACE',''
  ) );
#7326 = PCURVE('',#7222,#7327);
#7327 = DEFINITIONAL_REPRESENTATION('',(#7328),#7332);
#7328 = LINE('',#7329,#7330);
#7329 = CARTESIAN_POINT('',(75.,0.));
#7330 = VECTOR('',#7331,1.);
#7331 = DIRECTION('',(0.,1.));
#7332 = ( GEOMETRIC_REPRESENTATION_CONTEXT(2) 
PARAMETRIC_REPRESENTATION_CONTEXT() REPRESENTATION_CONTEXT('2D SPACE',''
  ) );
#7333 = ADVANCED_FACE('',(#7334),#7140,.F.);
#7334 = FACE_BOUND('',#7335,.F.);
#7335 = EDGE_LOOP('',(#7336,#7357,#7358,#7379));
#7336 = ORIENTED_EDGE('',*,*,#7337,.F.);
#7337 = EDGE_CURVE('',#7118,#7238,#7338,.T.);
#7338 = SURFACE_CURVE('',#7339,(#7343,#7350),.PCURVE_S1.);
#7339 = LINE('',#7340,#7341);
#7340 = CARTESIAN_POINT('',(-37.5,-37.5,411.));
#7341 = VECTOR('',#7342,1.);
#7342 = DIRECTION('',(1.,0.,0.));
#7343 = PCURVE('',#7140,#7344);
#7344 = DEFINITIONAL_REPRESENTATION('',(#7345),#7349);
#7345 = LINE('',#7346,#7347);
#7346 = CARTESIAN_POINT('',(0.,0.));
#7347 = VECTOR('',#7348,1.);
#7348 = DIRECTION('',(0.,1.));
#7349 = ( GEOMETRIC_REPRESENTATION_CONTEXT(2) 
PARAMETRIC_REPRESENTATION_CONTEXT() REPRESENTATION_CONTEXT('2D SPACE',''
  ) );
#7350 = PCURVE('',#7168,#7351);
#7351 = DEFINITIONAL_REPRESENTATION('',(#7352),#7356);
#7352 = LINE('',#7353,#7354);
#7353 = CARTESIAN_POINT('',(0.,0.));
#7354 = VECTOR('',#7355,1.);
#7355 = DIRECTION('',(1.,0.));
#7356 = ( GEOMETRIC_REPRESENTATION_CONTEXT(2) 
PARAMETRIC_REPRESENTATION_CONTEXT() REPRESENTATION_CONTEXT('2D SPACE',''
  ) );
#7357 = ORIENTED_EDGE('',*,*,#7117,.T.);
#7358 = ORIENTED_EDGE('',*,*,#7359,.T.);
#7359 = EDGE_CURVE('',#7120,#7240,#7360,.T.);
#7360 = SURFACE_CURVE('',#7361,(#7365,#7372),.PCURVE_S1.);
#7361 = LINE('',#7362,#7363);
#7362 = CARTESIAN_POINT('',(-37.5,-37.5,471.));
#7363 = VECTOR('',#7364,1.);
#7364 = DIRECTION('',(1.,0.,0.));
#7365 = PCURVE('',#7140,#7366);
#7366 = DEFINITIONAL_REPRESENTATION('',(#7367),#7371);
#7367 = LINE('',#7368,#7369);
#7368 = CARTESIAN_POINT('',(60.,0.));
#7369 = VECTOR('',#7370,1.);
#7370 = DIRECTION('',(0.,1.));
#7371 = ( GEOMETRIC_REPRESENTATION_CONTEXT(2) 
PARAMETRIC_REPRESENTATION_CONTEXT() REPRESENTATION_CONTEXT('2D SPACE',''
  ) );
#7372 = PCURVE('',#7222,#7373);
#7373 = DEFINITIONAL_REPRESENTATION('',(#7374),#7378);
#7374 = LINE('',#7375,#7376);
#7375 = CARTESIAN_POINT('',(0.,0.));
#7376 = VECTOR('',#7377,1.);
#7377 = DIRECTION('',(1.,0.));
#7378 = ( GEOMETRIC_REPRESENTATION_CONTEXT(2) 
PARAMETRIC_REPRESENTATION_CONTEXT() REPRESENTATION_CONTEXT('2D SPACE',''
  ) );
#7379 = ORIENTED_EDGE('',*,*,#7237,.F.);
#7380 = ADVANCED_FACE('',(#7381),#7196,.T.);
#7381 = FACE_BOUND('',#7382,.T.);
#7382 = EDGE_LOOP('',(#7383,#7404,#7405,#7426));
#7383 = ORIENTED_EDGE('',*,*,#7384,.F.);
#7384 = EDGE_CURVE('',#7153,#7268,#7385,.T.);
#7385 = SURFACE_CURVE('',#7386,(#7390,#7397),.PCURVE_S1.);
#7386 = LINE('',#7387,#7388);
#7387 = CARTESIAN_POINT('',(-37.5,37.5,411.));
#7388 = VECTOR('',#7389,1.);
#7389 = DIRECTION('',(1.,0.,0.));
#7390 = PCURVE('',#7196,#7391);
#7391 = DEFINITIONAL_REPRESENTATION('',(#7392),#7396);
#7392 = LINE('',#7393,#7394);
#7393 = CARTESIAN_POINT('',(0.,0.));
#7394 = VECTOR('',#7395,1.);
#7395 = DIRECTION('',(0.,1.));
#7396 = ( GEOMETRIC_REPRESENTATION_CONTEXT(2) 
PARAMETRIC_REPRESENTATION_CONTEXT() REPRESENTATION_CONTEXT('2D SPACE',''
  ) );
#7397 = PCURVE('',#7168,#7398);
#7398 = DEFINITIONAL_REPRESENTATION('',(#7399),#7403);
#7399 = LINE('',#7400,#7401);
#7400 = CARTESIAN_POINT('',(0.,75.));
#7401 = VECTOR('',#7402,1.);
#7402 = DIRECTION('',(1.,0.));
#7403 = ( GEOMETRIC_REPRESENTATION_CONTEXT(2) 
PARAMETRIC_REPRESENTATION_CONTEXT() REPRESENTATION_CONTEXT('2D SPACE',''
  ) );
#7404 = ORIENTED_EDGE('',*,*,#7180,.T.);
#7405 = ORIENTED_EDGE('',*,*,#7406,.T.);
#7406 = EDGE_CURVE('',#7181,#7291,#7407,.T.);
#7407 = SURFACE_CURVE('',#7408,(#7412,#7419),.PCURVE_S1.);
#7408 = LINE('',#7409,#7410);
#7409 = CARTESIAN_POINT('',(-37.5,37.5,471.));
#7410 = VECTOR('',#7411,1.);
#7411 = DIRECTION('',(1.,0.,0.));
#7412 = PCURVE('',#7196,#7413);
#7413 = DEFINITIONAL_REPRESENTATION('',(#7414),#7418);
#7414 = LINE('',#7415,#7416);
#7415 = CARTESIAN_POINT('',(60.,0.));
#7416 = VECTOR('',#7417,1.);
#7417 = DIRECTION('',(0.,1.));
#7418 = ( GEOMETRIC_REPRESENTATION_CONTEXT(2) 
PARAMETRIC_REPRESENTATION_CONTEXT() REPRESENTATION_CONTEXT('2D SPACE',''
  ) );
#7419 = PCURVE('',#7222,#7420);
#7420 = DEFINITIONAL_REPRESENTATION('',(#7421),#7425);
#7421 = LINE('',#7422,#7423);
#7422 = CARTESIAN_POINT('',(0.,75.));
#7423 = VECTOR('',#7424,1.);
#7424 = DIRECTION('',(1.,0.));
#7425 = ( GEOMETRIC_REPRESENTATION_CONTEXT(2) 
PARAMETRIC_REPRESENTATION_CONTEXT() REPRESENTATION_CONTEXT('2D SPACE',''
  ) );
#7426 = ORIENTED_EDGE('',*,*,#7290,.F.);
#7427 = ADVANCED_FACE('',(#7428),#7168,.F.);
#7428 = FACE_BOUND('',#7429,.F.);
#7429 = EDGE_LOOP('',(#7430,#7431,#7432,#7433));
#7430 = ORIENTED_EDGE('',*,*,#7152,.F.);
#7431 = ORIENTED_EDGE('',*,*,#7337,.T.);
#7432 = ORIENTED_EDGE('',*,*,#7267,.T.);
#7433 = ORIENTED_EDGE('',*,*,#7384,.F.);
#7434 = ADVANCED_FACE('',(#7435),#7222,.T.);
#7435 = FACE_BOUND('',#7436,.T.);
#7436 = EDGE_LOOP('',(#7437,#7438,#7439,#7440));
#7437 = ORIENTED_EDGE('',*,*,#7208,.F.);
#7438 = ORIENTED_EDGE('',*,*,#7359,.T.);
#7439 = ORIENTED_EDGE('',*,*,#7313,.T.);
#7440 = ORIENTED_EDGE('',*,*,#7406,.F.);
#7441 = ( GEOMETRIC_REPRESENTATION_CONTEXT(3) 
GLOBAL_UNCERTAINTY_ASSIGNED_CONTEXT((#7445)) 
GLOBAL_UNIT_ASSIGNED_CONTEXT((#7442,#7443,#7444)) REPRESENTATION_CONTEXT
('Context #1','3D Context with UNIT and UNCERTAINTY') );
#7442 = ( LENGTH_UNIT() NAMED_UNIT(*) SI_UNIT(.MILLI.,.METRE.) );
#7443 = ( NAMED_UNIT(*) PLANE_ANGLE_UNIT() SI_UNIT($,.RADIAN.) );
#7444 = ( NAMED_UNIT(*) SI_UNIT($,.STERADIAN.) SOLID_ANGLE_UNIT() );
#7445 = UNCERTAINTY_MEASURE_WITH_UNIT(LENGTH_MEASURE(1.E-07),#7442,
  'distance_accuracy_value','confusion accuracy');
#7446 = CONTEXT_DEPENDENT_SHAPE_REPRESENTATION(#7447,#7449);
#7447 = ( REPRESENTATION_RELATIONSHIP('','',#7110,#10) 
REPRESENTATION_RELATIONSHIP_WITH_TRANSFORMATION(#7448) 
SHAPE_REPRESENTATION_RELATIONSHIP() );
#7448 = ITEM_DEFINED_TRANSFORMATION('','',#11,#59);
#7449 = PRODUCT_DEFINITION_SHAPE('Placement','Placement of an item',
  #7450);
#7450 = NEXT_ASSEMBLY_USAGE_OCCURRENCE('12','Motor','',#5,#7105,$);
#7451 = PRODUCT_RELATED_PRODUCT_CATEGORY('part',$,(#7107));
#7452 = SHAPE_DEFINITION_REPRESENTATION(#7453,#7459);
#7453 = PRODUCT_DEFINITION_SHAPE('','',#7454);
#7454 = PRODUCT_DEFINITION('design','',#7455,#7458);
#7455 = PRODUCT_DEFINITION_FORMATION('','',#7456);
#7456 = PRODUCT('Port_1','Port_1','',(#7457));
#7457 = PRODUCT_CONTEXT('',#2,'mechanical');
#7458 = PRODUCT_DEFINITION_CONTEXT('part definition',#2,'design');
#7459 = ADVANCED_BREP_SHAPE_REPRESENTATION('',(#11,#7460),#7558);
#7460 = MANIFOLD_SOLID_BREP('',#7461);
#7461 = CLOSED_SHELL('',(#7462,#7550,#7554));
#7462 = ADVANCED_FACE('',(#7463),#7477,.T.);
#7463 = FACE_BOUND('',#7464,.F.);
#7464 = EDGE_LOOP('',(#7465,#7495,#7522,#7523));
#7465 = ORIENTED_EDGE('',*,*,#7466,.T.);
#7466 = EDGE_CURVE('',#7467,#7469,#7471,.T.);
#7467 = VERTEX_POINT('',#7468);
#7468 = CARTESIAN_POINT('',(-52.38506544041,-21.06844082886,391.668));
#7469 = VERTEX_POINT('',#7470);
#7470 = CARTESIAN_POINT('',(-52.38506544041,-21.06844082886,415.668));
#7471 = SEAM_CURVE('',#7472,(#7476,#7488),.PCURVE_S1.);
#7472 = LINE('',#7473,#7474);
#7473 = CARTESIAN_POINT('',(-52.38506544041,-21.06844082886,391.668));
#7474 = VECTOR('',#7475,1.);
#7475 = DIRECTION('',(0.,0.,1.));
#7476 = PCURVE('',#7477,#7482);
#7477 = CYLINDRICAL_SURFACE('',#7478,5.5);
#7478 = AXIS2_PLACEMENT_3D('',#7479,#7480,#7481);
#7479 = CARTESIAN_POINT('',(-57.88506544041,-21.06844082886,391.668));
#7480 = DIRECTION('',(-0.,-0.,-1.));
#7481 = DIRECTION('',(1.,0.,0.));
#7482 = DEFINITIONAL_REPRESENTATION('',(#7483),#7487);
#7483 = LINE('',#7484,#7485);
#7484 = CARTESIAN_POINT('',(-0.,0.));
#7485 = VECTOR('',#7486,1.);
#7486 = DIRECTION('',(-0.,-1.));
#7487 = ( GEOMETRIC_REPRESENTATION_CONTEXT(2) 
PARAMETRIC_REPRESENTATION_CONTEXT() REPRESENTATION_CONTEXT('2D SPACE',''
  ) );
#7488 = PCURVE('',#7477,#7489);
#7489 = DEFINITIONAL_REPRESENTATION('',(#7490),#7494);
#7490 = LINE('',#7491,#7492);
#7491 = CARTESIAN_POINT('',(-6.28318530718,0.));
#7492 = VECTOR('',#7493,1.);
#7493 = DIRECTION('',(-0.,-1.));
#7494 = ( GEOMETRIC_REPRESENTATION_CONTEXT(2) 
PARAMETRIC_REPRESENTATION_CONTEXT() REPRESENTATION_CONTEXT('2D SPACE',''
  ) );
#7495 = ORIENTED_EDGE('',*,*,#7496,.T.);
#7496 = EDGE_CURVE('',#7469,#7469,#7497,.T.);
#7497 = SURFACE_CURVE('',#7498,(#7503,#7510),.PCURVE_S1.);
#7498 = CIRCLE('',#7499,5.5);
#7499 = AXIS2_PLACEMENT_3D('',#7500,#7501,#7502);
#7500 = CARTESIAN_POINT('',(-57.88506544041,-21.06844082886,415.668));
#7501 = DIRECTION('',(0.,0.,1.));
#7502 = DIRECTION('',(1.,0.,0.));
#7503 = PCURVE('',#7477,#7504);
#7504 = DEFINITIONAL_REPRESENTATION('',(#7505),#7509);
#7505 = LINE('',#7506,#7507);
#7506 = CARTESIAN_POINT('',(-0.,-24.));
#7507 = VECTOR('',#7508,1.);
#7508 = DIRECTION('',(-1.,0.));
#7509 = ( GEOMETRIC_REPRESENTATION_CONTEXT(2) 
PARAMETRIC_REPRESENTATION_CONTEXT() REPRESENTATION_CONTEXT('2D SPACE',''
  ) );
#7510 = PCURVE('',#7511,#7516);
#7511 = PLANE('',#7512);
#7512 = AXIS2_PLACEMENT_3D('',#7513,#7514,#7515);
#7513 = CARTESIAN_POINT('',(-57.88506544041,-21.06844082886,415.668));
#7514 = DIRECTION('',(0.,0.,1.));
#7515 = DIRECTION('',(1.,0.,-0.));
#7516 = DEFINITIONAL_REPRESENTATION('',(#7517),#7521);
#7517 = CIRCLE('',#7518,5.5);
#7518 = AXIS2_PLACEMENT_2D('',#7519,#7520);
#7519 = CARTESIAN_POINT('',(-1.42108547152E-14,0.));
#7520 = DIRECTION('',(1.,0.));
#7521 = ( GEOMETRIC_REPRESENTATION_CONTEXT(2) 
PARAMETRIC_REPRESENTATION_CONTEXT() REPRESENTATION_CONTEXT('2D SPACE',''
  ) );
#7522 = ORIENTED_EDGE('',*,*,#7466,.F.);
#7523 = ORIENTED_EDGE('',*,*,#7524,.F.);
#7524 = EDGE_CURVE('',#7467,#7467,#7525,.T.);
#7525 = SURFACE_CURVE('',#7526,(#7531,#7538),.PCURVE_S1.);
#7526 = CIRCLE('',#7527,5.5);
#7527 = AXIS2_PLACEMENT_3D('',#7528,#7529,#7530);
#7528 = CARTESIAN_POINT('',(-57.88506544041,-21.06844082886,391.668));
#7529 = DIRECTION('',(0.,0.,1.));
#7530 = DIRECTION('',(1.,0.,0.));
#7531 = PCURVE('',#7477,#7532);
#7532 = DEFINITIONAL_REPRESENTATION('',(#7533),#7537);
#7533 = LINE('',#7534,#7535);
#7534 = CARTESIAN_POINT('',(-0.,0.));
#7535 = VECTOR('',#7536,1.);
#7536 = DIRECTION('',(-1.,0.));
#7537 = ( GEOMETRIC_REPRESENTATION_CONTEXT(2) 
PARAMETRIC_REPRESENTATION_CONTEXT() REPRESENTATION_CONTEXT('2D SPACE',''
  ) );
#7538 = PCURVE('',#7539,#7544);
#7539 = PLANE('',#7540);
#7540 = AXIS2_PLACEMENT_3D('',#7541,#7542,#7543);
#7541 = CARTESIAN_POINT('',(-57.88506544041,-21.06844082886,391.668));
#7542 = DIRECTION('',(0.,0.,1.));
#7543 = DIRECTION('',(1.,0.,-0.));
#7544 = DEFINITIONAL_REPRESENTATION('',(#7545),#7549);
#7545 = CIRCLE('',#7546,5.5);
#7546 = AXIS2_PLACEMENT_2D('',#7547,#7548);
#7547 = CARTESIAN_POINT('',(-1.42108547152E-14,0.));
#7548 = DIRECTION('',(1.,0.));
#7549 = ( GEOMETRIC_REPRESENTATION_CONTEXT(2) 
PARAMETRIC_REPRESENTATION_CONTEXT() REPRESENTATION_CONTEXT('2D SPACE',''
  ) );
#7550 = ADVANCED_FACE('',(#7551),#7539,.F.);
#7551 = FACE_BOUND('',#7552,.F.);
#7552 = EDGE_LOOP('',(#7553));
#7553 = ORIENTED_EDGE('',*,*,#7524,.T.);
#7554 = ADVANCED_FACE('',(#7555),#7511,.T.);
#7555 = FACE_BOUND('',#7556,.T.);
#7556 = EDGE_LOOP('',(#7557));
#7557 = ORIENTED_EDGE('',*,*,#7496,.T.);
#7558 = ( GEOMETRIC_REPRESENTATION_CONTEXT(3) 
GLOBAL_UNCERTAINTY_ASSIGNED_CONTEXT((#7562)) 
GLOBAL_UNIT_ASSIGNED_CONTEXT((#7559,#7560,#7561)) REPRESENTATION_CONTEXT
('Context #1','3D Context with UNIT and UNCERTAINTY') );
#7559 = ( LENGTH_UNIT() NAMED_UNIT(*) SI_UNIT(.MILLI.,.METRE.) );
#7560 = ( NAMED_UNIT(*) PLANE_ANGLE_UNIT() SI_UNIT($,.RADIAN.) );
#7561 = ( NAMED_UNIT(*) SI_UNIT($,.STERADIAN.) SOLID_ANGLE_UNIT() );
#7562 = UNCERTAINTY_MEASURE_WITH_UNIT(LENGTH_MEASURE(1.E-07),#7559,
  'distance_accuracy_value','confusion accuracy');
#7563 = CONTEXT_DEPENDENT_SHAPE_REPRESENTATION(#7564,#7566);
#7564 = ( REPRESENTATION_RELATIONSHIP('','',#7459,#10) 
REPRESENTATION_RELATIONSHIP_WITH_TRANSFORMATION(#7565) 
SHAPE_REPRESENTATION_RELATIONSHIP() );
#7565 = ITEM_DEFINED_TRANSFORMATION('','',#11,#63);
#7566 = PRODUCT_DEFINITION_SHAPE('Placement','Placement of an item',
  #7567);
#7567 = NEXT_ASSEMBLY_USAGE_OCCURRENCE('13','Port_1','',#5,#7454,$);
#7568 = PRODUCT_RELATED_PRODUCT_CATEGORY('part',$,(#7456));
#7569 = SHAPE_DEFINITION_REPRESENTATION(#7570,#7576);
#7570 = PRODUCT_DEFINITION_SHAPE('','',#7571);
#7571 = PRODUCT_DEFINITION('design','',#7572,#7575);
#7572 = PRODUCT_DEFINITION_FORMATION('','',#7573);
#7573 = PRODUCT('Port_2','Port_2','',(#7574));
#7574 = PRODUCT_CONTEXT('',#2,'mechanical');
#7575 = PRODUCT_DEFINITION_CONTEXT('part definition',#2,'design');
#7576 = ADVANCED_BREP_SHAPE_REPRESENTATION('',(#11,#7577),#7675);
#7577 = MANIFOLD_SOLID_BREP('',#7578);
#7578 = CLOSED_SHELL('',(#7579,#7667,#7671));
#7579 = ADVANCED_FACE('',(#7580),#7594,.T.);
#7580 = FACE_BOUND('',#7581,.F.);
#7581 = EDGE_LOOP('',(#7582,#7612,#7639,#7640));
#7582 = ORIENTED_EDGE('',*,*,#7583,.T.);
#7583 = EDGE_CURVE('',#7584,#7586,#7588,.T.);
#7584 = VERTEX_POINT('',#7585);
#7585 = CARTESIAN_POINT('',(-52.38506544041,21.068440828861,391.668));
#7586 = VERTEX_POINT('',#7587);
#7587 = CARTESIAN_POINT('',(-52.38506544041,21.068440828861,415.668));
#7588 = SEAM_CURVE('',#7589,(#7593,#7605),.PCURVE_S1.);
#7589 = LINE('',#7590,#7591);
#7590 = CARTESIAN_POINT('',(-52.38506544041,21.068440828861,391.668));
#7591 = VECTOR('',#7592,1.);
#7592 = DIRECTION('',(0.,0.,1.));
#7593 = PCURVE('',#7594,#7599);
#7594 = CYLINDRICAL_SURFACE('',#7595,5.5);
#7595 = AXIS2_PLACEMENT_3D('',#7596,#7597,#7598);
#7596 = CARTESIAN_POINT('',(-57.88506544041,21.068440828861,391.668));
#7597 = DIRECTION('',(-0.,-0.,-1.));
#7598 = DIRECTION('',(1.,0.,0.));
#7599 = DEFINITIONAL_REPRESENTATION('',(#7600),#7604);
#7600 = LINE('',#7601,#7602);
#7601 = CARTESIAN_POINT('',(-0.,0.));
#7602 = VECTOR('',#7603,1.);
#7603 = DIRECTION('',(-0.,-1.));
#7604 = ( GEOMETRIC_REPRESENTATION_CONTEXT(2) 
PARAMETRIC_REPRESENTATION_CONTEXT() REPRESENTATION_CONTEXT('2D SPACE',''
  ) );
#7605 = PCURVE('',#7594,#7606);
#7606 = DEFINITIONAL_REPRESENTATION('',(#7607),#7611);
#7607 = LINE('',#7608,#7609);
#7608 = CARTESIAN_POINT('',(-6.28318530718,0.));
#7609 = VECTOR('',#7610,1.);
#7610 = DIRECTION('',(-0.,-1.));
#7611 = ( GEOMETRIC_REPRESENTATION_CONTEXT(2) 
PARAMETRIC_REPRESENTATION_CONTEXT() REPRESENTATION_CONTEXT('2D SPACE',''
  ) );
#7612 = ORIENTED_EDGE('',*,*,#7613,.T.);
#7613 = EDGE_CURVE('',#7586,#7586,#7614,.T.);
#7614 = SURFACE_CURVE('',#7615,(#7620,#7627),.PCURVE_S1.);
#7615 = CIRCLE('',#7616,5.5);
#7616 = AXIS2_PLACEMENT_3D('',#7617,#7618,#7619);
#7617 = CARTESIAN_POINT('',(-57.88506544041,21.068440828861,415.668));
#7618 = DIRECTION('',(0.,0.,1.));
#7619 = DIRECTION('',(1.,0.,0.));
#7620 = PCURVE('',#7594,#7621);
#7621 = DEFINITIONAL_REPRESENTATION('',(#7622),#7626);
#7622 = LINE('',#7623,#7624);
#7623 = CARTESIAN_POINT('',(-0.,-24.));
#7624 = VECTOR('',#7625,1.);
#7625 = DIRECTION('',(-1.,0.));
#7626 = ( GEOMETRIC_REPRESENTATION_CONTEXT(2) 
PARAMETRIC_REPRESENTATION_CONTEXT() REPRESENTATION_CONTEXT('2D SPACE',''
  ) );
#7627 = PCURVE('',#7628,#7633);
#7628 = PLANE('',#7629);
#7629 = AXIS2_PLACEMENT_3D('',#7630,#7631,#7632);
#7630 = CARTESIAN_POINT('',(-57.88506544041,21.068440828861,415.668));
#7631 = DIRECTION('',(0.,0.,1.));
#7632 = DIRECTION('',(1.,0.,-0.));
#7633 = DEFINITIONAL_REPRESENTATION('',(#7634),#7638);
#7634 = CIRCLE('',#7635,5.5);
#7635 = AXIS2_PLACEMENT_2D('',#7636,#7637);
#7636 = CARTESIAN_POINT('',(-1.42108547152E-14,0.));
#7637 = DIRECTION('',(1.,0.));
#7638 = ( GEOMETRIC_REPRESENTATION_CONTEXT(2) 
PARAMETRIC_REPRESENTATION_CONTEXT() REPRESENTATION_CONTEXT('2D SPACE',''
  ) );
#7639 = ORIENTED_EDGE('',*,*,#7583,.F.);
#7640 = ORIENTED_EDGE('',*,*,#7641,.F.);
#7641 = EDGE_CURVE('',#7584,#7584,#7642,.T.);
#7642 = SURFACE_CURVE('',#7643,(#7648,#7655),.PCURVE_S1.);
#7643 = CIRCLE('',#7644,5.5);
#7644 = AXIS2_PLACEMENT_3D('',#7645,#7646,#7647);
#7645 = CARTESIAN_POINT('',(-57.88506544041,21.068440828861,391.668));
#7646 = DIRECTION('',(0.,0.,1.));
#7647 = DIRECTION('',(1.,0.,0.));
#7648 = PCURVE('',#7594,#7649);
#7649 = DEFINITIONAL_REPRESENTATION('',(#7650),#7654);
#7650 = LINE('',#7651,#7652);
#7651 = CARTESIAN_POINT('',(-0.,0.));
#7652 = VECTOR('',#7653,1.);
#7653 = DIRECTION('',(-1.,0.));
#7654 = ( GEOMETRIC_REPRESENTATION_CONTEXT(2) 
PARAMETRIC_REPRESENTATION_CONTEXT() REPRESENTATION_CONTEXT('2D SPACE',''
  ) );
#7655 = PCURVE('',#7656,#7661);
#7656 = PLANE('',#7657);
#7657 = AXIS2_PLACEMENT_3D('',#7658,#7659,#7660);
#7658 = CARTESIAN_POINT('',(-57.88506544041,21.068440828861,391.668));
#7659 = DIRECTION('',(0.,0.,1.));
#7660 = DIRECTION('',(1.,0.,-0.));
#7661 = DEFINITIONAL_REPRESENTATION('',(#7662),#7666);
#7662 = CIRCLE('',#7663,5.5);
#7663 = AXIS2_PLACEMENT_2D('',#7664,#7665);
#7664 = CARTESIAN_POINT('',(-1.42108547152E-14,0.));
#7665 = DIRECTION('',(1.,0.));
#7666 = ( GEOMETRIC_REPRESENTATION_CONTEXT(2) 
PARAMETRIC_REPRESENTATION_CONTEXT() REPRESENTATION_CONTEXT('2D SPACE',''
  ) );
#7667 = ADVANCED_FACE('',(#7668),#7656,.F.);
#7668 = FACE_BOUND('',#7669,.F.);
#7669 = EDGE_LOOP('',(#7670));
#7670 = ORIENTED_EDGE('',*,*,#7641,.T.);
#7671 = ADVANCED_FACE('',(#7672),#7628,.T.);
#7672 = FACE_BOUND('',#7673,.T.);
#7673 = EDGE_LOOP('',(#7674));
#7674 = ORIENTED_EDGE('',*,*,#7613,.T.);
#7675 = ( GEOMETRIC_REPRESENTATION_CONTEXT(3) 
GLOBAL_UNCERTAINTY_ASSIGNED_CONTEXT((#7679)) 
GLOBAL_UNIT_ASSIGNED_CONTEXT((#7676,#7677,#7678)) REPRESENTATION_CONTEXT
('Context #1','3D Context with UNIT and UNCERTAINTY') );
#7676 = ( LENGTH_UNIT() NAMED_UNIT(*) SI_UNIT(.MILLI.,.METRE.) );
#7677 = ( NAMED_UNIT(*) PLANE_ANGLE_UNIT() SI_UNIT($,.RADIAN.) );
#7678 = ( NAMED_UNIT(*) SI_UNIT($,.STERADIAN.) SOLID_ANGLE_UNIT() );
#7679 = UNCERTAINTY_MEASURE_WITH_UNIT(LENGTH_MEASURE(1.E-07),#7676,
  'distance_accuracy_value','confusion accuracy');
#7680 = CONTEXT_DEPENDENT_SHAPE_REPRESENTATION(#7681,#7683);
#7681 = ( REPRESENTATION_RELATIONSHIP('','',#7576,#10) 
REPRESENTATION_RELATIONSHIP_WITH_TRANSFORMATION(#7682) 
SHAPE_REPRESENTATION_RELATIONSHIP() );
#7682 = ITEM_DEFINED_TRANSFORMATION('','',#11,#67);
#7683 = PRODUCT_DEFINITION_SHAPE('Placement','Placement of an item',
  #7684);
#7684 = NEXT_ASSEMBLY_USAGE_OCCURRENCE('14','Port_2','',#5,#7571,$);
#7685 = PRODUCT_RELATED_PRODUCT_CATEGORY('part',$,(#7573));
#7686 = SHAPE_DEFINITION_REPRESENTATION(#7687,#7693);
#7687 = PRODUCT_DEFINITION_SHAPE('','',#7688);
#7688 = PRODUCT_DEFINITION('design','',#7689,#7692);
#7689 = PRODUCT_DEFINITION_FORMATION('','',#7690);
#7690 = PRODUCT('Port_3','Port_3','',(#7691));
#7691 = PRODUCT_CONTEXT('',#2,'mechanical');
#7692 = PRODUCT_DEFINITION_CONTEXT('part definition',#2,'design');
#7693 = ADVANCED_BREP_SHAPE_REPRESENTATION('',(#11,#7694),#7792);
#7694 = MANIFOLD_SOLID_BREP('',#7695);
#7695 = CLOSED_SHELL('',(#7696,#7784,#7788));
#7696 = ADVANCED_FACE('',(#7697),#7711,.T.);
#7697 = FACE_BOUND('',#7698,.F.);
#7698 = EDGE_LOOP('',(#7699,#7729,#7756,#7757));
#7699 = ORIENTED_EDGE('',*,*,#7700,.T.);
#7700 = EDGE_CURVE('',#7701,#7703,#7705,.T.);
#7701 = VERTEX_POINT('',#7702);
#7702 = CARTESIAN_POINT('',(-25.3,53.347164873121,391.668));
#7703 = VERTEX_POINT('',#7704);
#7704 = CARTESIAN_POINT('',(-25.3,53.347164873121,415.668));
#7705 = SEAM_CURVE('',#7706,(#7710,#7722),.PCURVE_S1.);
#7706 = LINE('',#7707,#7708);
#7707 = CARTESIAN_POINT('',(-25.3,53.347164873121,391.668));
#7708 = VECTOR('',#7709,1.);
#7709 = DIRECTION('',(0.,0.,1.));
#7710 = PCURVE('',#7711,#7716);
#7711 = CYLINDRICAL_SURFACE('',#7712,5.5);
#7712 = AXIS2_PLACEMENT_3D('',#7713,#7714,#7715);
#7713 = CARTESIAN_POINT('',(-30.8,53.347164873121,391.668));
#7714 = DIRECTION('',(-0.,-0.,-1.));
#7715 = DIRECTION('',(1.,0.,0.));
#7716 = DEFINITIONAL_REPRESENTATION('',(#7717),#7721);
#7717 = LINE('',#7718,#7719);
#7718 = CARTESIAN_POINT('',(-0.,0.));
#7719 = VECTOR('',#7720,1.);
#7720 = DIRECTION('',(-0.,-1.));
#7721 = ( GEOMETRIC_REPRESENTATION_CONTEXT(2) 
PARAMETRIC_REPRESENTATION_CONTEXT() REPRESENTATION_CONTEXT('2D SPACE',''
  ) );
#7722 = PCURVE('',#7711,#7723);
#7723 = DEFINITIONAL_REPRESENTATION('',(#7724),#7728);
#7724 = LINE('',#7725,#7726);
#7725 = CARTESIAN_POINT('',(-6.28318530718,0.));
#7726 = VECTOR('',#7727,1.);
#7727 = DIRECTION('',(-0.,-1.));
#7728 = ( GEOMETRIC_REPRESENTATION_CONTEXT(2) 
PARAMETRIC_REPRESENTATION_CONTEXT() REPRESENTATION_CONTEXT('2D SPACE',''
  ) );
#7729 = ORIENTED_EDGE('',*,*,#7730,.T.);
#7730 = EDGE_CURVE('',#7703,#7703,#7731,.T.);
#7731 = SURFACE_CURVE('',#7732,(#7737,#7744),.PCURVE_S1.);
#7732 = CIRCLE('',#7733,5.5);
#7733 = AXIS2_PLACEMENT_3D('',#7734,#7735,#7736);
#7734 = CARTESIAN_POINT('',(-30.8,53.347164873121,415.668));
#7735 = DIRECTION('',(0.,0.,1.));
#7736 = DIRECTION('',(1.,0.,0.));
#7737 = PCURVE('',#7711,#7738);
#7738 = DEFINITIONAL_REPRESENTATION('',(#7739),#7743);
#7739 = LINE('',#7740,#7741);
#7740 = CARTESIAN_POINT('',(-0.,-24.));
#7741 = VECTOR('',#7742,1.);
#7742 = DIRECTION('',(-1.,0.));
#7743 = ( GEOMETRIC_REPRESENTATION_CONTEXT(2) 
PARAMETRIC_REPRESENTATION_CONTEXT() REPRESENTATION_CONTEXT('2D SPACE',''
  ) );
#7744 = PCURVE('',#7745,#7750);
#7745 = PLANE('',#7746);
#7746 = AXIS2_PLACEMENT_3D('',#7747,#7748,#7749);
#7747 = CARTESIAN_POINT('',(-30.8,53.347164873121,415.668));
#7748 = DIRECTION('',(0.,0.,1.));
#7749 = DIRECTION('',(1.,0.,-0.));
#7750 = DEFINITIONAL_REPRESENTATION('',(#7751),#7755);
#7751 = CIRCLE('',#7752,5.5);
#7752 = AXIS2_PLACEMENT_2D('',#7753,#7754);
#7753 = CARTESIAN_POINT('',(0.,0.));
#7754 = DIRECTION('',(1.,0.));
#7755 = ( GEOMETRIC_REPRESENTATION_CONTEXT(2) 
PARAMETRIC_REPRESENTATION_CONTEXT() REPRESENTATION_CONTEXT('2D SPACE',''
  ) );
#7756 = ORIENTED_EDGE('',*,*,#7700,.F.);
#7757 = ORIENTED_EDGE('',*,*,#7758,.F.);
#7758 = EDGE_CURVE('',#7701,#7701,#7759,.T.);
#7759 = SURFACE_CURVE('',#7760,(#7765,#7772),.PCURVE_S1.);
#7760 = CIRCLE('',#7761,5.5);
#7761 = AXIS2_PLACEMENT_3D('',#7762,#7763,#7764);
#7762 = CARTESIAN_POINT('',(-30.8,53.347164873121,391.668));
#7763 = DIRECTION('',(0.,0.,1.));
#7764 = DIRECTION('',(1.,0.,0.));
#7765 = PCURVE('',#7711,#7766);
#7766 = DEFINITIONAL_REPRESENTATION('',(#7767),#7771);
#7767 = LINE('',#7768,#7769);
#7768 = CARTESIAN_POINT('',(-0.,0.));
#7769 = VECTOR('',#7770,1.);
#7770 = DIRECTION('',(-1.,0.));
#7771 = ( GEOMETRIC_REPRESENTATION_CONTEXT(2) 
PARAMETRIC_REPRESENTATION_CONTEXT() REPRESENTATION_CONTEXT('2D SPACE',''
  ) );
#7772 = PCURVE('',#7773,#7778);
#7773 = PLANE('',#7774);
#7774 = AXIS2_PLACEMENT_3D('',#7775,#7776,#7777);
#7775 = CARTESIAN_POINT('',(-30.8,53.347164873121,391.668));
#7776 = DIRECTION('',(0.,0.,1.));
#7777 = DIRECTION('',(1.,0.,-0.));
#7778 = DEFINITIONAL_REPRESENTATION('',(#7779),#7783);
#7779 = CIRCLE('',#7780,5.5);
#7780 = AXIS2_PLACEMENT_2D('',#7781,#7782);
#7781 = CARTESIAN_POINT('',(0.,0.));
#7782 = DIRECTION('',(1.,0.));
#7783 = ( GEOMETRIC_REPRESENTATION_CONTEXT(2) 
PARAMETRIC_REPRESENTATION_CONTEXT() REPRESENTATION_CONTEXT('2D SPACE',''
  ) );
#7784 = ADVANCED_FACE('',(#7785),#7773,.F.);
#7785 = FACE_BOUND('',#7786,.F.);
#7786 = EDGE_LOOP('',(#7787));
#7787 = ORIENTED_EDGE('',*,*,#7758,.T.);
#7788 = ADVANCED_FACE('',(#7789),#7745,.T.);
#7789 = FACE_BOUND('',#7790,.T.);
#7790 = EDGE_LOOP('',(#7791));
#7791 = ORIENTED_EDGE('',*,*,#7730,.T.);
#7792 = ( GEOMETRIC_REPRESENTATION_CONTEXT(3) 
GLOBAL_UNCERTAINTY_ASSIGNED_CONTEXT((#7796)) 
GLOBAL_UNIT_ASSIGNED_CONTEXT((#7793,#7794,#7795)) REPRESENTATION_CONTEXT
('Context #1','3D Context with UNIT and UNCERTAINTY') );
#7793 = ( LENGTH_UNIT() NAMED_UNIT(*) SI_UNIT(.MILLI.,.METRE.) );
#7794 = ( NAMED_UNIT(*) PLANE_ANGLE_UNIT() SI_UNIT($,.RADIAN.) );
#7795 = ( NAMED_UNIT(*) SI_UNIT($,.STERADIAN.) SOLID_ANGLE_UNIT() );
#7796 = UNCERTAINTY_MEASURE_WITH_UNIT(LENGTH_MEASURE(1.E-07),#7793,
  'distance_accuracy_value','confusion accuracy');
#7797 = CONTEXT_DEPENDENT_SHAPE_REPRESENTATION(#7798,#7800);
#7798 = ( REPRESENTATION_RELATIONSHIP('','',#7693,#10) 
REPRESENTATION_RELATIONSHIP_WITH_TRANSFORMATION(#7799) 
SHAPE_REPRESENTATION_RELATIONSHIP() );
#7799 = ITEM_DEFINED_TRANSFORMATION('','',#11,#71);
#7800 = PRODUCT_DEFINITION_SHAPE('Placement','Placement of an item',
  #7801);
#7801 = NEXT_ASSEMBLY_USAGE_OCCURRENCE('15','Port_3','',#5,#7688,$);
#7802 = PRODUCT_RELATED_PRODUCT_CATEGORY('part',$,(#7690));
#7803 = SHAPE_DEFINITION_REPRESENTATION(#7804,#7810);
#7804 = PRODUCT_DEFINITION_SHAPE('','',#7805);
#7805 = PRODUCT_DEFINITION('design','',#7806,#7809);
#7806 = PRODUCT_DEFINITION_FORMATION('','',#7807);
#7807 = PRODUCT('Port_4','Port_4','',(#7808));
#7808 = PRODUCT_CONTEXT('',#2,'mechanical');
#7809 = PRODUCT_DEFINITION_CONTEXT('part definition',#2,'design');
#7810 = ADVANCED_BREP_SHAPE_REPRESENTATION('',(#11,#7811),#7909);
#7811 = MANIFOLD_SOLID_BREP('',#7812);
#7812 = CLOSED_SHELL('',(#7813,#7901,#7905));
#7813 = ADVANCED_FACE('',(#7814),#7828,.T.);
#7814 = FACE_BOUND('',#7815,.F.);
#7815 = EDGE_LOOP('',(#7816,#7846,#7873,#7874));
#7816 = ORIENTED_EDGE('',*,*,#7817,.T.);
#7817 = EDGE_CURVE('',#7818,#7820,#7822,.T.);
#7818 = VERTEX_POINT('',#7819);
#7819 = CARTESIAN_POINT('',(36.3,53.347164873121,391.668));
#7820 = VERTEX_POINT('',#7821);
#7821 = CARTESIAN_POINT('',(36.3,53.347164873121,415.668));
#7822 = SEAM_CURVE('',#7823,(#7827,#7839),.PCURVE_S1.);
#7823 = LINE('',#7824,#7825);
#7824 = CARTESIAN_POINT('',(36.3,53.347164873121,391.668));
#7825 = VECTOR('',#7826,1.);
#7826 = DIRECTION('',(0.,0.,1.));
#7827 = PCURVE('',#7828,#7833);
#7828 = CYLINDRICAL_SURFACE('',#7829,5.5);
#7829 = AXIS2_PLACEMENT_3D('',#7830,#7831,#7832);
#7830 = CARTESIAN_POINT('',(30.8,53.347164873121,391.668));
#7831 = DIRECTION('',(-0.,-0.,-1.));
#7832 = DIRECTION('',(1.,0.,0.));
#7833 = DEFINITIONAL_REPRESENTATION('',(#7834),#7838);
#7834 = LINE('',#7835,#7836);
#7835 = CARTESIAN_POINT('',(-0.,0.));
#7836 = VECTOR('',#7837,1.);
#7837 = DIRECTION('',(-0.,-1.));
#7838 = ( GEOMETRIC_REPRESENTATION_CONTEXT(2) 
PARAMETRIC_REPRESENTATION_CONTEXT() REPRESENTATION_CONTEXT('2D SPACE',''
  ) );
#7839 = PCURVE('',#7828,#7840);
#7840 = DEFINITIONAL_REPRESENTATION('',(#7841),#7845);
#7841 = LINE('',#7842,#7843);
#7842 = CARTESIAN_POINT('',(-6.28318530718,0.));
#7843 = VECTOR('',#7844,1.);
#7844 = DIRECTION('',(-0.,-1.));
#7845 = ( GEOMETRIC_REPRESENTATION_CONTEXT(2) 
PARAMETRIC_REPRESENTATION_CONTEXT() REPRESENTATION_CONTEXT('2D SPACE',''
  ) );
#7846 = ORIENTED_EDGE('',*,*,#7847,.T.);
#7847 = EDGE_CURVE('',#7820,#7820,#7848,.T.);
#7848 = SURFACE_CURVE('',#7849,(#7854,#7861),.PCURVE_S1.);
#7849 = CIRCLE('',#7850,5.5);
#7850 = AXIS2_PLACEMENT_3D('',#7851,#7852,#7853);
#7851 = CARTESIAN_POINT('',(30.8,53.347164873121,415.668));
#7852 = DIRECTION('',(0.,0.,1.));
#7853 = DIRECTION('',(1.,0.,0.));
#7854 = PCURVE('',#7828,#7855);
#7855 = DEFINITIONAL_REPRESENTATION('',(#7856),#7860);
#7856 = LINE('',#7857,#7858);
#7857 = CARTESIAN_POINT('',(-0.,-24.));
#7858 = VECTOR('',#7859,1.);
#7859 = DIRECTION('',(-1.,0.));
#7860 = ( GEOMETRIC_REPRESENTATION_CONTEXT(2) 
PARAMETRIC_REPRESENTATION_CONTEXT() REPRESENTATION_CONTEXT('2D SPACE',''
  ) );
#7861 = PCURVE('',#7862,#7867);
#7862 = PLANE('',#7863);
#7863 = AXIS2_PLACEMENT_3D('',#7864,#7865,#7866);
#7864 = CARTESIAN_POINT('',(30.8,53.347164873121,415.668));
#7865 = DIRECTION('',(0.,0.,1.));
#7866 = DIRECTION('',(1.,0.,-0.));
#7867 = DEFINITIONAL_REPRESENTATION('',(#7868),#7872);
#7868 = CIRCLE('',#7869,5.5);
#7869 = AXIS2_PLACEMENT_2D('',#7870,#7871);
#7870 = CARTESIAN_POINT('',(0.,0.));
#7871 = DIRECTION('',(1.,0.));
#7872 = ( GEOMETRIC_REPRESENTATION_CONTEXT(2) 
PARAMETRIC_REPRESENTATION_CONTEXT() REPRESENTATION_CONTEXT('2D SPACE',''
  ) );
#7873 = ORIENTED_EDGE('',*,*,#7817,.F.);
#7874 = ORIENTED_EDGE('',*,*,#7875,.F.);
#7875 = EDGE_CURVE('',#7818,#7818,#7876,.T.);
#7876 = SURFACE_CURVE('',#7877,(#7882,#7889),.PCURVE_S1.);
#7877 = CIRCLE('',#7878,5.5);
#7878 = AXIS2_PLACEMENT_3D('',#7879,#7880,#7881);
#7879 = CARTESIAN_POINT('',(30.8,53.347164873121,391.668));
#7880 = DIRECTION('',(0.,0.,1.));
#7881 = DIRECTION('',(1.,0.,0.));
#7882 = PCURVE('',#7828,#7883);
#7883 = DEFINITIONAL_REPRESENTATION('',(#7884),#7888);
#7884 = LINE('',#7885,#7886);
#7885 = CARTESIAN_POINT('',(-0.,0.));
#7886 = VECTOR('',#7887,1.);
#7887 = DIRECTION('',(-1.,0.));
#7888 = ( GEOMETRIC_REPRESENTATION_CONTEXT(2) 
PARAMETRIC_REPRESENTATION_CONTEXT() REPRESENTATION_CONTEXT('2D SPACE',''
  ) );
#7889 = PCURVE('',#7890,#7895);
#7890 = PLANE('',#7891);
#7891 = AXIS2_PLACEMENT_3D('',#7892,#7893,#7894);
#7892 = CARTESIAN_POINT('',(30.8,53.347164873121,391.668));
#7893 = DIRECTION('',(0.,0.,1.));
#7894 = DIRECTION('',(1.,0.,-0.));
#7895 = DEFINITIONAL_REPRESENTATION('',(#7896),#7900);
#7896 = CIRCLE('',#7897,5.5);
#7897 = AXIS2_PLACEMENT_2D('',#7898,#7899);
#7898 = CARTESIAN_POINT('',(0.,0.));
#7899 = DIRECTION('',(1.,0.));
#7900 = ( GEOMETRIC_REPRESENTATION_CONTEXT(2) 
PARAMETRIC_REPRESENTATION_CONTEXT() REPRESENTATION_CONTEXT('2D SPACE',''
  ) );
#7901 = ADVANCED_FACE('',(#7902),#7890,.F.);
#7902 = FACE_BOUND('',#7903,.F.);
#7903 = EDGE_LOOP('',(#7904));
#7904 = ORIENTED_EDGE('',*,*,#7875,.T.);
#7905 = ADVANCED_FACE('',(#7906),#7862,.T.);
#7906 = FACE_BOUND('',#7907,.T.);
#7907 = EDGE_LOOP('',(#7908));
#7908 = ORIENTED_EDGE('',*,*,#7847,.T.);
#7909 = ( GEOMETRIC_REPRESENTATION_CONTEXT(3) 
GLOBAL_UNCERTAINTY_ASSIGNED_CONTEXT((#7913)) 
GLOBAL_UNIT_ASSIGNED_CONTEXT((#7910,#7911,#7912)) REPRESENTATION_CONTEXT
('Context #1','3D Context with UNIT and UNCERTAINTY') );
#7910 = ( LENGTH_UNIT() NAMED_UNIT(*) SI_UNIT(.MILLI.,.METRE.) );
#7911 = ( NAMED_UNIT(*) PLANE_ANGLE_UNIT() SI_UNIT($,.RADIAN.) );
#7912 = ( NAMED_UNIT(*) SI_UNIT($,.STERADIAN.) SOLID_ANGLE_UNIT() );
#7913 = UNCERTAINTY_MEASURE_WITH_UNIT(LENGTH_MEASURE(1.E-07),#7910,
  'distance_accuracy_value','confusion accuracy');
#7914 = CONTEXT_DEPENDENT_SHAPE_REPRESENTATION(#7915,#7917);
#7915 = ( REPRESENTATION_RELATIONSHIP('','',#7810,#10) 
REPRESENTATION_RELATIONSHIP_WITH_TRANSFORMATION(#7916) 
SHAPE_REPRESENTATION_RELATIONSHIP() );
#7916 = ITEM_DEFINED_TRANSFORMATION('','',#11,#75);
#7917 = PRODUCT_DEFINITION_SHAPE('Placement','Placement of an item',
  #7918);
#7918 = NEXT_ASSEMBLY_USAGE_OCCURRENCE('16','Port_4','',#5,#7805,$);
#7919 = PRODUCT_RELATED_PRODUCT_CATEGORY('part',$,(#7807));
#7920 = SHAPE_DEFINITION_REPRESENTATION(#7921,#7927);
#7921 = PRODUCT_DEFINITION_SHAPE('','',#7922);
#7922 = PRODUCT_DEFINITION('design','',#7923,#7926);
#7923 = PRODUCT_DEFINITION_FORMATION('','',#7924);
#7924 = PRODUCT('Port_5','Port_5','',(#7925));
#7925 = PRODUCT_CONTEXT('',#2,'mechanical');
#7926 = PRODUCT_DEFINITION_CONTEXT('part definition',#2,'design');
#7927 = ADVANCED_BREP_SHAPE_REPRESENTATION('',(#11,#7928),#8026);
#7928 = MANIFOLD_SOLID_BREP('',#7929);
#7929 = CLOSED_SHELL('',(#7930,#8018,#8022));
#7930 = ADVANCED_FACE('',(#7931),#7945,.T.);
#7931 = FACE_BOUND('',#7932,.F.);
#7932 = EDGE_LOOP('',(#7933,#7963,#7990,#7991));
#7933 = ORIENTED_EDGE('',*,*,#7934,.T.);
#7934 = EDGE_CURVE('',#7935,#7937,#7939,.T.);
#7935 = VERTEX_POINT('',#7936);
#7936 = CARTESIAN_POINT('',(63.385065440412,21.068440828861,391.668));
#7937 = VERTEX_POINT('',#7938);
#7938 = CARTESIAN_POINT('',(63.385065440412,21.068440828861,415.668));
#7939 = SEAM_CURVE('',#7940,(#7944,#7956),.PCURVE_S1.);
#7940 = LINE('',#7941,#7942);
#7941 = CARTESIAN_POINT('',(63.385065440412,21.068440828861,391.668));
#7942 = VECTOR('',#7943,1.);
#7943 = DIRECTION('',(0.,0.,1.));
#7944 = PCURVE('',#7945,#7950);
#7945 = CYLINDRICAL_SURFACE('',#7946,5.5);
#7946 = AXIS2_PLACEMENT_3D('',#7947,#7948,#7949);
#7947 = CARTESIAN_POINT('',(57.885065440412,21.068440828861,391.668));
#7948 = DIRECTION('',(-0.,-0.,-1.));
#7949 = DIRECTION('',(1.,0.,0.));
#7950 = DEFINITIONAL_REPRESENTATION('',(#7951),#7955);
#7951 = LINE('',#7952,#7953);
#7952 = CARTESIAN_POINT('',(-0.,0.));
#7953 = VECTOR('',#7954,1.);
#7954 = DIRECTION('',(-0.,-1.));
#7955 = ( GEOMETRIC_REPRESENTATION_CONTEXT(2) 
PARAMETRIC_REPRESENTATION_CONTEXT() REPRESENTATION_CONTEXT('2D SPACE',''
  ) );
#7956 = PCURVE('',#7945,#7957);
#7957 = DEFINITIONAL_REPRESENTATION('',(#7958),#7962);
#7958 = LINE('',#7959,#7960);
#7959 = CARTESIAN_POINT('',(-6.28318530718,0.));
#7960 = VECTOR('',#7961,1.);
#7961 = DIRECTION('',(-0.,-1.));
#7962 = ( GEOMETRIC_REPRESENTATION_CONTEXT(2) 
PARAMETRIC_REPRESENTATION_CONTEXT() REPRESENTATION_CONTEXT('2D SPACE',''
  ) );
#7963 = ORIENTED_EDGE('',*,*,#7964,.T.);
#7964 = EDGE_CURVE('',#7937,#7937,#7965,.T.);
#7965 = SURFACE_CURVE('',#7966,(#7971,#7978),.PCURVE_S1.);
#7966 = CIRCLE('',#7967,5.5);
#7967 = AXIS2_PLACEMENT_3D('',#7968,#7969,#7970);
#7968 = CARTESIAN_POINT('',(57.885065440412,21.068440828861,415.668));
#7969 = DIRECTION('',(0.,0.,1.));
#7970 = DIRECTION('',(1.,0.,0.));
#7971 = PCURVE('',#7945,#7972);
#7972 = DEFINITIONAL_REPRESENTATION('',(#7973),#7977);
#7973 = LINE('',#7974,#7975);
#7974 = CARTESIAN_POINT('',(-0.,-24.));
#7975 = VECTOR('',#7976,1.);
#7976 = DIRECTION('',(-1.,0.));
#7977 = ( GEOMETRIC_REPRESENTATION_CONTEXT(2) 
PARAMETRIC_REPRESENTATION_CONTEXT() REPRESENTATION_CONTEXT('2D SPACE',''
  ) );
#7978 = PCURVE('',#7979,#7984);
#7979 = PLANE('',#7980);
#7980 = AXIS2_PLACEMENT_3D('',#7981,#7982,#7983);
#7981 = CARTESIAN_POINT('',(57.885065440412,21.068440828861,415.668));
#7982 = DIRECTION('',(0.,0.,1.));
#7983 = DIRECTION('',(1.,0.,-0.));
#7984 = DEFINITIONAL_REPRESENTATION('',(#7985),#7989);
#7985 = CIRCLE('',#7986,5.5);
#7986 = AXIS2_PLACEMENT_2D('',#7987,#7988);
#7987 = CARTESIAN_POINT('',(0.,-3.552713678801E-15));
#7988 = DIRECTION('',(1.,0.));
#7989 = ( GEOMETRIC_REPRESENTATION_CONTEXT(2) 
PARAMETRIC_REPRESENTATION_CONTEXT() REPRESENTATION_CONTEXT('2D SPACE',''
  ) );
#7990 = ORIENTED_EDGE('',*,*,#7934,.F.);
#7991 = ORIENTED_EDGE('',*,*,#7992,.F.);
#7992 = EDGE_CURVE('',#7935,#7935,#7993,.T.);
#7993 = SURFACE_CURVE('',#7994,(#7999,#8006),.PCURVE_S1.);
#7994 = CIRCLE('',#7995,5.5);
#7995 = AXIS2_PLACEMENT_3D('',#7996,#7997,#7998);
#7996 = CARTESIAN_POINT('',(57.885065440412,21.068440828861,391.668));
#7997 = DIRECTION('',(0.,0.,1.));
#7998 = DIRECTION('',(1.,0.,0.));
#7999 = PCURVE('',#7945,#8000);
#8000 = DEFINITIONAL_REPRESENTATION('',(#8001),#8005);
#8001 = LINE('',#8002,#8003);
#8002 = CARTESIAN_POINT('',(-0.,0.));
#8003 = VECTOR('',#8004,1.);
#8004 = DIRECTION('',(-1.,0.));
#8005 = ( GEOMETRIC_REPRESENTATION_CONTEXT(2) 
PARAMETRIC_REPRESENTATION_CONTEXT() REPRESENTATION_CONTEXT('2D SPACE',''
  ) );
#8006 = PCURVE('',#8007,#8012);
#8007 = PLANE('',#8008);
#8008 = AXIS2_PLACEMENT_3D('',#8009,#8010,#8011);
#8009 = CARTESIAN_POINT('',(57.885065440412,21.068440828861,391.668));
#8010 = DIRECTION('',(0.,0.,1.));
#8011 = DIRECTION('',(1.,0.,-0.));
#8012 = DEFINITIONAL_REPRESENTATION('',(#8013),#8017);
#8013 = CIRCLE('',#8014,5.5);
#8014 = AXIS2_PLACEMENT_2D('',#8015,#8016);
#8015 = CARTESIAN_POINT('',(0.,-3.552713678801E-15));
#8016 = DIRECTION('',(1.,0.));
#8017 = ( GEOMETRIC_REPRESENTATION_CONTEXT(2) 
PARAMETRIC_REPRESENTATION_CONTEXT() REPRESENTATION_CONTEXT('2D SPACE',''
  ) );
#8018 = ADVANCED_FACE('',(#8019),#8007,.F.);
#8019 = FACE_BOUND('',#8020,.F.);
#8020 = EDGE_LOOP('',(#8021));
#8021 = ORIENTED_EDGE('',*,*,#7992,.T.);
#8022 = ADVANCED_FACE('',(#8023),#7979,.T.);
#8023 = FACE_BOUND('',#8024,.T.);
#8024 = EDGE_LOOP('',(#8025));
#8025 = ORIENTED_EDGE('',*,*,#7964,.T.);
#8026 = ( GEOMETRIC_REPRESENTATION_CONTEXT(3) 
GLOBAL_UNCERTAINTY_ASSIGNED_CONTEXT((#8030)) 
GLOBAL_UNIT_ASSIGNED_CONTEXT((#8027,#8028,#8029)) REPRESENTATION_CONTEXT
('Context #1','3D Context with UNIT and UNCERTAINTY') );
#8027 = ( LENGTH_UNIT() NAMED_UNIT(*) SI_UNIT(.MILLI.,.METRE.) );
#8028 = ( NAMED_UNIT(*) PLANE_ANGLE_UNIT() SI_UNIT($,.RADIAN.) );
#8029 = ( NAMED_UNIT(*) SI_UNIT($,.STERADIAN.) SOLID_ANGLE_UNIT() );
#8030 = UNCERTAINTY_MEASURE_WITH_UNIT(LENGTH_MEASURE(1.E-07),#8027,
  'distance_accuracy_value','confusion accuracy');
#8031 = CONTEXT_DEPENDENT_SHAPE_REPRESENTATION(#8032,#8034);
#8032 = ( REPRESENTATION_RELATIONSHIP('','',#7927,#10) 
REPRESENTATION_RELATIONSHIP_WITH_TRANSFORMATION(#8033) 
SHAPE_REPRESENTATION_RELATIONSHIP() );
#8033 = ITEM_DEFINED_TRANSFORMATION('','',#11,#79);
#8034 = PRODUCT_DEFINITION_SHAPE('Placement','Placement of an item',
  #8035);
#8035 = NEXT_ASSEMBLY_USAGE_OCCURRENCE('17','Port_5','',#5,#7922,$);
#8036 = PRODUCT_RELATED_PRODUCT_CATEGORY('part',$,(#7924));
#8037 = SHAPE_DEFINITION_REPRESENTATION(#8038,#8044);
#8038 = PRODUCT_DEFINITION_SHAPE('','',#8039);
#8039 = PRODUCT_DEFINITION('design','',#8040,#8043);
#8040 = PRODUCT_DEFINITION_FORMATION('','',#8041);
#8041 = PRODUCT('Port_6','Port_6','',(#8042));
#8042 = PRODUCT_CONTEXT('',#2,'mechanical');
#8043 = PRODUCT_DEFINITION_CONTEXT('part definition',#2,'design');
#8044 = ADVANCED_BREP_SHAPE_REPRESENTATION('',(#11,#8045),#8143);
#8045 = MANIFOLD_SOLID_BREP('',#8046);
#8046 = CLOSED_SHELL('',(#8047,#8135,#8139));
#8047 = ADVANCED_FACE('',(#8048),#8062,.T.);
#8048 = FACE_BOUND('',#8049,.F.);
#8049 = EDGE_LOOP('',(#8050,#8080,#8107,#8108));
#8050 = ORIENTED_EDGE('',*,*,#8051,.T.);
#8051 = EDGE_CURVE('',#8052,#8054,#8056,.T.);
#8052 = VERTEX_POINT('',#8053);
#8053 = CARTESIAN_POINT('',(63.385065440412,-21.06844082886,391.668));
#8054 = VERTEX_POINT('',#8055);
#8055 = CARTESIAN_POINT('',(63.385065440412,-21.06844082886,415.668));
#8056 = SEAM_CURVE('',#8057,(#8061,#8073),.PCURVE_S1.);
#8057 = LINE('',#8058,#8059);
#8058 = CARTESIAN_POINT('',(63.385065440412,-21.06844082886,391.668));
#8059 = VECTOR('',#8060,1.);
#8060 = DIRECTION('',(0.,0.,1.));
#8061 = PCURVE('',#8062,#8067);
#8062 = CYLINDRICAL_SURFACE('',#8063,5.5);
#8063 = AXIS2_PLACEMENT_3D('',#8064,#8065,#8066);
#8064 = CARTESIAN_POINT('',(57.885065440412,-21.06844082886,391.668));
#8065 = DIRECTION('',(-0.,-0.,-1.));
#8066 = DIRECTION('',(1.,0.,0.));
#8067 = DEFINITIONAL_REPRESENTATION('',(#8068),#8072);
#8068 = LINE('',#8069,#8070);
#8069 = CARTESIAN_POINT('',(-0.,0.));
#8070 = VECTOR('',#8071,1.);
#8071 = DIRECTION('',(-0.,-1.));
#8072 = ( GEOMETRIC_REPRESENTATION_CONTEXT(2) 
PARAMETRIC_REPRESENTATION_CONTEXT() REPRESENTATION_CONTEXT('2D SPACE',''
  ) );
#8073 = PCURVE('',#8062,#8074);
#8074 = DEFINITIONAL_REPRESENTATION('',(#8075),#8079);
#8075 = LINE('',#8076,#8077);
#8076 = CARTESIAN_POINT('',(-6.28318530718,0.));
#8077 = VECTOR('',#8078,1.);
#8078 = DIRECTION('',(-0.,-1.));
#8079 = ( GEOMETRIC_REPRESENTATION_CONTEXT(2) 
PARAMETRIC_REPRESENTATION_CONTEXT() REPRESENTATION_CONTEXT('2D SPACE',''
  ) );
#8080 = ORIENTED_EDGE('',*,*,#8081,.T.);
#8081 = EDGE_CURVE('',#8054,#8054,#8082,.T.);
#8082 = SURFACE_CURVE('',#8083,(#8088,#8095),.PCURVE_S1.);
#8083 = CIRCLE('',#8084,5.5);
#8084 = AXIS2_PLACEMENT_3D('',#8085,#8086,#8087);
#8085 = CARTESIAN_POINT('',(57.885065440412,-21.06844082886,415.668));
#8086 = DIRECTION('',(0.,0.,1.));
#8087 = DIRECTION('',(1.,0.,0.));
#8088 = PCURVE('',#8062,#8089);
#8089 = DEFINITIONAL_REPRESENTATION('',(#8090),#8094);
#8090 = LINE('',#8091,#8092);
#8091 = CARTESIAN_POINT('',(-0.,-24.));
#8092 = VECTOR('',#8093,1.);
#8093 = DIRECTION('',(-1.,0.));
#8094 = ( GEOMETRIC_REPRESENTATION_CONTEXT(2) 
PARAMETRIC_REPRESENTATION_CONTEXT() REPRESENTATION_CONTEXT('2D SPACE',''
  ) );
#8095 = PCURVE('',#8096,#8101);
#8096 = PLANE('',#8097);
#8097 = AXIS2_PLACEMENT_3D('',#8098,#8099,#8100);
#8098 = CARTESIAN_POINT('',(57.885065440412,-21.06844082886,415.668));
#8099 = DIRECTION('',(0.,0.,1.));
#8100 = DIRECTION('',(1.,0.,-0.));
#8101 = DEFINITIONAL_REPRESENTATION('',(#8102),#8106);
#8102 = CIRCLE('',#8103,5.5);
#8103 = AXIS2_PLACEMENT_2D('',#8104,#8105);
#8104 = CARTESIAN_POINT('',(0.,3.552713678801E-15));
#8105 = DIRECTION('',(1.,0.));
#8106 = ( GEOMETRIC_REPRESENTATION_CONTEXT(2) 
PARAMETRIC_REPRESENTATION_CONTEXT() REPRESENTATION_CONTEXT('2D SPACE',''
  ) );
#8107 = ORIENTED_EDGE('',*,*,#8051,.F.);
#8108 = ORIENTED_EDGE('',*,*,#8109,.F.);
#8109 = EDGE_CURVE('',#8052,#8052,#8110,.T.);
#8110 = SURFACE_CURVE('',#8111,(#8116,#8123),.PCURVE_S1.);
#8111 = CIRCLE('',#8112,5.5);
#8112 = AXIS2_PLACEMENT_3D('',#8113,#8114,#8115);
#8113 = CARTESIAN_POINT('',(57.885065440412,-21.06844082886,391.668));
#8114 = DIRECTION('',(0.,0.,1.));
#8115 = DIRECTION('',(1.,0.,0.));
#8116 = PCURVE('',#8062,#8117);
#8117 = DEFINITIONAL_REPRESENTATION('',(#8118),#8122);
#8118 = LINE('',#8119,#8120);
#8119 = CARTESIAN_POINT('',(-0.,0.));
#8120 = VECTOR('',#8121,1.);
#8121 = DIRECTION('',(-1.,0.));
#8122 = ( GEOMETRIC_REPRESENTATION_CONTEXT(2) 
PARAMETRIC_REPRESENTATION_CONTEXT() REPRESENTATION_CONTEXT('2D SPACE',''
  ) );
#8123 = PCURVE('',#8124,#8129);
#8124 = PLANE('',#8125);
#8125 = AXIS2_PLACEMENT_3D('',#8126,#8127,#8128);
#8126 = CARTESIAN_POINT('',(57.885065440412,-21.06844082886,391.668));
#8127 = DIRECTION('',(0.,0.,1.));
#8128 = DIRECTION('',(1.,0.,-0.));
#8129 = DEFINITIONAL_REPRESENTATION('',(#8130),#8134);
#8130 = CIRCLE('',#8131,5.5);
#8131 = AXIS2_PLACEMENT_2D('',#8132,#8133);
#8132 = CARTESIAN_POINT('',(0.,3.552713678801E-15));
#8133 = DIRECTION('',(1.,0.));
#8134 = ( GEOMETRIC_REPRESENTATION_CONTEXT(2) 
PARAMETRIC_REPRESENTATION_CONTEXT() REPRESENTATION_CONTEXT('2D SPACE',''
  ) );
#8135 = ADVANCED_FACE('',(#8136),#8124,.F.);
#8136 = FACE_BOUND('',#8137,.F.);
#8137 = EDGE_LOOP('',(#8138));
#8138 = ORIENTED_EDGE('',*,*,#8109,.T.);
#8139 = ADVANCED_FACE('',(#8140),#8096,.T.);
#8140 = FACE_BOUND('',#8141,.T.);
#8141 = EDGE_LOOP('',(#8142));
#8142 = ORIENTED_EDGE('',*,*,#8081,.T.);
#8143 = ( GEOMETRIC_REPRESENTATION_CONTEXT(3) 
GLOBAL_UNCERTAINTY_ASSIGNED_CONTEXT((#8147)) 
GLOBAL_UNIT_ASSIGNED_CONTEXT((#8144,#8145,#8146)) REPRESENTATION_CONTEXT
('Context #1','3D Context with UNIT and UNCERTAINTY') );
#8144 = ( LENGTH_UNIT() NAMED_UNIT(*) SI_UNIT(.MILLI.,.METRE.) );
#8145 = ( NAMED_UNIT(*) PLANE_ANGLE_UNIT() SI_UNIT($,.RADIAN.) );
#8146 = ( NAMED_UNIT(*) SI_UNIT($,.STERADIAN.) SOLID_ANGLE_UNIT() );
#8147 = UNCERTAINTY_MEASURE_WITH_UNIT(LENGTH_MEASURE(1.E-07),#8144,
  'distance_accuracy_value','confusion accuracy');
#8148 = CONTEXT_DEPENDENT_SHAPE_REPRESENTATION(#8149,#8151);
#8149 = ( REPRESENTATION_RELATIONSHIP('','',#8044,#10) 
REPRESENTATION_RELATIONSHIP_WITH_TRANSFORMATION(#8150) 
SHAPE_REPRESENTATION_RELATIONSHIP() );
#8150 = ITEM_DEFINED_TRANSFORMATION('','',#11,#83);
#8151 = PRODUCT_DEFINITION_SHAPE('Placement','Placement of an item',
  #8152);
#8152 = NEXT_ASSEMBLY_USAGE_OCCURRENCE('18','Port_6','',#5,#8039,$);
#8153 = PRODUCT_RELATED_PRODUCT_CATEGORY('part',$,(#8041));
#8154 = SHAPE_DEFINITION_REPRESENTATION(#8155,#8161);
#8155 = PRODUCT_DEFINITION_SHAPE('','',#8156);
#8156 = PRODUCT_DEFINITION('design','',#8157,#8160);
#8157 = PRODUCT_DEFINITION_FORMATION('','',#8158);
#8158 = PRODUCT('Port_7','Port_7','',(#8159));
#8159 = PRODUCT_CONTEXT('',#2,'mechanical');
#8160 = PRODUCT_DEFINITION_CONTEXT('part definition',#2,'design');
#8161 = ADVANCED_BREP_SHAPE_REPRESENTATION('',(#11,#8162),#8260);
#8162 = MANIFOLD_SOLID_BREP('',#8163);
#8163 = CLOSED_SHELL('',(#8164,#8252,#8256));
#8164 = ADVANCED_FACE('',(#8165),#8179,.T.);
#8165 = FACE_BOUND('',#8166,.F.);
#8166 = EDGE_LOOP('',(#8167,#8197,#8224,#8225));
#8167 = ORIENTED_EDGE('',*,*,#8168,.T.);
#8168 = EDGE_CURVE('',#8169,#8171,#8173,.T.);
#8169 = VERTEX_POINT('',#8170);
#8170 = CARTESIAN_POINT('',(36.3,-53.34716487312,391.668));
#8171 = VERTEX_POINT('',#8172);
#8172 = CARTESIAN_POINT('',(36.3,-53.34716487312,415.668));
#8173 = SEAM_CURVE('',#8174,(#8178,#8190),.PCURVE_S1.);
#8174 = LINE('',#8175,#8176);
#8175 = CARTESIAN_POINT('',(36.3,-53.34716487312,391.668));
#8176 = VECTOR('',#8177,1.);
#8177 = DIRECTION('',(0.,0.,1.));
#8178 = PCURVE('',#8179,#8184);
#8179 = CYLINDRICAL_SURFACE('',#8180,5.5);
#8180 = AXIS2_PLACEMENT_3D('',#8181,#8182,#8183);
#8181 = CARTESIAN_POINT('',(30.8,-53.34716487312,391.668));
#8182 = DIRECTION('',(-0.,-0.,-1.));
#8183 = DIRECTION('',(1.,0.,0.));
#8184 = DEFINITIONAL_REPRESENTATION('',(#8185),#8189);
#8185 = LINE('',#8186,#8187);
#8186 = CARTESIAN_POINT('',(-0.,0.));
#8187 = VECTOR('',#8188,1.);
#8188 = DIRECTION('',(-0.,-1.));
#8189 = ( GEOMETRIC_REPRESENTATION_CONTEXT(2) 
PARAMETRIC_REPRESENTATION_CONTEXT() REPRESENTATION_CONTEXT('2D SPACE',''
  ) );
#8190 = PCURVE('',#8179,#8191);
#8191 = DEFINITIONAL_REPRESENTATION('',(#8192),#8196);
#8192 = LINE('',#8193,#8194);
#8193 = CARTESIAN_POINT('',(-6.28318530718,0.));
#8194 = VECTOR('',#8195,1.);
#8195 = DIRECTION('',(-0.,-1.));
#8196 = ( GEOMETRIC_REPRESENTATION_CONTEXT(2) 
PARAMETRIC_REPRESENTATION_CONTEXT() REPRESENTATION_CONTEXT('2D SPACE',''
  ) );
#8197 = ORIENTED_EDGE('',*,*,#8198,.T.);
#8198 = EDGE_CURVE('',#8171,#8171,#8199,.T.);
#8199 = SURFACE_CURVE('',#8200,(#8205,#8212),.PCURVE_S1.);
#8200 = CIRCLE('',#8201,5.5);
#8201 = AXIS2_PLACEMENT_3D('',#8202,#8203,#8204);
#8202 = CARTESIAN_POINT('',(30.8,-53.34716487312,415.668));
#8203 = DIRECTION('',(0.,0.,1.));
#8204 = DIRECTION('',(1.,0.,0.));
#8205 = PCURVE('',#8179,#8206);
#8206 = DEFINITIONAL_REPRESENTATION('',(#8207),#8211);
#8207 = LINE('',#8208,#8209);
#8208 = CARTESIAN_POINT('',(-0.,-24.));
#8209 = VECTOR('',#8210,1.);
#8210 = DIRECTION('',(-1.,0.));
#8211 = ( GEOMETRIC_REPRESENTATION_CONTEXT(2) 
PARAMETRIC_REPRESENTATION_CONTEXT() REPRESENTATION_CONTEXT('2D SPACE',''
  ) );
#8212 = PCURVE('',#8213,#8218);
#8213 = PLANE('',#8214);
#8214 = AXIS2_PLACEMENT_3D('',#8215,#8216,#8217);
#8215 = CARTESIAN_POINT('',(30.8,-53.34716487312,415.668));
#8216 = DIRECTION('',(0.,0.,1.));
#8217 = DIRECTION('',(1.,0.,-0.));
#8218 = DEFINITIONAL_REPRESENTATION('',(#8219),#8223);
#8219 = CIRCLE('',#8220,5.5);
#8220 = AXIS2_PLACEMENT_2D('',#8221,#8222);
#8221 = CARTESIAN_POINT('',(0.,0.));
#8222 = DIRECTION('',(1.,0.));
#8223 = ( GEOMETRIC_REPRESENTATION_CONTEXT(2) 
PARAMETRIC_REPRESENTATION_CONTEXT() REPRESENTATION_CONTEXT('2D SPACE',''
  ) );
#8224 = ORIENTED_EDGE('',*,*,#8168,.F.);
#8225 = ORIENTED_EDGE('',*,*,#8226,.F.);
#8226 = EDGE_CURVE('',#8169,#8169,#8227,.T.);
#8227 = SURFACE_CURVE('',#8228,(#8233,#8240),.PCURVE_S1.);
#8228 = CIRCLE('',#8229,5.5);
#8229 = AXIS2_PLACEMENT_3D('',#8230,#8231,#8232);
#8230 = CARTESIAN_POINT('',(30.8,-53.34716487312,391.668));
#8231 = DIRECTION('',(0.,0.,1.));
#8232 = DIRECTION('',(1.,0.,0.));
#8233 = PCURVE('',#8179,#8234);
#8234 = DEFINITIONAL_REPRESENTATION('',(#8235),#8239);
#8235 = LINE('',#8236,#8237);
#8236 = CARTESIAN_POINT('',(-0.,0.));
#8237 = VECTOR('',#8238,1.);
#8238 = DIRECTION('',(-1.,0.));
#8239 = ( GEOMETRIC_REPRESENTATION_CONTEXT(2) 
PARAMETRIC_REPRESENTATION_CONTEXT() REPRESENTATION_CONTEXT('2D SPACE',''
  ) );
#8240 = PCURVE('',#8241,#8246);
#8241 = PLANE('',#8242);
#8242 = AXIS2_PLACEMENT_3D('',#8243,#8244,#8245);
#8243 = CARTESIAN_POINT('',(30.8,-53.34716487312,391.668));
#8244 = DIRECTION('',(0.,0.,1.));
#8245 = DIRECTION('',(1.,0.,-0.));
#8246 = DEFINITIONAL_REPRESENTATION('',(#8247),#8251);
#8247 = CIRCLE('',#8248,5.5);
#8248 = AXIS2_PLACEMENT_2D('',#8249,#8250);
#8249 = CARTESIAN_POINT('',(0.,0.));
#8250 = DIRECTION('',(1.,0.));
#8251 = ( GEOMETRIC_REPRESENTATION_CONTEXT(2) 
PARAMETRIC_REPRESENTATION_CONTEXT() REPRESENTATION_CONTEXT('2D SPACE',''
  ) );
#8252 = ADVANCED_FACE('',(#8253),#8241,.F.);
#8253 = FACE_BOUND('',#8254,.F.);
#8254 = EDGE_LOOP('',(#8255));
#8255 = ORIENTED_EDGE('',*,*,#8226,.T.);
#8256 = ADVANCED_FACE('',(#8257),#8213,.T.);
#8257 = FACE_BOUND('',#8258,.T.);
#8258 = EDGE_LOOP('',(#8259));
#8259 = ORIENTED_EDGE('',*,*,#8198,.T.);
#8260 = ( GEOMETRIC_REPRESENTATION_CONTEXT(3) 
GLOBAL_UNCERTAINTY_ASSIGNED_CONTEXT((#8264)) 
GLOBAL_UNIT_ASSIGNED_CONTEXT((#8261,#8262,#8263)) REPRESENTATION_CONTEXT
('Context #1','3D Context with UNIT and UNCERTAINTY') );
#8261 = ( LENGTH_UNIT() NAMED_UNIT(*) SI_UNIT(.MILLI.,.METRE.) );
#8262 = ( NAMED_UNIT(*) PLANE_ANGLE_UNIT() SI_UNIT($,.RADIAN.) );
#8263 = ( NAMED_UNIT(*) SI_UNIT($,.STERADIAN.) SOLID_ANGLE_UNIT() );
#8264 = UNCERTAINTY_MEASURE_WITH_UNIT(LENGTH_MEASURE(1.E-07),#8261,
  'distance_accuracy_value','confusion accuracy');
#8265 = CONTEXT_DEPENDENT_SHAPE_REPRESENTATION(#8266,#8268);
#8266 = ( REPRESENTATION_RELATIONSHIP('','',#8161,#10) 
REPRESENTATION_RELATIONSHIP_WITH_TRANSFORMATION(#8267) 
SHAPE_REPRESENTATION_RELATIONSHIP() );
#8267 = ITEM_DEFINED_TRANSFORMATION('','',#11,#87);
#8268 = PRODUCT_DEFINITION_SHAPE('Placement','Placement of an item',
  #8269);
#8269 = NEXT_ASSEMBLY_USAGE_OCCURRENCE('19','Port_7','',#5,#8156,$);
#8270 = PRODUCT_RELATED_PRODUCT_CATEGORY('part',$,(#8158));
#8271 = MECHANICAL_DESIGN_GEOMETRIC_PRESENTATION_REPRESENTATION('',(
    #8272),#342);
#8272 = STYLED_ITEM('color',(#8273),#105);
#8273 = PRESENTATION_STYLE_ASSIGNMENT((#8274));
#8274 = SURFACE_STYLE_USAGE(.BOTH.,#8275);
#8275 = SURFACE_SIDE_STYLE('',(#8276,#8280));
#8276 = SURFACE_STYLE_FILL_AREA(#8277);
#8277 = FILL_AREA_STYLE('',(#8278));
#8278 = FILL_AREA_STYLE_COLOUR('',#8279);
#8279 = COLOUR_RGB('',0.750000000934,0.850000012718,0.950000001282);
#8280 = SURFACE_STYLE_RENDERING_WITH_PROPERTIES(.NORMAL_SHADING.,#8279,(
    #8281));
#8281 = SURFACE_STYLE_TRANSPARENT(0.65000000596);
#8282 = MECHANICAL_DESIGN_GEOMETRIC_PRESENTATION_REPRESENTATION('',(
    #8283),#1103);
#8283 = STYLED_ITEM('color',(#8284),#361);
#8284 = PRESENTATION_STYLE_ASSIGNMENT((#8285));
#8285 = SURFACE_STYLE_USAGE(.BOTH.,#8286);
#8286 = SURFACE_SIDE_STYLE('',(#8287));
#8287 = SURFACE_STYLE_FILL_AREA(#8288);
#8288 = FILL_AREA_STYLE('',(#8289));
#8289 = FILL_AREA_STYLE_COLOUR('',#8290);
#8290 = COLOUR_RGB('',0.789999995908,0.819999987296,0.859999984366);
#8291 = MECHANICAL_DESIGN_GEOMETRIC_PRESENTATION_REPRESENTATION('',(
    #8292),#7909);
#8292 = STYLED_ITEM('color',(#8293),#7811);
#8293 = PRESENTATION_STYLE_ASSIGNMENT((#8294));
#8294 = SURFACE_STYLE_USAGE(.BOTH.,#8295);
#8295 = SURFACE_SIDE_STYLE('',(#8296));
#8296 = SURFACE_STYLE_FILL_AREA(#8297);
#8297 = FILL_AREA_STYLE('',(#8298));
#8298 = FILL_AREA_STYLE_COLOUR('',#8299);
#8299 = COLOUR_RGB('',0.850000012718,0.599999994755,0.24000000363);
#8300 = MECHANICAL_DESIGN_GEOMETRIC_PRESENTATION_REPRESENTATION('',(
    #8301),#1425);
#8301 = STYLED_ITEM('color',(#8302),#1327);
#8302 = PRESENTATION_STYLE_ASSIGNMENT((#8303));
#8303 = SURFACE_STYLE_USAGE(.BOTH.,#8304);
#8304 = SURFACE_SIDE_STYLE('',(#8305));
#8305 = SURFACE_STYLE_FILL_AREA(#8306);
#8306 = FILL_AREA_STYLE('',(#8307));
#8307 = FILL_AREA_STYLE_COLOUR('',#8308);
#8308 = COLOUR_RGB('',0.620000000292,0.690000002877,0.740000011925);
#8309 = MECHANICAL_DESIGN_GEOMETRIC_PRESENTATION_REPRESENTATION('',(
    #8310),#8143);
#8310 = STYLED_ITEM('color',(#8311),#8045);
#8311 = PRESENTATION_STYLE_ASSIGNMENT((#8312));
#8312 = SURFACE_STYLE_USAGE(.BOTH.,#8313);
#8313 = SURFACE_SIDE_STYLE('',(#8314));
#8314 = SURFACE_STYLE_FILL_AREA(#8315);
#8315 = FILL_AREA_STYLE('',(#8316));
#8316 = FILL_AREA_STYLE_COLOUR('',#8299);
#8317 = MECHANICAL_DESIGN_GEOMETRIC_PRESENTATION_REPRESENTATION('',(
    #8318,#8326,#8333,#8340,#8347,#8354,#8361),#3522);
#8318 = STYLED_ITEM('color',(#8319),#1444);
#8319 = PRESENTATION_STYLE_ASSIGNMENT((#8320));
#8320 = SURFACE_STYLE_USAGE(.BOTH.,#8321);
#8321 = SURFACE_SIDE_STYLE('',(#8322));
#8322 = SURFACE_STYLE_FILL_AREA(#8323);
#8323 = FILL_AREA_STYLE('',(#8324));
#8324 = FILL_AREA_STYLE_COLOUR('',#8325);
#8325 = COLOUR_RGB('',0.760000013601,0.230000002338,0.170000001676);
#8326 = STYLED_ITEM('color',(#8327),#1774);
#8327 = PRESENTATION_STYLE_ASSIGNMENT((#8328));
#8328 = SURFACE_STYLE_USAGE(.BOTH.,#8329);
#8329 = SURFACE_SIDE_STYLE('',(#8330));
#8330 = SURFACE_STYLE_FILL_AREA(#8331);
#8331 = FILL_AREA_STYLE('',(#8332));
#8332 = FILL_AREA_STYLE_COLOUR('',#8325);
#8333 = STYLED_ITEM('color',(#8334),#1872);
#8334 = PRESENTATION_STYLE_ASSIGNMENT((#8335));
#8335 = SURFACE_STYLE_USAGE(.BOTH.,#8336);
#8336 = SURFACE_SIDE_STYLE('',(#8337));
#8337 = SURFACE_STYLE_FILL_AREA(#8338);
#8338 = FILL_AREA_STYLE('',(#8339));
#8339 = FILL_AREA_STYLE_COLOUR('',#8325);
#8340 = STYLED_ITEM('color',(#8341),#2202);
#8341 = PRESENTATION_STYLE_ASSIGNMENT((#8342));
#8342 = SURFACE_STYLE_USAGE(.BOTH.,#8343);
#8343 = SURFACE_SIDE_STYLE('',(#8344));
#8344 = SURFACE_STYLE_FILL_AREA(#8345);
#8345 = FILL_AREA_STYLE('',(#8346));
#8346 = FILL_AREA_STYLE_COLOUR('',#8325);
#8347 = STYLED_ITEM('color',(#8348),#2532);
#8348 = PRESENTATION_STYLE_ASSIGNMENT((#8349));
#8349 = SURFACE_STYLE_USAGE(.BOTH.,#8350);
#8350 = SURFACE_SIDE_STYLE('',(#8351));
#8351 = SURFACE_STYLE_FILL_AREA(#8352);
#8352 = FILL_AREA_STYLE('',(#8353));
#8353 = FILL_AREA_STYLE_COLOUR('',#8325);
#8354 = STYLED_ITEM('color',(#8355),#2862);
#8355 = PRESENTATION_STYLE_ASSIGNMENT((#8356));
#8356 = SURFACE_STYLE_USAGE(.BOTH.,#8357);
#8357 = SURFACE_SIDE_STYLE('',(#8358));
#8358 = SURFACE_STYLE_FILL_AREA(#8359);
#8359 = FILL_AREA_STYLE('',(#8360));
#8360 = FILL_AREA_STYLE_COLOUR('',#8325);
#8361 = STYLED_ITEM('color',(#8362),#3192);
#8362 = PRESENTATION_STYLE_ASSIGNMENT((#8363));
#8363 = SURFACE_STYLE_USAGE(.BOTH.,#8364);
#8364 = SURFACE_SIDE_STYLE('',(#8365));
#8365 = SURFACE_STYLE_FILL_AREA(#8366);
#8366 = FILL_AREA_STYLE('',(#8367));
#8367 = FILL_AREA_STYLE_COLOUR('',#8325);
#8368 = MECHANICAL_DESIGN_GEOMETRIC_PRESENTATION_REPRESENTATION('',(
    #8369),#1308);
#8369 = STYLED_ITEM('color',(#8370),#1122);
#8370 = PRESENTATION_STYLE_ASSIGNMENT((#8371));
#8371 = SURFACE_STYLE_USAGE(.BOTH.,#8372);
#8372 = SURFACE_SIDE_STYLE('',(#8373,#8377));
#8373 = SURFACE_STYLE_FILL_AREA(#8374);
#8374 = FILL_AREA_STYLE('',(#8375));
#8375 = FILL_AREA_STYLE_COLOUR('',#8376);
#8376 = COLOUR_RGB('',0.36000000506,0.610000008801,0.850000012718);
#8377 = SURFACE_STYLE_RENDERING_WITH_PROPERTIES(.NORMAL_SHADING.,#8376,(
    #8378));
#8378 = SURFACE_STYLE_TRANSPARENT(0.699999988079);
#8379 = MECHANICAL_DESIGN_GEOMETRIC_PRESENTATION_REPRESENTATION('',(
    #8380),#7092);
#8380 = STYLED_ITEM('color',(#8381),#7034);
#8381 = PRESENTATION_STYLE_ASSIGNMENT((#8382));
#8382 = SURFACE_STYLE_USAGE(.BOTH.,#8383);
#8383 = SURFACE_SIDE_STYLE('',(#8384));
#8384 = SURFACE_STYLE_FILL_AREA(#8385);
#8385 = FILL_AREA_STYLE('',(#8386));
#8386 = FILL_AREA_STYLE_COLOUR('',#8387);
#8387 = COLOUR_RGB('',0.210000004305,0.720000003324,0.649999988539);
#8388 = MECHANICAL_DESIGN_GEOMETRIC_PRESENTATION_REPRESENTATION('',(
    #8389),#6666);
#8389 = STYLED_ITEM('color',(#8390),#6336);
#8390 = PRESENTATION_STYLE_ASSIGNMENT((#8391));
#8391 = SURFACE_STYLE_USAGE(.BOTH.,#8392);
#8392 = SURFACE_SIDE_STYLE('',(#8393));
#8393 = SURFACE_STYLE_FILL_AREA(#8394);
#8394 = FILL_AREA_STYLE('',(#8395));
#8395 = FILL_AREA_STYLE_COLOUR('',#8396);
#8396 = COLOUR_RGB('',0.729999995167,0.78000000177,0.819999987296);
#8397 = MECHANICAL_DESIGN_GEOMETRIC_PRESENTATION_REPRESENTATION('',(
    #8398,#8405,#8412,#8419,#8426,#8433,#8440),#5619);
#8398 = STYLED_ITEM('color',(#8399),#3541);
#8399 = PRESENTATION_STYLE_ASSIGNMENT((#8400));
#8400 = SURFACE_STYLE_USAGE(.BOTH.,#8401);
#8401 = SURFACE_SIDE_STYLE('',(#8402));
#8402 = SURFACE_STYLE_FILL_AREA(#8403);
#8403 = FILL_AREA_STYLE('',(#8404));
#8404 = FILL_AREA_STYLE_COLOUR('',#8325);
#8405 = STYLED_ITEM('color',(#8406),#3871);
#8406 = PRESENTATION_STYLE_ASSIGNMENT((#8407));
#8407 = SURFACE_STYLE_USAGE(.BOTH.,#8408);
#8408 = SURFACE_SIDE_STYLE('',(#8409));
#8409 = SURFACE_STYLE_FILL_AREA(#8410);
#8410 = FILL_AREA_STYLE('',(#8411));
#8411 = FILL_AREA_STYLE_COLOUR('',#8325);
#8412 = STYLED_ITEM('color',(#8413),#3969);
#8413 = PRESENTATION_STYLE_ASSIGNMENT((#8414));
#8414 = SURFACE_STYLE_USAGE(.BOTH.,#8415);
#8415 = SURFACE_SIDE_STYLE('',(#8416));
#8416 = SURFACE_STYLE_FILL_AREA(#8417);
#8417 = FILL_AREA_STYLE('',(#8418));
#8418 = FILL_AREA_STYLE_COLOUR('',#8325);
#8419 = STYLED_ITEM('color',(#8420),#4299);
#8420 = PRESENTATION_STYLE_ASSIGNMENT((#8421));
#8421 = SURFACE_STYLE_USAGE(.BOTH.,#8422);
#8422 = SURFACE_SIDE_STYLE('',(#8423));
#8423 = SURFACE_STYLE_FILL_AREA(#8424);
#8424 = FILL_AREA_STYLE('',(#8425));
#8425 = FILL_AREA_STYLE_COLOUR('',#8325);
#8426 = STYLED_ITEM('color',(#8427),#4629);
#8427 = PRESENTATION_STYLE_ASSIGNMENT((#8428));
#8428 = SURFACE_STYLE_USAGE(.BOTH.,#8429);
#8429 = SURFACE_SIDE_STYLE('',(#8430));
#8430 = SURFACE_STYLE_FILL_AREA(#8431);
#8431 = FILL_AREA_STYLE('',(#8432));
#8432 = FILL_AREA_STYLE_COLOUR('',#8325);
#8433 = STYLED_ITEM('color',(#8434),#4959);
#8434 = PRESENTATION_STYLE_ASSIGNMENT((#8435));
#8435 = SURFACE_STYLE_USAGE(.BOTH.,#8436);
#8436 = SURFACE_SIDE_STYLE('',(#8437));
#8437 = SURFACE_STYLE_FILL_AREA(#8438);
#8438 = FILL_AREA_STYLE('',(#8439));
#8439 = FILL_AREA_STYLE_COLOUR('',#8325);
#8440 = STYLED_ITEM('color',(#8441),#5289);
#8441 = PRESENTATION_STYLE_ASSIGNMENT((#8442));
#8442 = SURFACE_STYLE_USAGE(.BOTH.,#8443);
#8443 = SURFACE_SIDE_STYLE('',(#8444));
#8444 = SURFACE_STYLE_FILL_AREA(#8445);
#8445 = FILL_AREA_STYLE('',(#8446));
#8446 = FILL_AREA_STYLE_COLOUR('',#8325);
#8447 = MECHANICAL_DESIGN_GEOMETRIC_PRESENTATION_REPRESENTATION('',(
    #8448),#8026);
#8448 = STYLED_ITEM('color',(#8449),#7928);
#8449 = PRESENTATION_STYLE_ASSIGNMENT((#8450));
#8450 = SURFACE_STYLE_USAGE(.BOTH.,#8451);
#8451 = SURFACE_SIDE_STYLE('',(#8452));
#8452 = SURFACE_STYLE_FILL_AREA(#8453);
#8453 = FILL_AREA_STYLE('',(#8454));
#8454 = FILL_AREA_STYLE_COLOUR('',#8299);
#8455 = MECHANICAL_DESIGN_GEOMETRIC_PRESENTATION_REPRESENTATION('',(
    #8456),#5968);
#8456 = STYLED_ITEM('color',(#8457),#5638);
#8457 = PRESENTATION_STYLE_ASSIGNMENT((#8458));
#8458 = SURFACE_STYLE_USAGE(.BOTH.,#8459);
#8459 = SURFACE_SIDE_STYLE('',(#8460));
#8460 = SURFACE_STYLE_FILL_AREA(#8461);
#8461 = FILL_AREA_STYLE('',(#8462));
#8462 = FILL_AREA_STYLE_COLOUR('',#8396);
#8463 = MECHANICAL_DESIGN_GEOMETRIC_PRESENTATION_REPRESENTATION('',(
    #8464),#7441);
#8464 = STYLED_ITEM('color',(#8465),#7111);
#8465 = PRESENTATION_STYLE_ASSIGNMENT((#8466));
#8466 = SURFACE_STYLE_USAGE(.BOTH.,#8467);
#8467 = SURFACE_SIDE_STYLE('',(#8468));
#8468 = SURFACE_STYLE_FILL_AREA(#8469);
#8469 = FILL_AREA_STYLE('',(#8470));
#8470 = FILL_AREA_STYLE_COLOUR('',#8471);
#8471 = COLOUR_RGB('',0.109999998779,0.149999997808,0.199999998682);
#8472 = MECHANICAL_DESIGN_GEOMETRIC_PRESENTATION_REPRESENTATION('',(
    #8473),#7015);
#8473 = STYLED_ITEM('color',(#8474),#6685);
#8474 = PRESENTATION_STYLE_ASSIGNMENT((#8475));
#8475 = SURFACE_STYLE_USAGE(.BOTH.,#8476);
#8476 = SURFACE_SIDE_STYLE('',(#8477));
#8477 = SURFACE_STYLE_FILL_AREA(#8478);
#8478 = FILL_AREA_STYLE('',(#8479));
#8479 = FILL_AREA_STYLE_COLOUR('',#8396);
#8480 = MECHANICAL_DESIGN_GEOMETRIC_PRESENTATION_REPRESENTATION('',(
    #8481),#7792);
#8481 = STYLED_ITEM('color',(#8482),#7694);
#8482 = PRESENTATION_STYLE_ASSIGNMENT((#8483));
#8483 = SURFACE_STYLE_USAGE(.BOTH.,#8484);
#8484 = SURFACE_SIDE_STYLE('',(#8485));
#8485 = SURFACE_STYLE_FILL_AREA(#8486);
#8486 = FILL_AREA_STYLE('',(#8487));
#8487 = FILL_AREA_STYLE_COLOUR('',#8299);
#8488 = MECHANICAL_DESIGN_GEOMETRIC_PRESENTATION_REPRESENTATION('',(
    #8489),#6317);
#8489 = STYLED_ITEM('color',(#8490),#5987);
#8490 = PRESENTATION_STYLE_ASSIGNMENT((#8491));
#8491 = SURFACE_STYLE_USAGE(.BOTH.,#8492);
#8492 = SURFACE_SIDE_STYLE('',(#8493));
#8493 = SURFACE_STYLE_FILL_AREA(#8494);
#8494 = FILL_AREA_STYLE('',(#8495));
#8495 = FILL_AREA_STYLE_COLOUR('',#8396);
#8496 = MECHANICAL_DESIGN_GEOMETRIC_PRESENTATION_REPRESENTATION('',(
    #8497),#7558);
#8497 = STYLED_ITEM('color',(#8498),#7460);
#8498 = PRESENTATION_STYLE_ASSIGNMENT((#8499));
#8499 = SURFACE_STYLE_USAGE(.BOTH.,#8500);
#8500 = SURFACE_SIDE_STYLE('',(#8501));
#8501 = SURFACE_STYLE_FILL_AREA(#8502);
#8502 = FILL_AREA_STYLE('',(#8503));
#8503 = FILL_AREA_STYLE_COLOUR('',#8299);
#8504 = MECHANICAL_DESIGN_GEOMETRIC_PRESENTATION_REPRESENTATION('',(
    #8505),#7675);
#8505 = STYLED_ITEM('color',(#8506),#7577);
#8506 = PRESENTATION_STYLE_ASSIGNMENT((#8507));
#8507 = SURFACE_STYLE_USAGE(.BOTH.,#8508);
#8508 = SURFACE_SIDE_STYLE('',(#8509));
#8509 = SURFACE_STYLE_FILL_AREA(#8510);
#8510 = FILL_AREA_STYLE('',(#8511));
#8511 = FILL_AREA_STYLE_COLOUR('',#8299);
#8512 = MECHANICAL_DESIGN_GEOMETRIC_PRESENTATION_REPRESENTATION('',(
    #8513),#8260);
#8513 = STYLED_ITEM('color',(#8514),#8162);
#8514 = PRESENTATION_STYLE_ASSIGNMENT((#8515));
#8515 = SURFACE_STYLE_USAGE(.BOTH.,#8516);
#8516 = SURFACE_SIDE_STYLE('',(#8517));
#8517 = SURFACE_STYLE_FILL_AREA(#8518);
#8518 = FILL_AREA_STYLE('',(#8519));
#8519 = FILL_AREA_STYLE_COLOUR('',#8299);
ENDSEC;
END-ISO-10303-21;
